date,store_id,product_id,quantity_on_hand
2025-06-08,ST01,P001,120
2025-06-08,ST01,P002,167
2025-06-08,ST01,P003,105
2025-06-08,ST01,P004,157
2025-06-08,ST01,P005,177
2025-06-08,ST01,P006,106
2025-06-08,ST01,P007,192
2025-06-08,ST01,P008,119
2025-06-08,ST01,P009,160
2025-06-08,ST01,P010,162
2025-06-08,ST01,P011,146
2025-06-08,ST01,P012,176
2025-06-08,ST01,P013,145
2025-06-08,ST01,P014,122
2025-06-08,ST01,P015,125
2025-06-08,ST01,P016,116
2025-06-08,ST01,P017,116
2025-06-08,ST01,P018,137
2025-06-08,ST01,P019,150
2025-06-08,ST01,P020,102
2025-06-08,ST01,P021,124
2025-06-08,ST01,P022,143
2025-06-08,ST01,P023,143
2025-06-08,ST01,P024,113
2025-06-08,ST01,P025,107
2025-06-08,ST01,P026,131
2025-06-08,ST01,P027,197
2025-06-08,ST01,P028,184
2025-06-08,ST01,P029,111
2025-06-08,ST01,P030,112
2025-06-08,ST02,P001,179
2025-06-08,ST02,P002,109
2025-06-08,ST02,P003,140
2025-06-08,ST02,P004,107
2025-06-08,ST02,P005,113
2025-06-08,ST02,P006,146
2025-06-08,ST02,P007,98
2025-06-08,ST02,P008,134
2025-06-08,ST02,P009,138
2025-06-08,ST02,P010,136
2025-06-08,ST02,P011,131
2025-06-08,ST02,P012,124
2025-06-08,ST02,P013,133
2025-06-08,ST02,P014,152
2025-06-08,ST02,P015,186
2025-06-08,ST02,P016,166
2025-06-08,ST02,P017,77
2025-06-08,ST02,P018,160
2025-06-08,ST02,P019,130
2025-06-08,ST02,P020,115
2025-06-08,ST02,P021,113
2025-06-08,ST02,P022,141
2025-06-08,ST02,P023,102
2025-06-08,ST02,P024,115
2025-06-08,ST02,P025,168
2025-06-08,ST02,P026,112
2025-06-08,ST02,P027,138
2025-06-08,ST02,P028,119
2025-06-08,ST02,P029,179
2025-06-08,ST02,P030,108
2025-06-08,ST03,P001,128
2025-06-08,ST03,P002,105
2025-06-08,ST03,P003,130
2025-06-08,ST03,P004,135
2025-06-08,ST03,P005,172
2025-06-08,ST03,P006,101
2025-06-08,ST03,P007,96
2025-06-08,ST03,P008,98
2025-06-08,ST03,P009,133
2025-06-08,ST03,P010,129
2025-06-08,ST03,P011,117
2025-06-08,ST03,P012,66
2025-06-08,ST03,P013,128
2025-06-08,ST03,P014,114
2025-06-08,ST03,P015,147
2025-06-08,ST03,P016,112
2025-06-08,ST03,P017,143
2025-06-08,ST03,P018,173
2025-06-08,ST03,P019,154
2025-06-08,ST03,P020,150
2025-06-08,ST03,P021,100
2025-06-08,ST03,P022,82
2025-06-08,ST03,P023,100
2025-06-08,ST03,P024,131
2025-06-08,ST03,P025,144
2025-06-08,ST03,P026,102
2025-06-08,ST03,P027,152
2025-06-08,ST03,P028,176
2025-06-08,ST03,P029,160
2025-06-08,ST03,P030,89
2025-06-08,ST04,P001,138
2025-06-08,ST04,P002,108
2025-06-08,ST04,P003,92
2025-06-08,ST04,P004,151
2025-06-08,ST04,P005,136
2025-06-08,ST04,P006,85
2025-06-08,ST04,P007,154
2025-06-08,ST04,P008,124
2025-06-08,ST04,P009,111
2025-06-08,ST04,P010,118
2025-06-08,ST04,P011,110
2025-06-08,ST04,P012,179
2025-06-08,ST04,P013,119
2025-06-08,ST04,P014,185
2025-06-08,ST04,P015,126
2025-06-08,ST04,P016,102
2025-06-08,ST04,P017,131
2025-06-08,ST04,P018,105
2025-06-08,ST04,P019,151
2025-06-08,ST04,P020,116
2025-06-08,ST04,P021,95
2025-06-08,ST04,P022,128
2025-06-08,ST04,P023,139
2025-06-08,ST04,P024,128
2025-06-08,ST04,P025,124
2025-06-08,ST04,P026,132
2025-06-08,ST04,P027,113
2025-06-08,ST04,P028,122
2025-06-08,ST04,P029,113
2025-06-08,ST04,P030,161
2025-06-08,ST05,P001,130
2025-06-08,ST05,P002,143
2025-06-08,ST05,P003,167
2025-06-08,ST05,P004,132
2025-06-08,ST05,P005,97
2025-06-08,ST05,P006,121
2025-06-08,ST05,P007,113
2025-06-08,ST05,P008,109
2025-06-08,ST05,P009,97
2025-06-08,ST05,P010,141
2025-06-08,ST05,P011,143
2025-06-08,ST05,P012,114
2025-06-08,ST05,P013,124
2025-06-08,ST05,P014,134
2025-06-08,ST05,P015,149
2025-06-08,ST05,P016,142
2025-06-08,ST05,P017,121
2025-06-08,ST05,P018,148
2025-06-08,ST05,P019,133
2025-06-08,ST05,P020,107
2025-06-08,ST05,P021,80
2025-06-08,ST05,P022,130
2025-06-08,ST05,P023,96
2025-06-08,ST05,P024,164
2025-06-08,ST05,P025,132
2025-06-08,ST05,P026,116
2025-06-08,ST05,P027,112
2025-06-08,ST05,P028,154
2025-06-08,ST05,P029,147
2025-06-08,ST05,P030,145
2025-06-09,ST01,P001,117
2025-06-09,ST01,P002,162
2025-06-09,ST01,P003,101
2025-06-09,ST01,P004,155
2025-06-09,ST01,P005,175
2025-06-09,ST01,P006,104
2025-06-09,ST01,P007,185
2025-06-09,ST01,P008,108
2025-06-09,ST01,P009,156
2025-06-09,ST01,P010,159
2025-06-09,ST01,P011,143
2025-06-09,ST01,P012,166
2025-06-09,ST01,P013,142
2025-06-09,ST01,P014,111
2025-06-09,ST01,P015,119
2025-06-09,ST01,P016,114
2025-06-09,ST01,P017,109
2025-06-09,ST01,P018,129
2025-06-09,ST01,P019,144
2025-06-09,ST01,P020,98
2025-06-09,ST01,P021,116
2025-06-09,ST01,P022,140
2025-06-09,ST01,P023,138
2025-06-09,ST01,P024,109
2025-06-09,ST01,P025,98
2025-06-09,ST01,P026,120
2025-06-09,ST01,P027,194
2025-06-09,ST01,P028,183
2025-06-09,ST01,P029,109
2025-06-09,ST01,P030,104
2025-06-09,ST02,P001,170
2025-06-09,ST02,P002,105
2025-06-09,ST02,P003,134
2025-06-09,ST02,P004,100
2025-06-09,ST02,P005,109
2025-06-09,ST02,P006,138
2025-06-09,ST02,P007,93
2025-06-09,ST02,P008,121
2025-06-09,ST02,P009,135
2025-06-09,ST02,P010,135
2025-06-09,ST02,P011,125
2025-06-09,ST02,P012,122
2025-06-09,ST02,P013,130
2025-06-09,ST02,P014,144
2025-06-09,ST02,P015,181
2025-06-09,ST02,P016,163
2025-06-09,ST02,P017,75
2025-06-09,ST02,P018,151
2025-06-09,ST02,P019,116
2025-06-09,ST02,P020,112
2025-06-09,ST02,P021,111
2025-06-09,ST02,P022,139
2025-06-09,ST02,P023,95
2025-06-09,ST02,P024,107
2025-06-09,ST02,P025,166
2025-06-09,ST02,P026,107
2025-06-09,ST02,P027,131
2025-06-09,ST02,P028,114
2025-06-09,ST02,P029,174
2025-06-09,ST02,P030,99
2025-06-09,ST03,P001,124
2025-06-09,ST03,P002,98
2025-06-09,ST03,P003,126
2025-06-09,ST03,P004,133
2025-06-09,ST03,P005,168
2025-06-09,ST03,P006,89
2025-06-09,ST03,P007,92
2025-06-09,ST03,P008,93
2025-06-09,ST03,P009,124
2025-06-09,ST03,P010,128
2025-06-09,ST03,P011,114
2025-06-09,ST03,P012,60
2025-06-09,ST03,P013,124
2025-06-09,ST03,P014,112
2025-06-09,ST03,P015,143
2025-06-09,ST03,P016,110
2025-06-09,ST03,P017,136
2025-06-09,ST03,P018,168
2025-06-09,ST03,P019,145
2025-06-09,ST03,P020,141
2025-06-09,ST03,P021,98
2025-06-09,ST03,P022,79
2025-06-09,ST03,P023,96
2025-06-09,ST03,P024,128
2025-06-09,ST03,P025,142
2025-06-09,ST03,P026,92
2025-06-09,ST03,P027,147
2025-06-09,ST03,P028,173
2025-06-09,ST03,P029,156
2025-06-09,ST03,P030,80
2025-06-09,ST04,P001,134
2025-06-09,ST04,P002,106
2025-06-09,ST04,P003,89
2025-06-09,ST04,P004,148
2025-06-09,ST04,P005,130
2025-06-09,ST04,P006,79
2025-06-09,ST04,P007,150
2025-06-09,ST04,P008,116
2025-06-09,ST04,P009,108
2025-06-09,ST04,P010,115
2025-06-09,ST04,P011,105
2025-06-09,ST04,P012,170
2025-06-09,ST04,P013,116
2025-06-09,ST04,P014,181
2025-06-09,ST04,P015,122
2025-06-09,ST04,P016,98
2025-06-09,ST04,P017,126
2025-06-09,ST04,P018,101
2025-06-09,ST04,P019,144
2025-06-09,ST04,P020,114
2025-06-09,ST04,P021,90
2025-06-09,ST04,P022,122
2025-06-09,ST04,P023,137
2025-06-09,ST04,P024,119
2025-06-09,ST04,P025,118
2025-06-09,ST04,P026,122
2025-06-09,ST04,P027,105
2025-06-09,ST04,P028,113
2025-06-09,ST04,P029,109
2025-06-09,ST04,P030,157
2025-06-09,ST05,P001,129
2025-06-09,ST05,P002,140
2025-06-09,ST05,P003,164
2025-06-09,ST05,P004,128
2025-06-09,ST05,P005,88
2025-06-09,ST05,P006,117
2025-06-09,ST05,P007,106
2025-06-09,ST05,P008,106
2025-06-09,ST05,P009,94
2025-06-09,ST05,P010,137
2025-06-09,ST05,P011,133
2025-06-09,ST05,P012,106
2025-06-09,ST05,P013,119
2025-06-09,ST05,P014,132
2025-06-09,ST05,P015,144
2025-06-09,ST05,P016,132
2025-06-09,ST05,P017,116
2025-06-09,ST05,P018,140
2025-06-09,ST05,P019,125
2025-06-09,ST05,P020,105
2025-06-09,ST05,P021,75
2025-06-09,ST05,P022,126
2025-06-09,ST05,P023,84
2025-06-09,ST05,P024,162
2025-06-09,ST05,P025,126
2025-06-09,ST05,P026,114
2025-06-09,ST05,P027,109
2025-06-09,ST05,P028,147
2025-06-09,ST05,P029,138
2025-06-09,ST05,P030,142
2025-06-10,ST01,P001,117
2025-06-10,ST01,P002,154
2025-06-10,ST01,P003,97
2025-06-10,ST01,P004,154
2025-06-10,ST01,P005,173
2025-06-10,ST01,P006,101
2025-06-10,ST01,P007,181
2025-06-10,ST01,P008,98
2025-06-10,ST01,P009,153
2025-06-10,ST01,P010,158
2025-06-10,ST01,P011,138
2025-06-10,ST01,P012,154
2025-06-10,ST01,P013,135
2025-06-10,ST01,P014,103
2025-06-10,ST01,P015,111
2025-06-10,ST01,P016,113
2025-06-10,ST01,P017,99
2025-06-10,ST01,P018,123
2025-06-10,ST01,P019,138
2025-06-10,ST01,P020,94
2025-06-10,ST01,P021,112
2025-06-10,ST01,P022,138
2025-06-10,ST01,P023,130
2025-06-10,ST01,P024,102
2025-06-10,ST01,P025,87
2025-06-10,ST01,P026,113
2025-06-10,ST01,P027,189
2025-06-10,ST01,P028,176
2025-06-10,ST01,P029,108
2025-06-10,ST01,P030,96
2025-06-10,ST02,P001,164
2025-06-10,ST02,P002,101
2025-06-10,ST02,P003,125
2025-06-10,ST02,P004,98
2025-06-10,ST02,P005,106
2025-06-10,ST02,P006,127
2025-06-10,ST02,P007,90
2025-06-10,ST02,P008,110
2025-06-10,ST02,P009,133
2025-06-10,ST02,P010,134
2025-06-10,ST02,P011,120
2025-06-10,ST02,P012,121
2025-06-10,ST02,P013,121
2025-06-10,ST02,P014,138
2025-06-10,ST02,P015,171
2025-06-10,ST02,P016,160
2025-06-10,ST02,P017,73
2025-06-10,ST02,P018,145
2025-06-10,ST02,P019,108
2025-06-10,ST02,P020,109
2025-06-10,ST02,P021,104
2025-06-10,ST02,P022,137
2025-06-10,ST02,P023,86
2025-06-10,ST02,P024,98
2025-06-10,ST02,P025,164
2025-06-10,ST02,P026,100
2025-06-10,ST02,P027,127
2025-06-10,ST02,P028,111
2025-06-10,ST02,P029,167
2025-06-10,ST02,P030,94
2025-06-10,ST03,P001,121
2025-06-10,ST03,P002,95
2025-06-10,ST03,P003,119
2025-06-10,ST03,P004,128
2025-06-10,ST03,P005,162
2025-06-10,ST03,P006,79
2025-06-10,ST03,P007,87
2025-06-10,ST03,P008,91
2025-06-10,ST03,P009,120
2025-06-10,ST03,P010,125
2025-06-10,ST03,P011,110
2025-06-10,ST03,P012,59
2025-06-10,ST03,P013,119
2025-06-10,ST03,P014,109
2025-06-10,ST03,P015,141
2025-06-10,ST03,P016,108
2025-06-10,ST03,P017,127
2025-06-10,ST03,P018,166
2025-06-10,ST03,P019,140
2025-06-10,ST03,P020,132
2025-06-10,ST03,P021,97
2025-06-10,ST03,P022,75
2025-06-10,ST03,P023,92
2025-06-10,ST03,P024,124
2025-06-10,ST03,P025,139
2025-06-10,ST03,P026,81
2025-06-10,ST03,P027,140
2025-06-10,ST03,P028,168
2025-06-10,ST03,P029,150
2025-06-10,ST03,P030,76
2025-06-10,ST04,P001,130
2025-06-10,ST04,P002,105
2025-06-10,ST04,P003,83
2025-06-10,ST04,P004,144
2025-06-10,ST04,P005,126
2025-06-10,ST04,P006,69
2025-06-10,ST04,P007,143
2025-06-10,ST04,P008,113
2025-06-10,ST04,P009,106
2025-06-10,ST04,P010,110
2025-06-10,ST04,P011,103
2025-06-10,ST04,P012,166
2025-06-10,ST04,P013,111
2025-06-10,ST04,P014,178
2025-06-10,ST04,P015,118
2025-06-10,ST04,P016,93
2025-06-10,ST04,P017,124
2025-06-10,ST04,P018,99
2025-06-10,ST04,P019,139
2025-06-10,ST04,P020,108
2025-06-10,ST04,P021,81
2025-06-10,ST04,P022,117
2025-06-10,ST04,P023,135
2025-06-10,ST04,P024,112
2025-06-10,ST04,P025,111
2025-06-10,ST04,P026,112
2025-06-10,ST04,P027,100
2025-06-10,ST04,P028,106
2025-06-10,ST04,P029,106
2025-06-10,ST04,P030,153
2025-06-10,ST05,P001,124
2025-06-10,ST05,P002,134
2025-06-10,ST05,P003,162
2025-06-10,ST05,P004,124
2025-06-10,ST05,P005,78
2025-06-10,ST05,P006,114
2025-06-10,ST05,P007,100
2025-06-10,ST05,P008,101
2025-06-10,ST05,P009,89
2025-06-10,ST05,P010,128
2025-06-10,ST05,P011,122
2025-06-10,ST05,P012,104
2025-06-10,ST05,P013,113
2025-06-10,ST05,P014,130
2025-06-10,ST05,P015,141
2025-06-10,ST05,P016,122
2025-06-10,ST05,P017,112
2025-06-10,ST05,P018,136
2025-06-10,ST05,P019,119
2025-06-10,ST05,P020,103
2025-06-10,ST05,P021,68
2025-06-10,ST05,P022,122
2025-06-10,ST05,P023,78
2025-06-10,ST05,P024,159
2025-06-10,ST05,P025,117
2025-06-10,ST05,P026,111
2025-06-10,ST05,P027,109
2025-06-10,ST05,P028,144
2025-06-10,ST05,P029,133
2025-06-10,ST05,P030,136
2025-06-11,ST01,P001,114
2025-06-11,ST01,P002,147
2025-06-11,ST01,P003,94
2025-06-11,ST01,P004,152
2025-06-11,ST01,P005,171
2025-06-11,ST01,P006,99
2025-06-11,ST01,P007,177
2025-06-11,ST01,P008,92
2025-06-11,ST01,P009,147
2025-06-11,ST01,P010,156
2025-06-11,ST01,P011,133
2025-06-11,ST01,P012,149
2025-06-11,ST01,P013,131
2025-06-11,ST01,P014,91
2025-06-11,ST01,P015,106
2025-06-11,ST01,P016,112
2025-06-11,ST01,P017,93
2025-06-11,ST01,P018,119
2025-06-11,ST01,P019,131
2025-06-11,ST01,P020,92
2025-06-11,ST01,P021,103
2025-06-11,ST01,P022,136
2025-06-11,ST01,P023,126
2025-06-11,ST01,P024,96
2025-06-11,ST01,P025,82
2025-06-11,ST01,P026,107
2025-06-11,ST01,P027,185
2025-06-11,ST01,P028,170
2025-06-11,ST01,P029,105
2025-06-11,ST01,P030,89
2025-06-11,ST02,P001,154
2025-06-11,ST02,P002,96
2025-06-11,ST02,P003,116
2025-06-11,ST02,P004,92
2025-06-11,ST02,P005,102
2025-06-11,ST02,P006,121
2025-06-11,ST02,P007,85
2025-06-11,ST02,P008,99
2025-06-11,ST02,P009,130
2025-06-11,ST02,P010,132
2025-06-11,ST02,P011,116
2025-06-11,ST02,P012,120
2025-06-11,ST02,P013,108
2025-06-11,ST02,P014,126
2025-06-11,ST02,P015,159
2025-06-11,ST02,P016,154
2025-06-11,ST02,P017,70
2025-06-11,ST02,P018,140
2025-06-11,ST02,P019,93
2025-06-11,ST02,P020,107
2025-06-11,ST02,P021,98
2025-06-11,ST02,P022,136
2025-06-11,ST02,P023,79
2025-06-11,ST02,P024,91
2025-06-11,ST02,P025,162
2025-06-11,ST02,P026,95
2025-06-11,ST02,P027,123
2025-06-11,ST02,P028,109
2025-06-11,ST02,P029,163
2025-06-11,ST02,P030,91
2025-06-11,ST03,P001,117
2025-06-11,ST03,P002,90
2025-06-11,ST03,P003,112
2025-06-11,ST03,P004,125
2025-06-11,ST03,P005,157
2025-06-11,ST03,P006,72
2025-06-11,ST03,P007,79
2025-06-11,ST03,P008,87
2025-06-11,ST03,P009,112
2025-06-11,ST03,P010,122
2025-06-11,ST03,P011,106
2025-06-11,ST03,P012,56
2025-06-11,ST03,P013,114
2025-06-11,ST03,P014,105
2025-06-11,ST03,P015,137
2025-06-11,ST03,P016,106
2025-06-11,ST03,P017,122
2025-06-11,ST03,P018,163
2025-06-11,ST03,P019,131
2025-06-11,ST03,P020,125
2025-06-11,ST03,P021,96
2025-06-11,ST03,P022,71
2025-06-11,ST03,P023,86
2025-06-11,ST03,P024,123
2025-06-11,ST03,P025,138
2025-06-11,ST03,P026,70
2025-06-11,ST03,P027,133
2025-06-11,ST03,P028,162
2025-06-11,ST03,P029,141
2025-06-11,ST03,P030,67
2025-06-11,ST04,P001,129
2025-06-11,ST04,P002,102
2025-06-11,ST04,P003,77
2025-06-11,ST04,P004,139
2025-06-11,ST04,P005,124
2025-06-11,ST04,P006,60
2025-06-11,ST04,P007,136
2025-06-11,ST04,P008,105
2025-06-11,ST04,P009,104
2025-06-11,ST04,P010,107
2025-06-11,ST04,P011,98
2025-06-11,ST04,P012,158
2025-06-11,ST04,P013,108
2025-06-11,ST04,P014,175
2025-06-11,ST04,P015,111
2025-06-11,ST04,P016,86
2025-06-11,ST04,P017,122
2025-06-11,ST04,P018,95
2025-06-11,ST04,P019,133
2025-06-11,ST04,P020,105
2025-06-11,ST04,P021,69
2025-06-11,ST04,P022,111
2025-06-11,ST04,P023,133
2025-06-11,ST04,P024,102
2025-06-11,ST04,P025,104
2025-06-11,ST04,P026,104
2025-06-11,ST04,P027,91
2025-06-11,ST04,P028,100
2025-06-11,ST04,P029,103
2025-06-11,ST04,P030,145
2025-06-11,ST05,P001,121
2025-06-11,ST05,P002,129
2025-06-11,ST05,P003,160
2025-06-11,ST05,P004,120
2025-06-11,ST05,P005,68
2025-06-11,ST05,P006,111
2025-06-11,ST05,P007,91
2025-06-11,ST05,P008,95
2025-06-11,ST05,P009,83
2025-06-11,ST05,P010,116
2025-06-11,ST05,P011,113
2025-06-11,ST05,P012,98
2025-06-11,ST05,P013,106
2025-06-11,ST05,P014,128
2025-06-11,ST05,P015,138
2025-06-11,ST05,P016,112
2025-06-11,ST05,P017,103
2025-06-11,ST05,P018,130
2025-06-11,ST05,P019,115
2025-06-11,ST05,P020,101
2025-06-11,ST05,P021,65
2025-06-11,ST05,P022,116
2025-06-11,ST05,P023,71
2025-06-11,ST05,P024,156
2025-06-11,ST05,P025,115
2025-06-11,ST05,P026,109
2025-06-11,ST05,P027,105
2025-06-11,ST05,P028,137
2025-06-11,ST05,P029,125
2025-06-11,ST05,P030,134
2025-06-12,ST01,P001,113
2025-06-12,ST01,P002,136
2025-06-12,ST01,P003,87
2025-06-12,ST01,P004,150
2025-06-12,ST01,P005,170
2025-06-12,ST01,P006,96
2025-06-12,ST01,P007,175
2025-06-12,ST01,P008,84
2025-06-12,ST01,P009,142
2025-06-12,ST01,P010,154
2025-06-12,ST01,P011,129
2025-06-12,ST01,P012,141
2025-06-12,ST01,P013,126
2025-06-12,ST01,P014,79
2025-06-12,ST01,P015,100
2025-06-12,ST01,P016,111
2025-06-12,ST01,P017,84
2025-06-12,ST01,P018,112
2025-06-12,ST01,P019,128
2025-06-12,ST01,P020,88
2025-06-12,ST01,P021,94
2025-06-12,ST01,P022,133
2025-06-12,ST01,P023,120
2025-06-12,ST01,P024,93
2025-06-12,ST01,P025,73
2025-06-12,ST01,P026,103
2025-06-12,ST01,P027,181
2025-06-12,ST01,P028,163
2025-06-12,ST01,P029,102
2025-06-12,ST01,P030,78
2025-06-12,ST02,P001,148
2025-06-12,ST02,P002,92
2025-06-12,ST02,P003,108
2025-06-12,ST02,P004,85
2025-06-12,ST02,P005,100
2025-06-12,ST02,P006,115
2025-06-12,ST02,P007,77
2025-06-12,ST02,P008,88
2025-06-12,ST02,P009,122
2025-06-12,ST02,P010,130
2025-06-12,ST02,P011,112
2025-06-12,ST02,P012,118
2025-06-12,ST02,P013,100
2025-06-12,ST02,P014,122
2025-06-12,ST02,P015,154
2025-06-12,ST02,P016,151
2025-06-12,ST02,P017,69
2025-06-12,ST02,P018,133
2025-06-12,ST02,P019,83
2025-06-12,ST02,P020,104
2025-06-12,ST02,P021,94
2025-06-12,ST02,P022,135
2025-06-12,ST02,P023,69
2025-06-12,ST02,P024,86
2025-06-12,ST02,P025,159
2025-06-12,ST02,P026,90
2025-06-12,ST02,P027,119
2025-06-12,ST02,P028,104
2025-06-12,ST02,P029,154
2025-06-12,ST02,P030,84
2025-06-12,ST03,P001,114
2025-06-12,ST03,P002,84
2025-06-12,ST03,P003,104
2025-06-12,ST03,P004,123
2025-06-12,ST03,P005,153
2025-06-12,ST03,P006,67
2025-06-12,ST03,P007,71
2025-06-12,ST03,P008,85
2025-06-12,ST03,P009,104
2025-06-12,ST03,P010,120
2025-06-12,ST03,P011,104
2025-06-12,ST03,P012,53
2025-06-12,ST03,P013,104
2025-06-12,ST03,P014,101
2025-06-12,ST03,P015,133
2025-06-12,ST03,P016,104
2025-06-12,ST03,P017,115
2025-06-12,ST03,P018,158
2025-06-12,ST03,P019,124
2025-06-12,ST03,P020,115
2025-06-12,ST03,P021,93
2025-06-12,ST03,P022,68
2025-06-12,ST03,P023,81
2025-06-12,ST03,P024,120
2025-06-12,ST03,P025,135
2025-06-12,ST03,P026,59
2025-06-12,ST03,P027,124
2025-06-12,ST03,P028,156
2025-06-12,ST03,P029,133
2025-06-12,ST03,P030,57
2025-06-12,ST04,P001,127
2025-06-12,ST04,P002,99
2025-06-12,ST04,P003,73
2025-06-12,ST04,P004,137
2025-06-12,ST04,P005,120
2025-06-12,ST04,P006,53
2025-06-12,ST04,P007,128
2025-06-12,ST04,P008,96
2025-06-12,ST04,P009,103
2025-06-12,ST04,P010,104
2025-06-12,ST04,P011,94
2025-06-12,ST04,P012,147
2025-06-12,ST04,P013,106
2025-06-12,ST04,P014,172
2025-06-12,ST04,P015,106
2025-06-12,ST04,P016,79
2025-06-12,ST04,P017,118
2025-06-12,ST04,P018,91
2025-06-12,ST04,P019,125
2025-06-12,ST04,P020,98
2025-06-12,ST04,P021,65
2025-06-12,ST04,P022,105
2025-06-12,ST04,P023,131
2025-06-12,ST04,P024,92
2025-06-12,ST04,P025,96
2025-06-12,ST04,P026,95
2025-06-12,ST04,P027,83
2025-06-12,ST04,P028,91
2025-06-12,ST04,P029,100
2025-06-12,ST04,P030,139
2025-06-12,ST05,P001,118
2025-06-12,ST05,P002,124
2025-06-12,ST05,P003,158
2025-06-12,ST05,P004,116
2025-06-12,ST05,P005,62
2025-06-12,ST05,P006,106
2025-06-12,ST05,P007,88
2025-06-12,ST05,P008,90
2025-06-12,ST05,P009,78
2025-06-12,ST05,P010,108
2025-06-12,ST05,P011,104
2025-06-12,ST05,P012,93
2025-06-12,ST05,P013,94
2025-06-12,ST05,P014,125
2025-06-12,ST05,P015,133
2025-06-12,ST05,P016,106
2025-06-12,ST05,P017,100
2025-06-12,ST05,P018,126
2025-06-12,ST05,P019,109
2025-06-12,ST05,P020,99
2025-06-12,ST05,P021,58
2025-06-12,ST05,P022,111
2025-06-12,ST05,P023,62
2025-06-12,ST05,P024,154
2025-06-12,ST05,P025,103
2025-06-12,ST05,P026,108
2025-06-12,ST05,P027,101
2025-06-12,ST05,P028,129
2025-06-12,ST05,P029,118
2025-06-12,ST05,P030,129
2025-06-13,ST01,P001,111
2025-06-13,ST01,P002,127
2025-06-13,ST01,P003,82
2025-06-13,ST01,P004,147
2025-06-13,ST01,P005,168
2025-06-13,ST01,P006,93
2025-06-13,ST01,P007,170
2025-06-13,ST01,P008,77
2025-06-13,ST01,P009,140
2025-06-13,ST01,P010,152
2025-06-13,ST01,P011,126
2025-06-13,ST01,P012,129
2025-06-13,ST01,P013,119
2025-06-13,ST01,P014,75
2025-06-13,ST01,P015,92
2025-06-13,ST01,P016,109
2025-06-13,ST01,P017,76
2025-06-13,ST01,P018,103
2025-06-13,ST01,P019,122
2025-06-13,ST01,P020,86
2025-06-13,ST01,P021,86
2025-06-13,ST01,P022,130
2025-06-13,ST01,P023,118
2025-06-13,ST01,P024,88
2025-06-13,ST01,P025,64
2025-06-13,ST01,P026,98
2025-06-13,ST01,P027,176
2025-06-13,ST01,P028,159
2025-06-13,ST01,P029,100
2025-06-13,ST01,P030,72
2025-06-13,ST02,P001,138
2025-06-13,ST02,P002,89
2025-06-13,ST02,P003,101
2025-06-13,ST02,P004,78
2025-06-13,ST02,P005,98
2025-06-13,ST02,P006,106
2025-06-13,ST02,P007,72
2025-06-13,ST02,P008,80
2025-06-13,ST02,P009,118
2025-06-13,ST02,P010,129
2025-06-13,ST02,P011,108
2025-06-13,ST02,P012,116
2025-06-13,ST02,P013,91
2025-06-13,ST02,P014,115
2025-06-13,ST02,P015,143
2025-06-13,ST02,P016,149
2025-06-13,ST02,P017,68
2025-06-13,ST02,P018,127
2025-06-13,ST02,P019,78
2025-06-13,ST02,P020,102
2025-06-13,ST02,P021,88
2025-06-13,ST02,P022,134
2025-06-13,ST02,P023,66
2025-06-13,ST02,P024,78
2025-06-13,ST02,P025,157
2025-06-13,ST02,P026,86
2025-06-13,ST02,P027,114
2025-06-13,ST02,P028,100
2025-06-13,ST02,P029,145
2025-06-13,ST02,P030,79
2025-06-13,ST03,P001,110
2025-06-13,ST03,P002,79
2025-06-13,ST03,P003,98
2025-06-13,ST03,P004,121
2025-06-13,ST03,P005,149
2025-06-13,ST03,P006,56
2025-06-13,ST03,P007,67
2025-06-13,ST03,P008,80
2025-06-13,ST03,P009,100
2025-06-13,ST03,P010,118
2025-06-13,ST03,P011,101
2025-06-13,ST03,P012,48
2025-06-13,ST03,P013,99
2025-06-13,ST03,P014,97
2025-06-13,ST03,P015,131
2025-06-13,ST03,P016,103
2025-06-13,ST03,P017,109
2025-06-13,ST03,P018,155
2025-06-13,ST03,P019,113
2025-06-13,ST03,P020,105
2025-06-13,ST03,P021,91
2025-06-13,ST03,P022,63
2025-06-13,ST03,P023,77
2025-06-13,ST03,P024,119
2025-06-13,ST03,P025,132
2025-06-13,ST03,P026,52
2025-06-13,ST03,P027,119
2025-06-13,ST03,P028,151
2025-06-13,ST03,P029,129
2025-06-13,ST03,P030,45
2025-06-13,ST04,P001,124
2025-06-13,ST04,P002,97
2025-06-13,ST04,P003,71
2025-06-13,ST04,P004,134
2025-06-13,ST04,P005,116
2025-06-13,ST04,P006,44
2025-06-13,ST04,P007,121
2025-06-13,ST04,P008,92
2025-06-13,ST04,P009,101
2025-06-13,ST04,P010,102
2025-06-13,ST04,P011,90
2025-06-13,ST04,P012,143
2025-06-13,ST04,P013,104
2025-06-13,ST04,P014,169
2025-06-13,ST04,P015,102
2025-06-13,ST04,P016,74
2025-06-13,ST04,P017,115
2025-06-13,ST04,P018,87
2025-06-13,ST04,P019,115
2025-06-13,ST04,P020,90
2025-06-13,ST04,P021,59
2025-06-13,ST04,P022,99
2025-06-13,ST04,P023,129
2025-06-13,ST04,P024,82
2025-06-13,ST04,P025,88
2025-06-13,ST04,P026,87
2025-06-13,ST04,P027,74
2025-06-13,ST04,P028,88
2025-06-13,ST04,P029,97
2025-06-13,ST04,P030,134
2025-06-13,ST05,P001,116
2025-06-13,ST05,P002,118
2025-06-13,ST05,P003,156
2025-06-13,ST05,P004,111
2025-06-13,ST05,P005,50
2025-06-13,ST05,P006,101
2025-06-13,ST05,P007,80
2025-06-13,ST05,P008,88
2025-06-13,ST05,P009,73
2025-06-13,ST05,P010,97
2025-06-13,ST05,P011,98
2025-06-13,ST05,P012,86
2025-06-13,ST05,P013,87
2025-06-13,ST05,P014,121
2025-06-13,ST05,P015,130
2025-06-13,ST05,P016,93
2025-06-13,ST05,P017,96
2025-06-13,ST05,P018,120
2025-06-13,ST05,P019,103
2025-06-13,ST05,P020,96
2025-06-13,ST05,P021,55
2025-06-13,ST05,P022,105
2025-06-13,ST05,P023,58
2025-06-13,ST05,P024,150
2025-06-13,ST05,P025,91
2025-06-13,ST05,P026,106
2025-06-13,ST05,P027,98
2025-06-13,ST05,P028,121
2025-06-13,ST05,P029,116
2025-06-13,ST05,P030,126
2025-06-14,ST01,P001,107
2025-06-14,ST01,P002,122
2025-06-14,ST01,P003,76
2025-06-14,ST01,P004,144
2025-06-14,ST01,P005,167
2025-06-14,ST01,P006,92
2025-06-14,ST01,P007,165
2025-06-14,ST01,P008,70
2025-06-14,ST01,P009,134
2025-06-14,ST01,P010,151
2025-06-14,ST01,P011,122
2025-06-14,ST01,P012,116
2025-06-14,ST01,P013,114
2025-06-14,ST01,P014,61
2025-06-14,ST01,P015,83
2025-06-14,ST01,P016,107
2025-06-14,ST01,P017,68
2025-06-14,ST01,P018,97
2025-06-14,ST01,P019,118
2025-06-14,ST01,P020,82
2025-06-14,ST01,P021,79
2025-06-14,ST01,P022,128
2025-06-14,ST01,P023,114
2025-06-14,ST01,P024,83
2025-06-14,ST01,P025,53
2025-06-14,ST01,P026,90
2025-06-14,ST01,P027,170
2025-06-14,ST01,P028,153
2025-06-14,ST01,P029,97
2025-06-14,ST01,P030,67
2025-06-14,ST02,P001,130
2025-06-14,ST02,P002,86
2025-06-14,ST02,P003,96
2025-06-14,ST02,P004,69
2025-06-14,ST02,P005,95
2025-06-14,ST02,P006,99
2025-06-14,ST02,P007,67
2025-06-14,ST02,P008,75
2025-06-14,ST02,P009,112
2025-06-14,ST02,P010,127
2025-06-14,ST02,P011,104
2025-06-14,ST02,P012,113
2025-06-14,ST02,P013,86
2025-06-14,ST02,P014,108
2025-06-14,ST02,P015,136
2025-06-14,ST02,P016,145
2025-06-14,ST02,P017,66
2025-06-14,ST02,P018,117
2025-06-14,ST02,P019,67
2025-06-14,ST02,P020,100
2025-06-14,ST02,P021,82
2025-06-14,ST02,P022,133
2025-06-14,ST02,P023,55
2025-06-14,ST02,P024,68
2025-06-14,ST02,P025,155
2025-06-14,ST02,P026,81
2025-06-14,ST02,P027,110
2025-06-14,ST02,P028,97
2025-06-14,ST02,P029,135
2025-06-14,ST02,P030,73
2025-06-14,ST03,P001,107
2025-06-14,ST03,P002,74
2025-06-14,ST03,P003,94
2025-06-14,ST03,P004,117
2025-06-14,ST03,P005,142
2025-06-14,ST03,P006,43
2025-06-14,ST03,P007,58
2025-06-14,ST03,P008,74
2025-06-14,ST03,P009,99
2025-06-14,ST03,P010,116
2025-06-14,ST03,P011,99
2025-06-14,ST03,P012,44
2025-06-14,ST03,P013,96
2025-06-14,ST03,P014,94
2025-06-14,ST03,P015,127
2025-06-14,ST03,P016,101
2025-06-14,ST03,P017,99
2025-06-14,ST03,P018,152
2025-06-14,ST03,P019,107
2025-06-14,ST03,P020,94
2025-06-14,ST03,P021,90
2025-06-14,ST03,P022,61
2025-06-14,ST03,P023,71
2025-06-14,ST03,P024,117
2025-06-14,ST03,P025,129
2025-06-14,ST03,P026,43
2025-06-14,ST03,P027,113
2025-06-14,ST03,P028,147
2025-06-14,ST03,P029,121
2025-06-14,ST03,P030,40
2025-06-14,ST04,P001,121
2025-06-14,ST04,P002,96
2025-06-14,ST04,P003,66
2025-06-14,ST04,P004,130
2025-06-14,ST04,P005,111
2025-06-14,ST04,P006,39
2025-06-14,ST04,P007,115
2025-06-14,ST04,P008,82
2025-06-14,ST04,P009,99
2025-06-14,ST04,P010,97
2025-06-14,ST04,P011,85
2025-06-14,ST04,P012,136
2025-06-14,ST04,P013,99
2025-06-14,ST04,P014,166
2025-06-14,ST04,P015,97
2025-06-14,ST04,P016,67
2025-06-14,ST04,P017,111
2025-06-14,ST04,P018,83
2025-06-14,ST04,P019,106
2025-06-14,ST04,P020,88
2025-06-14,ST04,P021,52
2025-06-14,ST04,P022,93
2025-06-14,ST04,P023,128
2025-06-14,ST04,P024,69
2025-06-14,ST04,P025,80
2025-06-14,ST04,P026,84
2025-06-14,ST04,P027,71
2025-06-14,ST04,P028,76
2025-06-14,ST04,P029,95
2025-06-14,ST04,P030,129
2025-06-14,ST05,P001,112
2025-06-14,ST05,P002,114
2025-06-14,ST05,P003,154
2025-06-14,ST05,P004,109
2025-06-14,ST05,P005,38
2025-06-14,ST05,P006,97
2025-06-14,ST05,P007,71
2025-06-14,ST05,P008,85
2025-06-14,ST05,P009,69
2025-06-14,ST05,P010,87
2025-06-14,ST05,P011,90
2025-06-14,ST05,P012,82
2025-06-14,ST05,P013,82
2025-06-14,ST05,P014,119
2025-06-14,ST05,P015,127
2025-06-14,ST05,P016,87
2025-06-14,ST05,P017,87
2025-06-14,ST05,P018,114
2025-06-14,ST05,P019,100
2025-06-14,ST05,P020,92
2025-06-14,ST05,P021,50
2025-06-14,ST05,P022,95
2025-06-14,ST05,P023,49
2025-06-14,ST05,P024,147
2025-06-14,ST05,P025,84
2025-06-14,ST05,P026,104
2025-06-14,ST05,P027,95
2025-06-14,ST05,P028,118
2025-06-14,ST05,P029,108
2025-06-14,ST05,P030,123
2025-06-15,ST01,P001,137
2025-06-15,ST01,P002,154
2025-06-15,ST01,P003,121
2025-06-15,ST01,P004,194
2025-06-15,ST01,P005,234
2025-06-15,ST01,P006,128
2025-06-15,ST01,P007,214
2025-06-15,ST01,P008,125
2025-06-15,ST01,P009,192
2025-06-15,ST01,P010,203
2025-06-15,ST01,P011,164
2025-06-15,ST01,P012,142
2025-06-15,ST01,P013,170
2025-06-15,ST01,P014,106
2025-06-15,ST01,P015,153
2025-06-15,ST01,P016,152
2025-06-15,ST01,P017,131
2025-06-15,ST01,P018,140
2025-06-15,ST01,P019,157
2025-06-15,ST01,P020,119
2025-06-15,ST01,P021,113
2025-06-15,ST01,P022,200
2025-06-15,ST01,P023,183
2025-06-15,ST01,P024,128
2025-06-15,ST01,P025,111
2025-06-15,ST01,P026,149
2025-06-15,ST01,P027,207
2025-06-15,ST01,P028,221
2025-06-15,ST01,P029,135
2025-06-15,ST01,P030,142
2025-06-15,ST02,P001,165
2025-06-15,ST02,P002,162
2025-06-15,ST02,P003,119
2025-06-15,ST02,P004,113
2025-06-15,ST02,P005,158
2025-06-15,ST02,P006,129
2025-06-15,ST02,P007,111
2025-06-15,ST02,P008,123
2025-06-15,ST02,P009,167
2025-06-15,ST02,P010,181
2025-06-15,ST02,P011,134
2025-06-15,ST02,P012,150
2025-06-15,ST02,P013,132
2025-06-15,ST02,P014,160
2025-06-15,ST02,P015,208
2025-06-15,ST02,P016,207
2025-06-15,ST02,P017,102
2025-06-15,ST02,P018,167
2025-06-15,ST02,P019,101
2025-06-15,ST02,P020,161
2025-06-15,ST02,P021,126
2025-06-15,ST02,P022,206
2025-06-15,ST02,P023,110
2025-06-15,ST02,P024,104
2025-06-15,ST02,P025,222
2025-06-15,ST02,P026,142
2025-06-15,ST02,P027,174
2025-06-15,ST02,P028,156
2025-06-15,ST02,P029,191
2025-06-15,ST02,P030,134
2025-06-15,ST03,P001,179
2025-06-15,ST03,P002,134
2025-06-15,ST03,P003,122
2025-06-15,ST03,P004,143
2025-06-15,ST03,P005,215
2025-06-15,ST03,P006,97
2025-06-15,ST03,P007,118
2025-06-15,ST03,P008,124
2025-06-15,ST03,P009,164
2025-06-15,ST03,P010,178
2025-06-15,ST03,P011,156
2025-06-15,ST03,P012,82
2025-06-15,ST03,P013,138
2025-06-15,ST03,P014,151
2025-06-15,ST03,P015,182
2025-06-15,ST03,P016,155
2025-06-15,ST03,P017,162
2025-06-15,ST03,P018,188
2025-06-15,ST03,P019,176
2025-06-15,ST03,P020,135
2025-06-15,ST03,P021,141
2025-06-15,ST03,P022,120
2025-06-15,ST03,P023,125
2025-06-15,ST03,P024,151
2025-06-15,ST03,P025,163
2025-06-15,ST03,P026,66
2025-06-15,ST03,P027,177
2025-06-15,ST03,P028,197
2025-06-15,ST03,P029,154
2025-06-15,ST03,P030,78
2025-06-15,ST04,P001,159
2025-06-15,ST04,P002,172
2025-06-15,ST04,P003,118
2025-06-15,ST04,P004,182
2025-06-15,ST04,P005,140
2025-06-15,ST04,P006,89
2025-06-15,ST04,P007,157
2025-06-15,ST04,P008,140
2025-06-15,ST04,P009,158
2025-06-15,ST04,P010,160
2025-06-15,ST04,P011,140
2025-06-15,ST04,P012,178
2025-06-15,ST04,P013,155
2025-06-15,ST04,P014,201
2025-06-15,ST04,P015,168
2025-06-15,ST04,P016,119
2025-06-15,ST04,P017,174
2025-06-15,ST04,P018,144
2025-06-15,ST04,P019,130
2025-06-15,ST04,P020,135
2025-06-15,ST04,P021,95
2025-06-15,ST04,P022,156
2025-06-15,ST04,P023,162
2025-06-15,ST04,P024,116
2025-06-15,ST04,P025,142
2025-06-15,ST04,P026,123
2025-06-15,ST04,P027,124
2025-06-15,ST04,P028,125
2025-06-15,ST04,P029,131
2025-06-15,ST04,P030,199
2025-06-15,ST05,P001,168
2025-06-15,ST05,P002,147
2025-06-15,ST05,P003,203
2025-06-15,ST05,P004,175
2025-06-15,ST05,P005,99
2025-06-15,ST05,P006,170
2025-06-15,ST05,P007,124
2025-06-15,ST05,P008,144
2025-06-15,ST05,P009,115
2025-06-15,ST05,P010,139
2025-06-15,ST05,P011,153
2025-06-15,ST05,P012,115
2025-06-15,ST05,P013,152
2025-06-15,ST05,P014,192
2025-06-15,ST05,P015,190
2025-06-15,ST05,P016,141
2025-06-15,ST05,P017,160
2025-06-15,ST05,P018,173
2025-06-15,ST05,P019,163
2025-06-15,ST05,P020,151
2025-06-15,ST05,P021,112
2025-06-15,ST05,P022,167
2025-06-15,ST05,P023,113
2025-06-15,ST05,P024,190
2025-06-15,ST05,P025,106
2025-06-15,ST05,P026,144
2025-06-15,ST05,P027,130
2025-06-15,ST05,P028,168
2025-06-15,ST05,P029,181
2025-06-15,ST05,P030,190
2025-06-16,ST01,P001,132
2025-06-16,ST01,P002,148
2025-06-16,ST01,P003,116
2025-06-16,ST01,P004,192
2025-06-16,ST01,P005,232
2025-06-16,ST01,P006,125
2025-06-16,ST01,P007,209
2025-06-16,ST01,P008,115
2025-06-16,ST01,P009,189
2025-06-16,ST01,P010,201
2025-06-16,ST01,P011,158
2025-06-16,ST01,P012,128
2025-06-16,ST01,P013,165
2025-06-16,ST01,P014,95
2025-06-16,ST01,P015,145
2025-06-16,ST01,P016,151
2025-06-16,ST01,P017,126
2025-06-16,ST01,P018,136
2025-06-16,ST01,P019,152
2025-06-16,ST01,P020,116
2025-06-16,ST01,P021,107
2025-06-16,ST01,P022,197
2025-06-16,ST01,P023,178
2025-06-16,ST01,P024,119
2025-06-16,ST01,P025,103
2025-06-16,ST01,P026,139
2025-06-16,ST01,P027,203
2025-06-16,ST01,P028,213
2025-06-16,ST01,P029,132
2025-06-16,ST01,P030,132
2025-06-16,ST02,P001,153
2025-06-16,ST02,P002,159
2025-06-16,ST02,P003,113
2025-06-16,ST02,P004,106
2025-06-16,ST02,P005,156
2025-06-16,ST02,P006,122
2025-06-16,ST02,P007,102
2025-06-16,ST02,P008,116
2025-06-16,ST02,P009,159
2025-06-16,ST02,P010,180
2025-06-16,ST02,P011,130
2025-06-16,ST02,P012,148
2025-06-16,ST02,P013,124
2025-06-16,ST02,P014,154
2025-06-16,ST02,P015,202
2025-06-16,ST02,P016,203
2025-06-16,ST02,P017,100
2025-06-16,ST02,P018,159
2025-06-16,ST02,P019,98
2025-06-16,ST02,P020,159
2025-06-16,ST02,P021,121
2025-06-16,ST02,P022,204
2025-06-16,ST02,P023,105
2025-06-16,ST02,P024,99
2025-06-16,ST02,P025,219
2025-06-16,ST02,P026,135
2025-06-16,ST02,P027,171
2025-06-16,ST02,P028,153
2025-06-16,ST02,P029,181
2025-06-16,ST02,P030,129
2025-06-16,ST03,P001,176
2025-06-16,ST03,P002,129
2025-06-16,ST03,P003,115
2025-06-16,ST03,P004,140
2025-06-16,ST03,P005,214
2025-06-16,ST03,P006,90
2025-06-16,ST03,P007,115
2025-06-16,ST03,P008,117
2025-06-16,ST03,P009,157
2025-06-16,ST03,P010,176
2025-06-16,ST03,P011,152
2025-06-16,ST03,P012,75
2025-06-16,ST03,P013,133
2025-06-16,ST03,P014,147
2025-06-16,ST03,P015,179
2025-06-16,ST03,P016,153
2025-06-16,ST03,P017,158
2025-06-16,ST03,P018,185
2025-06-16,ST03,P019,169
2025-06-16,ST03,P020,133
2025-06-16,ST03,P021,139
2025-06-16,ST03,P022,117
2025-06-16,ST03,P023,118
2025-06-16,ST03,P024,148
2025-06-16,ST03,P025,158
2025-06-16,ST03,P026,62
2025-06-16,ST03,P027,173
2025-06-16,ST03,P028,191
2025-06-16,ST03,P029,141
2025-06-16,ST03,P030,73
2025-06-16,ST04,P001,154
2025-06-16,ST04,P002,170
2025-06-16,ST04,P003,111
2025-06-16,ST04,P004,177
2025-06-16,ST04,P005,132
2025-06-16,ST04,P006,78
2025-06-16,ST04,P007,152
2025-06-16,ST04,P008,123
2025-06-16,ST04,P009,157
2025-06-16,ST04,P010,156
2025-06-16,ST04,P011,134
2025-06-16,ST04,P012,172
2025-06-16,ST04,P013,152
2025-06-16,ST04,P014,198
2025-06-16,ST04,P015,162
2025-06-16,ST04,P016,114
2025-06-16,ST04,P017,171
2025-06-16,ST04,P018,140
2025-06-16,ST04,P019,120
2025-06-16,ST04,P020,128
2025-06-16,ST04,P021,86
2025-06-16,ST04,P022,152
2025-06-16,ST04,P023,160
2025-06-16,ST04,P024,109
2025-06-16,ST04,P025,131
2025-06-16,ST04,P026,119
2025-06-16,ST04,P027,114
2025-06-16,ST04,P028,120
2025-06-16,ST04,P029,127
2025-06-16,ST04,P030,193
2025-06-16,ST05,P001,165
2025-06-16,ST05,P002,142
2025-06-16,ST05,P003,201
2025-06-16,ST05,P004,170
2025-06-16,ST05,P005,90
2025-06-16,ST05,P006,166
2025-06-16,ST05,P007,116
2025-06-16,ST05,P008,143
2025-06-16,ST05,P009,111
2025-06-16,ST05,P010,126
2025-06-16,ST05,P011,140
2025-06-16,ST05,P012,109
2025-06-16,ST05,P013,145
2025-06-16,ST05,P014,190
2025-06-16,ST05,P015,186
2025-06-16,ST05,P016,131
2025-06-16,ST05,P017,156
2025-06-16,ST05,P018,166
2025-06-16,ST05,P019,153
2025-06-16,ST05,P020,150
2025-06-16,ST05,P021,106
2025-06-16,ST05,P022,161
2025-06-16,ST05,P023,103
2025-06-16,ST05,P024,188
2025-06-16,ST05,P025,99
2025-06-16,ST05,P026,142
2025-06-16,ST05,P027,127
2025-06-16,ST05,P028,161
2025-06-16,ST05,P029,174
2025-06-16,ST05,P030,188
2025-06-17,ST01,P001,130
2025-06-17,ST01,P002,137
2025-06-17,ST01,P003,113
2025-06-17,ST01,P004,190
2025-06-17,ST01,P005,230
2025-06-17,ST01,P006,123
2025-06-17,ST01,P007,203
2025-06-17,ST01,P008,104
2025-06-17,ST01,P009,184
2025-06-17,ST01,P010,199
2025-06-17,ST01,P011,156
2025-06-17,ST01,P012,118
2025-06-17,ST01,P013,158
2025-06-17,ST01,P014,85
2025-06-17,ST01,P015,134
2025-06-17,ST01,P016,149
2025-06-17,ST01,P017,122
2025-06-17,ST01,P018,129
2025-06-17,ST01,P019,146
2025-06-17,ST01,P020,112
2025-06-17,ST01,P021,102
2025-06-17,ST01,P022,195
2025-06-17,ST01,P023,173
2025-06-17,ST01,P024,112
2025-06-17,ST01,P025,92
2025-06-17,ST01,P026,129
2025-06-17,ST01,P027,199
2025-06-17,ST01,P028,209
2025-06-17,ST01,P029,130
2025-06-17,ST01,P030,124
2025-06-17,ST02,P001,142
2025-06-17,ST02,P002,155
2025-06-17,ST02,P003,106
2025-06-17,ST02,P004,103
2025-06-17,ST02,P005,155
2025-06-17,ST02,P006,110
2025-06-17,ST02,P007,97
2025-06-17,ST02,P008,112
2025-06-17,ST02,P009,152
2025-06-17,ST02,P010,178
2025-06-17,ST02,P011,123
2025-06-17,ST02,P012,146
2025-06-17,ST02,P013,115
2025-06-17,ST02,P014,146
2025-06-17,ST02,P015,194
2025-06-17,ST02,P016,199
2025-06-17,ST02,P017,99
2025-06-17,ST02,P018,149
2025-06-17,ST02,P019,89
2025-06-17,ST02,P020,159
2025-06-17,ST02,P021,117
2025-06-17,ST02,P022,202
2025-06-17,ST02,P023,96
2025-06-17,ST02,P024,92
2025-06-17,ST02,P025,215
2025-06-17,ST02,P026,132
2025-06-17,ST02,P027,167
2025-06-17,ST02,P028,148
2025-06-17,ST02,P029,175
2025-06-17,ST02,P030,126
2025-06-17,ST03,P001,173
2025-06-17,ST03,P002,125
2025-06-17,ST03,P003,107
2025-06-17,ST03,P004,136
2025-06-17,ST03,P005,212
2025-06-17,ST03,P006,82
2025-06-17,ST03,P007,109
2025-06-17,ST03,P008,112
2025-06-17,ST03,P009,150
2025-06-17,ST03,P010,174
2025-06-17,ST03,P011,149
2025-06-17,ST03,P012,72
2025-06-17,ST03,P013,130
2025-06-17,ST03,P014,144
2025-06-17,ST03,P015,176
2025-06-17,ST03,P016,150
2025-06-17,ST03,P017,152
2025-06-17,ST03,P018,180
2025-06-17,ST03,P019,161
2025-06-17,ST03,P020,126
2025-06-17,ST03,P021,137
2025-06-17,ST03,P022,115
2025-06-17,ST03,P023,111
2025-06-17,ST03,P024,147
2025-06-17,ST03,P025,155
2025-06-17,ST03,P026,53
2025-06-17,ST03,P027,167
2025-06-17,ST03,P028,186
2025-06-17,ST03,P029,136
2025-06-17,ST03,P030,67
2025-06-17,ST04,P001,150
2025-06-17,ST04,P002,167
2025-06-17,ST04,P003,107
2025-06-17,ST04,P004,172
2025-06-17,ST04,P005,126
2025-06-17,ST04,P006,67
2025-06-17,ST04,P007,143
2025-06-17,ST04,P008,113
2025-06-17,ST04,P009,155
2025-06-17,ST04,P010,149
2025-06-17,ST04,P011,130
2025-06-17,ST04,P012,166
2025-06-17,ST04,P013,150
2025-06-17,ST04,P014,196
2025-06-17,ST04,P015,158
2025-06-17,ST04,P016,108
2025-06-17,ST04,P017,166
2025-06-17,ST04,P018,135
2025-06-17,ST04,P019,111
2025-06-17,ST04,P020,122
2025-06-17,ST04,P021,73
2025-06-17,ST04,P022,145
2025-06-17,ST04,P023,157
2025-06-17,ST04,P024,104
2025-06-17,ST04,P025,125
2025-06-17,ST04,P026,112
2025-06-17,ST04,P027,112
2025-06-17,ST04,P028,112
2025-06-17,ST04,P029,123
2025-06-17,ST04,P030,189
2025-06-17,ST05,P001,162
2025-06-17,ST05,P002,139
2025-06-17,ST05,P003,199
2025-06-17,ST05,P004,165
2025-06-17,ST05,P005,84
2025-06-17,ST05,P006,161
2025-06-17,ST05,P007,113
2025-06-17,ST05,P008,138
2025-06-17,ST05,P009,107
2025-06-17,ST05,P010,113
2025-06-17,ST05,P011,129
2025-06-17,ST05,P012,107
2025-06-17,ST05,P013,143
2025-06-17,ST05,P014,188
2025-06-17,ST05,P015,183
2025-06-17,ST05,P016,123
2025-06-17,ST05,P017,150
2025-06-17,ST05,P018,159
2025-06-17,ST05,P019,149
2025-06-17,ST05,P020,149
2025-06-17,ST05,P021,100
2025-06-17,ST05,P022,156
2025-06-17,ST05,P023,95
2025-06-17,ST05,P024,186
2025-06-17,ST05,P025,91
2025-06-17,ST05,P026,139
2025-06-17,ST05,P027,126
2025-06-17,ST05,P028,157
2025-06-17,ST05,P029,166
2025-06-17,ST05,P030,183
2025-06-18,ST01,P001,127
2025-06-18,ST01,P002,131
2025-06-18,ST01,P003,111
2025-06-18,ST01,P004,188
2025-06-18,ST01,P005,229
2025-06-18,ST01,P006,119
2025-06-18,ST01,P007,192
2025-06-18,ST01,P008,96
2025-06-18,ST01,P009,179
2025-06-18,ST01,P010,197
2025-06-18,ST01,P011,150
2025-06-18,ST01,P012,109
2025-06-18,ST01,P013,152
2025-06-18,ST01,P014,73
2025-06-18,ST01,P015,125
2025-06-18,ST01,P016,146
2025-06-18,ST01,P017,118
2025-06-18,ST01,P018,123
2025-06-18,ST01,P019,142
2025-06-18,ST01,P020,108
2025-06-18,ST01,P021,97
2025-06-18,ST01,P022,192
2025-06-18,ST01,P023,170
2025-06-18,ST01,P024,107
2025-06-18,ST01,P025,77
2025-06-18,ST01,P026,117
2025-06-18,ST01,P027,197
2025-06-18,ST01,P028,203
2025-06-18,ST01,P029,126
2025-06-18,ST01,P030,117
2025-06-18,ST02,P001,137
2025-06-18,ST02,P002,151
2025-06-18,ST02,P003,100
2025-06-18,ST02,P004,96
2025-06-18,ST02,P005,152
2025-06-18,ST02,P006,94
2025-06-18,ST02,P007,93
2025-06-18,ST02,P008,106
2025-06-18,ST02,P009,146
2025-06-18,ST02,P010,176
2025-06-18,ST02,P011,121
2025-06-18,ST02,P012,144
2025-06-18,ST02,P013,110
2025-06-18,ST02,P014,138
2025-06-18,ST02,P015,187
2025-06-18,ST02,P016,196
2025-06-18,ST02,P017,96
2025-06-18,ST02,P018,147
2025-06-18,ST02,P019,82
2025-06-18,ST02,P020,157
2025-06-18,ST02,P021,111
2025-06-18,ST02,P022,199
2025-06-18,ST02,P023,87
2025-06-18,ST02,P024,82
2025-06-18,ST02,P025,214
2025-06-18,ST02,P026,127
2025-06-18,ST02,P027,164
2025-06-18,ST02,P028,145
2025-06-18,ST02,P029,166
2025-06-18,ST02,P030,121
2025-06-18,ST03,P001,169
2025-06-18,ST03,P002,123
2025-06-18,ST03,P003,102
2025-06-18,ST03,P004,134
2025-06-18,ST03,P005,210
2025-06-18,ST03,P006,70
2025-06-18,ST03,P007,102
2025-06-18,ST03,P008,105
2025-06-18,ST03,P009,143
2025-06-18,ST03,P010,172
2025-06-18,ST03,P011,147
2025-06-18,ST03,P012,67
2025-06-18,ST03,P013,125
2025-06-18,ST03,P014,142
2025-06-18,ST03,P015,174
2025-06-18,ST03,P016,148
2025-06-18,ST03,P017,143
2025-06-18,ST03,P018,177
2025-06-18,ST03,P019,150
2025-06-18,ST03,P020,118
2025-06-18,ST03,P021,135
2025-06-18,ST03,P022,109
2025-06-18,ST03,P023,101
2025-06-18,ST03,P024,144
2025-06-18,ST03,P025,153
2025-06-18,ST03,P026,49
2025-06-18,ST03,P027,161
2025-06-18,ST03,P028,181
2025-06-18,ST03,P029,128
2025-06-18,ST03,P030,59
2025-06-18,ST04,P001,147
2025-06-18,ST04,P002,164
2025-06-18,ST04,P003,102
2025-06-18,ST04,P004,168
2025-06-18,ST04,P005,122
2025-06-18,ST04,P006,59
2025-06-18,ST04,P007,139
2025-06-18,ST04,P008,102
2025-06-18,ST04,P009,152
2025-06-18,ST04,P010,145
2025-06-18,ST04,P011,127
2025-06-18,ST04,P012,162
2025-06-18,ST04,P013,148
2025-06-18,ST04,P014,195
2025-06-18,ST04,P015,153
2025-06-18,ST04,P016,104
2025-06-18,ST04,P017,163
2025-06-18,ST04,P018,131
2025-06-18,ST04,P019,102
2025-06-18,ST04,P020,117
2025-06-18,ST04,P021,64
2025-06-18,ST04,P022,138
2025-06-18,ST04,P023,156
2025-06-18,ST04,P024,93
2025-06-18,ST04,P025,121
2025-06-18,ST04,P026,105
2025-06-18,ST04,P027,101
2025-06-18,ST04,P028,103
2025-06-18,ST04,P029,120
2025-06-18,ST04,P030,184
2025-06-18,ST05,P001,158
2025-06-18,ST05,P002,137
2025-06-18,ST05,P003,197
2025-06-18,ST05,P004,161
2025-06-18,ST05,P005,70
2025-06-18,ST05,P006,156
2025-06-18,ST05,P007,103
2025-06-18,ST05,P008,134
2025-06-18,ST05,P009,99
2025-06-18,ST05,P010,103
2025-06-18,ST05,P011,123
2025-06-18,ST05,P012,97
2025-06-18,ST05,P013,139
2025-06-18,ST05,P014,186
2025-06-18,ST05,P015,180
2025-06-18,ST05,P016,117
2025-06-18,ST05,P017,143
2025-06-18,ST05,P018,153
2025-06-18,ST05,P019,142
2025-06-18,ST05,P020,146
2025-06-18,ST05,P021,97
2025-06-18,ST05,P022,149
2025-06-18,ST05,P023,89
2025-06-18,ST05,P024,182
2025-06-18,ST05,P025,77
2025-06-18,ST05,P026,135
2025-06-18,ST05,P027,123
2025-06-18,ST05,P028,153
2025-06-18,ST05,P029,159
2025-06-18,ST05,P030,180
2025-06-19,ST01,P001,126
2025-06-19,ST01,P002,120
2025-06-19,ST01,P003,107
2025-06-19,ST01,P004,185
2025-06-19,ST01,P005,227
2025-06-19,ST01,P006,117
2025-06-19,ST01,P007,186
2025-06-19,ST01,P008,89
2025-06-19,ST01,P009,175
2025-06-19,ST01,P010,193
2025-06-19,ST01,P011,147
2025-06-19,ST01,P012,100
2025-06-19,ST01,P013,145
2025-06-19,ST01,P014,65
2025-06-19,ST01,P015,119
2025-06-19,ST01,P016,145
2025-06-19,ST01,P017,109
2025-06-19,ST01,P018,115
2025-06-19,ST01,P019,136
2025-06-19,ST01,P020,106
2025-06-19,ST01,P021,90
2025-06-19,ST01,P022,189
2025-06-19,ST01,P023,166
2025-06-19,ST01,P024,104
2025-06-19,ST01,P025,68
2025-06-19,ST01,P026,111
2025-06-19,ST01,P027,193
2025-06-19,ST01,P028,198
2025-06-19,ST01,P029,123
2025-06-19,ST01,P030,106
2025-06-19,ST02,P001,129
2025-06-19,ST02,P002,147
2025-06-19,ST02,P003,93
2025-06-19,ST02,P004,88
2025-06-19,ST02,P005,150
2025-06-19,ST02,P006,86
2025-06-19,ST02,P007,86
2025-06-19,ST02,P008,98
2025-06-19,ST02,P009,139
2025-06-19,ST02,P010,174
2025-06-19,ST02,P011,118
2025-06-19,ST02,P012,142
2025-06-19,ST02,P013,102
2025-06-19,ST02,P014,128
2025-06-19,ST02,P015,175
2025-06-19,ST02,P016,191
2025-06-19,ST02,P017,93
2025-06-19,ST02,P018,143
2025-06-19,ST02,P019,75
2025-06-19,ST02,P020,155
2025-06-19,ST02,P021,106
2025-06-19,ST02,P022,197
2025-06-19,ST02,P023,81
2025-06-19,ST02,P024,72
2025-06-19,ST02,P025,211
2025-06-19,ST02,P026,121
2025-06-19,ST02,P027,160
2025-06-19,ST02,P028,141
2025-06-19,ST02,P029,156
2025-06-19,ST02,P030,116
2025-06-19,ST03,P001,166
2025-06-19,ST03,P002,115
2025-06-19,ST03,P003,96
2025-06-19,ST03,P004,131
2025-06-19,ST03,P005,205
2025-06-19,ST03,P006,60
2025-06-19,ST03,P007,94
2025-06-19,ST03,P008,101
2025-06-19,ST03,P009,140
2025-06-19,ST03,P010,170
2025-06-19,ST03,P011,144
2025-06-19,ST03,P012,62
2025-06-19,ST03,P013,118
2025-06-19,ST03,P014,141
2025-06-19,ST03,P015,170
2025-06-19,ST03,P016,146
2025-06-19,ST03,P017,139
2025-06-19,ST03,P018,172
2025-06-19,ST03,P019,141
2025-06-19,ST03,P020,108
2025-06-19,ST03,P021,131
2025-06-19,ST03,P022,106
2025-06-19,ST03,P023,95
2025-06-19,ST03,P024,140
2025-06-19,ST03,P025,151
2025-06-19,ST03,P026,40
2025-06-19,ST03,P027,155
2025-06-19,ST03,P028,174
2025-06-19,ST03,P029,120
2025-06-19,ST03,P030,54
2025-06-19,ST04,P001,143
2025-06-19,ST04,P002,161
2025-06-19,ST04,P003,99
2025-06-19,ST04,P004,164
2025-06-19,ST04,P005,118
2025-06-19,ST04,P006,54
2025-06-19,ST04,P007,130
2025-06-19,ST04,P008,94
2025-06-19,ST04,P009,150
2025-06-19,ST04,P010,142
2025-06-19,ST04,P011,123
2025-06-19,ST04,P012,150
2025-06-19,ST04,P013,144
2025-06-19,ST04,P014,193
2025-06-19,ST04,P015,150
2025-06-19,ST04,P016,98
2025-06-19,ST04,P017,160
2025-06-19,ST04,P018,128
2025-06-19,ST04,P019,96
2025-06-19,ST04,P020,114
2025-06-19,ST04,P021,56
2025-06-19,ST04,P022,133
2025-06-19,ST04,P023,153
2025-06-19,ST04,P024,84
2025-06-19,ST04,P025,115
2025-06-19,ST04,P026,94
2025-06-19,ST04,P027,89
2025-06-19,ST04,P028,97
2025-06-19,ST04,P029,119
2025-06-19,ST04,P030,180
2025-06-19,ST05,P001,156
2025-06-19,ST05,P002,130
2025-06-19,ST05,P003,196
2025-06-19,ST05,P004,157
2025-06-19,ST05,P005,57
2025-06-19,ST05,P006,152
2025-06-19,ST05,P007,97
2025-06-19,ST05,P008,130
2025-06-19,ST05,P009,95
2025-06-19,ST05,P010,95
2025-06-19,ST05,P011,110
2025-06-19,ST05,P012,92
2025-06-19,ST05,P013,135
2025-06-19,ST05,P014,183
2025-06-19,ST05,P015,175
2025-06-19,ST05,P016,109
2025-06-19,ST05,P017,136
2025-06-19,ST05,P018,147
2025-06-19,ST05,P019,137
2025-06-19,ST05,P020,144
2025-06-19,ST05,P021,93
2025-06-19,ST05,P022,145
2025-06-19,ST05,P023,83
2025-06-19,ST05,P024,179
2025-06-19,ST05,P025,68
2025-06-19,ST05,P026,134
2025-06-19,ST05,P027,121
2025-06-19,ST05,P028,147
2025-06-19,ST05,P029,152
2025-06-19,ST05,P030,177
2025-06-20,ST01,P001,125
2025-06-20,ST01,P002,108
2025-06-20,ST01,P003,99
2025-06-20,ST01,P004,182
2025-06-20,ST01,P005,225
2025-06-20,ST01,P006,114
2025-06-20,ST01,P007,181
2025-06-20,ST01,P008,81
2025-06-20,ST01,P009,172
2025-06-20,ST01,P010,191
2025-06-20,ST01,P011,145
2025-06-20,ST01,P012,89
2025-06-20,ST01,P013,140
2025-06-20,ST01,P014,54
2025-06-20,ST01,P015,111
2025-06-20,ST01,P016,144
2025-06-20,ST01,P017,100
2025-06-20,ST01,P018,111
2025-06-20,ST01,P019,131
2025-06-20,ST01,P020,103
2025-06-20,ST01,P021,82
2025-06-20,ST01,P022,187
2025-06-20,ST01,P023,161
2025-06-20,ST01,P024,98
2025-06-20,ST01,P025,65
2025-06-20,ST01,P026,105
2025-06-20,ST01,P027,189
2025-06-20,ST01,P028,191
2025-06-20,ST01,P029,120
2025-06-20,ST01,P030,94
2025-06-20,ST02,P001,122
2025-06-20,ST02,P002,143
2025-06-20,ST02,P003,88
2025-06-20,ST02,P004,83
2025-06-20,ST02,P005,148
2025-06-20,ST02,P006,78
2025-06-20,ST02,P007,81
2025-06-20,ST02,P008,92
2025-06-20,ST02,P009,133
2025-06-20,ST02,P010,173
2025-06-20,ST02,P011,114
2025-06-20,ST02,P012,140
2025-06-20,ST02,P013,92
2025-06-20,ST02,P014,121
2025-06-20,ST02,P015,168
2025-06-20,ST02,P016,186
2025-06-20,ST02,P017,91
2025-06-20,ST02,P018,130
2025-06-20,ST02,P019,70
2025-06-20,ST02,P020,153
2025-06-20,ST02,P021,103
2025-06-20,ST02,P022,195
2025-06-20,ST02,P023,76
2025-06-20,ST02,P024,66
2025-06-20,ST02,P025,208
2025-06-20,ST02,P026,118
2025-06-20,ST02,P027,153
2025-06-20,ST02,P028,139
2025-06-20,ST02,P029,149
2025-06-20,ST02,P030,109
2025-06-20,ST03,P001,162
2025-06-20,ST03,P002,109
2025-06-20,ST03,P003,88
2025-06-20,ST03,P004,127
2025-06-20,ST03,P005,200
2025-06-20,ST03,P006,47
2025-06-20,ST03,P007,90
2025-06-20,ST03,P008,96
2025-06-20,ST03,P009,134
2025-06-20,ST03,P010,167
2025-06-20,ST03,P011,140
2025-06-20,ST03,P012,56
2025-06-20,ST03,P013,113
2025-06-20,ST03,P014,139
2025-06-20,ST03,P015,166
2025-06-20,ST03,P016,144
2025-06-20,ST03,P017,134
2025-06-20,ST03,P018,169
2025-06-20,ST03,P019,134
2025-06-20,ST03,P020,98
2025-06-20,ST03,P021,128
2025-06-20,ST03,P022,102
2025-06-20,ST03,P023,87
2025-06-20,ST03,P024,137
2025-06-20,ST03,P025,148
2025-06-20,ST03,P026,38
2025-06-20,ST03,P027,151
2025-06-20,ST03,P028,169
2025-06-20,ST03,P029,114
2025-06-20,ST03,P030,49
2025-06-20,ST04,P001,140
2025-06-20,ST04,P002,159
2025-06-20,ST04,P003,94
2025-06-20,ST04,P004,159
2025-06-20,ST04,P005,113
2025-06-20,ST04,P006,49
2025-06-20,ST04,P007,124
2025-06-20,ST04,P008,82
2025-06-20,ST04,P009,147
2025-06-20,ST04,P010,136
2025-06-20,ST04,P011,119
2025-06-20,ST04,P012,146
2025-06-20,ST04,P013,141
2025-06-20,ST04,P014,190
2025-06-20,ST04,P015,143
2025-06-20,ST04,P016,92
2025-06-20,ST04,P017,156
2025-06-20,ST04,P018,125
2025-06-20,ST04,P019,87
2025-06-20,ST04,P020,110
2025-06-20,ST04,P021,49
2025-06-20,ST04,P022,129
2025-06-20,ST04,P023,151
2025-06-20,ST04,P024,75
2025-06-20,ST04,P025,105
2025-06-20,ST04,P026,89
2025-06-20,ST04,P027,83
2025-06-20,ST04,P028,81
2025-06-20,ST04,P029,117
2025-06-20,ST04,P030,174
2025-06-20,ST05,P001,152
2025-06-20,ST05,P002,127
2025-06-20,ST05,P003,193
2025-06-20,ST05,P004,153
2025-06-20,ST05,P005,48
2025-06-20,ST05,P006,147
2025-06-20,ST05,P007,91
2025-06-20,ST05,P008,126
2025-06-20,ST05,P009,91
2025-06-20,ST05,P010,90
2025-06-20,ST05,P011,100
2025-06-20,ST05,P012,86
2025-06-20,ST05,P013,128
2025-06-20,ST05,P014,180
2025-06-20,ST05,P015,170
2025-06-20,ST05,P016,99
2025-06-20,ST05,P017,131
2025-06-20,ST05,P018,139
2025-06-20,ST05,P019,131
2025-06-20,ST05,P020,141
2025-06-20,ST05,P021,87
2025-06-20,ST05,P022,139
2025-06-20,ST05,P023,71
2025-06-20,ST05,P024,178
2025-06-20,ST05,P025,60
2025-06-20,ST05,P026,132
2025-06-20,ST05,P027,117
2025-06-20,ST05,P028,142
2025-06-20,ST05,P029,140
2025-06-20,ST05,P030,175
2025-06-21,ST01,P001,122
2025-06-21,ST01,P002,100
2025-06-21,ST01,P003,93
2025-06-21,ST01,P004,180
2025-06-21,ST01,P005,223
2025-06-21,ST01,P006,113
2025-06-21,ST01,P007,175
2025-06-21,ST01,P008,77
2025-06-21,ST01,P009,169
2025-06-21,ST01,P010,189
2025-06-21,ST01,P011,141
2025-06-21,ST01,P012,77
2025-06-21,ST01,P013,137
2025-06-21,ST01,P014,44
2025-06-21,ST01,P015,102
2025-06-21,ST01,P016,143
2025-06-21,ST01,P017,95
2025-06-21,ST01,P018,105
2025-06-21,ST01,P019,124
2025-06-21,ST01,P020,100
2025-06-21,ST01,P021,74
2025-06-21,ST01,P022,185
2025-06-21,ST01,P023,154
2025-06-21,ST01,P024,93
2025-06-21,ST01,P025,57
2025-06-21,ST01,P026,101
2025-06-21,ST01,P027,187
2025-06-21,ST01,P028,185
2025-06-21,ST01,P029,117
2025-06-21,ST01,P030,85
2025-06-21,ST02,P001,116
2025-06-21,ST02,P002,139
2025-06-21,ST02,P003,83
2025-06-21,ST02,P004,76
2025-06-21,ST02,P005,146
2025-06-21,ST02,P006,63
2025-06-21,ST02,P007,77
2025-06-21,ST02,P008,82
2025-06-21,ST02,P009,129
2025-06-21,ST02,P010,172
2025-06-21,ST02,P011,111
2025-06-21,ST02,P012,138
2025-06-21,ST02,P013,82
2025-06-21,ST02,P014,113
2025-06-21,ST02,P015,160
2025-06-21,ST02,P016,183
2025-06-21,ST02,P017,88
2025-06-21,ST02,P018,119
2025-06-21,ST02,P019,61
2025-06-21,ST02,P020,151
2025-06-21,ST02,P021,97
2025-06-21,ST02,P022,193
2025-06-21,ST02,P023,69
2025-06-21,ST02,P024,60
2025-06-21,ST02,P025,206
2025-06-21,ST02,P026,114
2025-06-21,ST02,P027,146
2025-06-21,ST02,P028,136
2025-06-21,ST02,P029,142
2025-06-21,ST02,P030,105
2025-06-21,ST03,P001,160
2025-06-21,ST03,P002,101
2025-06-21,ST03,P003,80
2025-06-21,ST03,P004,123
2025-06-21,ST03,P005,197
2025-06-21,ST03,P006,34
2025-06-21,ST03,P007,83
2025-06-21,ST03,P008,89
2025-06-21,ST03,P009,129
2025-06-21,ST03,P010,165
2025-06-21,ST03,P011,137
2025-06-21,ST03,P012,52
2025-06-21,ST03,P013,107
2025-06-21,ST03,P014,134
2025-06-21,ST03,P015,161
2025-06-21,ST03,P016,142
2025-06-21,ST03,P017,125
2025-06-21,ST03,P018,168
2025-06-21,ST03,P019,127
2025-06-21,ST03,P020,89
2025-06-21,ST03,P021,125
2025-06-21,ST03,P022,98
2025-06-21,ST03,P023,81
2025-06-21,ST03,P024,134
2025-06-21,ST03,P025,146
2025-06-21,ST03,P026,63
2025-06-21,ST03,P027,148
2025-06-21,ST03,P028,162
2025-06-21,ST03,P029,104
2025-06-21,ST03,P030,44
2025-06-21,ST04,P001,137
2025-06-21,ST04,P002,157
2025-06-21,ST04,P003,91
2025-06-21,ST04,P004,155
2025-06-21,ST04,P005,107
2025-06-21,ST04,P006,40
2025-06-21,ST04,P007,117
2025-06-21,ST04,P008,69
2025-06-21,ST04,P009,144
2025-06-21,ST04,P010,132
2025-06-21,ST04,P011,116
2025-06-21,ST04,P012,137
2025-06-21,ST04,P013,137
2025-06-21,ST04,P014,187
2025-06-21,ST04,P015,136
2025-06-21,ST04,P016,86
2025-06-21,ST04,P017,153
2025-06-21,ST04,P018,121
2025-06-21,ST04,P019,78
2025-06-21,ST04,P020,106
2025-06-21,ST04,P021,42
2025-06-21,ST04,P022,124
2025-06-21,ST04,P023,150
2025-06-21,ST04,P024,69
2025-06-21,ST04,P025,98
2025-06-21,ST04,P026,74
2025-06-21,ST04,P027,70
2025-06-21,ST04,P028,72
2025-06-21,ST04,P029,114
2025-06-21,ST04,P030,170
2025-06-21,ST05,P001,149
2025-06-21,ST05,P002,123
2025-06-21,ST05,P003,192
2025-06-21,ST05,P004,147
2025-06-21,ST05,P005,38
2025-06-21,ST05,P006,145
2025-06-21,ST05,P007,83
2025-06-21,ST05,P008,120
2025-06-21,ST05,P009,86
2025-06-21,ST05,P010,78
2025-06-21,ST05,P011,86
2025-06-21,ST05,P012,79
2025-06-21,ST05,P013,119
2025-06-21,ST05,P014,177
2025-06-21,ST05,P015,167
2025-06-21,ST05,P016,88
2025-06-21,ST05,P017,124
2025-06-21,ST05,P018,135
2025-06-21,ST05,P019,125
2025-06-21,ST05,P020,139
2025-06-21,ST05,P021,86
2025-06-21,ST05,P022,133
2025-06-21,ST05,P023,60
2025-06-21,ST05,P024,175
2025-06-21,ST05,P025,49
2025-06-21,ST05,P026,130
2025-06-21,ST05,P027,112
2025-06-21,ST05,P028,138
2025-06-21,ST05,P029,135
2025-06-21,ST05,P030,171
2025-06-22,ST01,P001,176
2025-06-22,ST01,P002,169
2025-06-22,ST01,P003,154
2025-06-22,ST01,P004,246
2025-06-22,ST01,P005,256
2025-06-22,ST01,P006,172
2025-06-22,ST01,P007,203
2025-06-22,ST01,P008,136
2025-06-22,ST01,P009,243
2025-06-22,ST01,P010,257
2025-06-22,ST01,P011,211
2025-06-22,ST01,P012,126
2025-06-22,ST01,P013,165
2025-06-22,ST01,P014,85
2025-06-22,ST01,P015,151
2025-06-22,ST01,P016,210
2025-06-22,ST01,P017,166
2025-06-22,ST01,P018,171
2025-06-22,ST01,P019,194
2025-06-22,ST01,P020,135
2025-06-22,ST01,P021,120
2025-06-22,ST01,P022,246
2025-06-22,ST01,P023,198
2025-06-22,ST01,P024,128
2025-06-22,ST01,P025,98
2025-06-22,ST01,P026,166
2025-06-22,ST01,P027,213
2025-06-22,ST01,P028,233
2025-06-22,ST01,P029,148
2025-06-22,ST01,P030,125
2025-06-22,ST02,P001,143
2025-06-22,ST02,P002,198
2025-06-22,ST02,P003,139
2025-06-22,ST02,P004,135
2025-06-22,ST02,P005,222
2025-06-22,ST02,P006,87
2025-06-22,ST02,P007,106
2025-06-22,ST02,P008,121
2025-06-22,ST02,P009,154
2025-06-22,ST02,P010,216
2025-06-22,ST02,P011,145
2025-06-22,ST02,P012,177
2025-06-22,ST02,P013,134
2025-06-22,ST02,P014,182
2025-06-22,ST02,P015,202
2025-06-22,ST02,P016,225
2025-06-22,ST02,P017,134
2025-06-22,ST02,P018,143
2025-06-22,ST02,P019,127
2025-06-22,ST02,P020,182
2025-06-22,ST02,P021,123
2025-06-22,ST02,P022,245
2025-06-22,ST02,P023,108
2025-06-22,ST02,P024,131
2025-06-22,ST02,P025,268
2025-06-22,ST02,P026,169
2025-06-22,ST02,P027,205
2025-06-22,ST02,P028,212
2025-06-22,ST02,P029,194
2025-06-22,ST02,P030,151
2025-06-22,ST03,P001,237
2025-06-22,ST03,P002,176
2025-06-22,ST03,P003,150
2025-06-22,ST03,P004,198
2025-06-22,ST03,P005,249
2025-06-22,ST03,P006,56
2025-06-22,ST03,P007,150
2025-06-22,ST03,P008,113
2025-06-22,ST03,P009,196
2025-06-22,ST03,P010,217
2025-06-22,ST03,P011,169
2025-06-22,ST03,P012,93
2025-06-22,ST03,P013,163
2025-06-22,ST03,P014,164
2025-06-22,ST03,P015,204
2025-06-22,ST03,P016,175
2025-06-22,ST03,P017,180
2025-06-22,ST03,P018,221
2025-06-22,ST03,P019,196
2025-06-22,ST03,P020,118
2025-06-22,ST03,P021,194
2025-06-22,ST03,P022,150
2025-06-22,ST03,P023,129
2025-06-22,ST03,P024,202
2025-06-22,ST03,P025,189
2025-06-22,ST03,P026,105
2025-06-22,ST03,P027,218
2025-06-22,ST03,P028,208
2025-06-22,ST03,P029,131
2025-06-22,ST03,P030,77
2025-06-22,ST04,P001,169
2025-06-22,ST04,P002,193
2025-06-22,ST04,P003,135
2025-06-22,ST04,P004,205
2025-06-22,ST04,P005,180
2025-06-22,ST04,P006,75
2025-06-22,ST04,P007,150
2025-06-22,ST04,P008,94
2025-06-22,ST04,P009,216
2025-06-22,ST04,P010,200
2025-06-22,ST04,P011,163
2025-06-22,ST04,P012,169
2025-06-22,ST04,P013,185
2025-06-22,ST04,P014,239
2025-06-22,ST04,P015,179
2025-06-22,ST04,P016,123
2025-06-22,ST04,P017,206
2025-06-22,ST04,P018,182
2025-06-22,ST04,P019,129
2025-06-22,ST04,P020,138
2025-06-22,ST04,P021,64
2025-06-22,ST04,P022,152
2025-06-22,ST04,P023,185
2025-06-22,ST04,P024,109
2025-06-22,ST04,P025,159
2025-06-22,ST04,P026,139
2025-06-22,ST04,P027,93
2025-06-22,ST04,P028,94
2025-06-22,ST04,P029,182
2025-06-22,ST04,P030,223
2025-06-22,ST05,P001,197
2025-06-22,ST05,P002,156
2025-06-22,ST05,P003,229
2025-06-22,ST05,P004,208
2025-06-22,ST05,P005,94
2025-06-22,ST05,P006,172
2025-06-22,ST05,P007,129
2025-06-22,ST05,P008,157
2025-06-22,ST05,P009,138
2025-06-22,ST05,P010,109
2025-06-22,ST05,P011,118
2025-06-22,ST05,P012,144
2025-06-22,ST05,P013,178
2025-06-22,ST05,P014,234
2025-06-22,ST05,P015,200
2025-06-22,ST05,P016,134
2025-06-22,ST05,P017,180
2025-06-22,ST05,P018,171
2025-06-22,ST05,P019,201
2025-06-22,ST05,P020,169
2025-06-22,ST05,P021,129
2025-06-22,ST05,P022,188
2025-06-22,ST05,P023,121
2025-06-22,ST05,P024,235
2025-06-22,ST05,P025,72
2025-06-22,ST05,P026,177
2025-06-22,ST05,P027,188
2025-06-22,ST05,P028,179
2025-06-22,ST05,P029,186
2025-06-22,ST05,P030,219
2025-06-23,ST01,P001,172
2025-06-23,ST01,P002,169
2025-06-23,ST01,P003,148
2025-06-23,ST01,P004,244
2025-06-23,ST01,P005,254
2025-06-23,ST01,P006,170
2025-06-23,ST01,P007,195
2025-06-23,ST01,P008,133
2025-06-23,ST01,P009,234
2025-06-23,ST01,P010,254
2025-06-23,ST01,P011,206
2025-06-23,ST01,P012,112
2025-06-23,ST01,P013,159
2025-06-23,ST01,P014,79
2025-06-23,ST01,P015,141
2025-06-23,ST01,P016,209
2025-06-23,ST01,P017,158
2025-06-23,ST01,P018,162
2025-06-23,ST01,P019,188
2025-06-23,ST01,P020,133
2025-06-23,ST01,P021,113
2025-06-23,ST01,P022,244
2025-06-23,ST01,P023,194
2025-06-23,ST01,P024,126
2025-06-23,ST01,P025,92
2025-06-23,ST01,P026,159
2025-06-23,ST01,P027,208
2025-06-23,ST01,P028,223
2025-06-23,ST01,P029,144
2025-06-23,ST01,P030,119
2025-06-23,ST02,P001,136
2025-06-23,ST02,P002,193
2025-06-23,ST02,P003,132
2025-06-23,ST02,P004,128
2025-06-23,ST02,P005,219
2025-06-23,ST02,P006,73
2025-06-23,ST02,P007,97
2025-06-23,ST02,P008,114
2025-06-23,ST02,P009,148
2025-06-23,ST02,P010,214
2025-06-23,ST02,P011,142
2025-06-23,ST02,P012,176
2025-06-23,ST02,P013,124
2025-06-23,ST02,P014,176
2025-06-23,ST02,P015,191
2025-06-23,ST02,P016,221
2025-06-23,ST02,P017,131
2025-06-23,ST02,P018,137
2025-06-23,ST02,P019,115
2025-06-23,ST02,P020,181
2025-06-23,ST02,P021,116
2025-06-23,ST02,P022,243
2025-06-23,ST02,P023,99
2025-06-23,ST02,P024,125
2025-06-23,ST02,P025,265
2025-06-23,ST02,P026,163
2025-06-23,ST02,P027,199
2025-06-23,ST02,P028,208
2025-06-23,ST02,P029,182
2025-06-23,ST02,P030,147
2025-06-23,ST03,P001,233
2025-06-23,ST03,P002,171
2025-06-23,ST03,P003,141
2025-06-23,ST03,P004,193
2025-06-23,ST03,P005,246
2025-06-23,ST03,P006,53
2025-06-23,ST03,P007,143
2025-06-23,ST03,P008,109
2025-06-23,ST03,P009,191
2025-06-23,ST03,P010,215
2025-06-23,ST03,P011,166
2025-06-23,ST03,P012,87
2025-06-23,ST03,P013,155
2025-06-23,ST03,P014,160
2025-06-23,ST03,P015,199
2025-06-23,ST03,P016,173
2025-06-23,ST03,P017,178
2025-06-23,ST03,P018,216
2025-06-23,ST03,P019,187
2025-06-23,ST03,P020,110
2025-06-23,ST03,P021,193
2025-06-23,ST03,P022,148
2025-06-23,ST03,P023,121
2025-06-23,ST03,P024,199
2025-06-23,ST03,P025,188
2025-06-23,ST03,P026,99
2025-06-23,ST03,P027,210
2025-06-23,ST03,P028,201
2025-06-23,ST03,P029,123
2025-06-23,ST03,P030,63
2025-06-23,ST04,P001,165
2025-06-23,ST04,P002,190
2025-06-23,ST04,P003,128
2025-06-23,ST04,P004,199
2025-06-23,ST04,P005,177
2025-06-23,ST04,P006,71
2025-06-23,ST04,P007,145
2025-06-23,ST04,P008,84
2025-06-23,ST04,P009,214
2025-06-23,ST04,P010,195
2025-06-23,ST04,P011,159
2025-06-23,ST04,P012,160
2025-06-23,ST04,P013,181
2025-06-23,ST04,P014,236
2025-06-23,ST04,P015,175
2025-06-23,ST04,P016,122
2025-06-23,ST04,P017,201
2025-06-23,ST04,P018,179
2025-06-23,ST04,P019,123
2025-06-23,ST04,P020,132
2025-06-23,ST04,P021,54
2025-06-23,ST04,P022,145
2025-06-23,ST04,P023,183
2025-06-23,ST04,P024,103
2025-06-23,ST04,P025,152
2025-06-23,ST04,P026,132
2025-06-23,ST04,P027,80
2025-06-23,ST04,P028,84
2025-06-23,ST04,P029,179
2025-06-23,ST04,P030,217
2025-06-23,ST05,P001,194
2025-06-23,ST05,P002,152
2025-06-23,ST05,P003,227
2025-06-23,ST05,P004,203
2025-06-23,ST05,P005,85
2025-06-23,ST05,P006,170
2025-06-23,ST05,P007,121
2025-06-23,ST05,P008,152
2025-06-23,ST05,P009,135
2025-06-23,ST05,P010,102
2025-06-23,ST05,P011,110
2025-06-23,ST05,P012,138
2025-06-23,ST05,P013,170
2025-06-23,ST05,P014,232
2025-06-23,ST05,P015,196
2025-06-23,ST05,P016,126
2025-06-23,ST05,P017,173
2025-06-23,ST05,P018,165
2025-06-23,ST05,P019,193
2025-06-23,ST05,P020,166
2025-06-23,ST05,P021,124
2025-06-23,ST05,P022,185
2025-06-23,ST05,P023,113
2025-06-23,ST05,P024,232
2025-06-23,ST05,P025,63
2025-06-23,ST05,P026,175
2025-06-23,ST05,P027,187
2025-06-23,ST05,P028,175
2025-06-23,ST05,P029,178
2025-06-23,ST05,P030,215
2025-06-24,ST01,P001,170
2025-06-24,ST01,P002,159
2025-06-24,ST01,P003,144
2025-06-24,ST01,P004,243
2025-06-24,ST01,P005,252
2025-06-24,ST01,P006,168
2025-06-24,ST01,P007,188
2025-06-24,ST01,P008,124
2025-06-24,ST01,P009,227
2025-06-24,ST01,P010,251
2025-06-24,ST01,P011,202
2025-06-24,ST01,P012,101
2025-06-24,ST01,P013,156
2025-06-24,ST01,P014,70
2025-06-24,ST01,P015,131
2025-06-24,ST01,P016,207
2025-06-24,ST01,P017,149
2025-06-24,ST01,P018,152
2025-06-24,ST01,P019,184
2025-06-24,ST01,P020,129
2025-06-24,ST01,P021,107
2025-06-24,ST01,P022,241
2025-06-24,ST01,P023,189
2025-06-24,ST01,P024,120
2025-06-24,ST01,P025,79
2025-06-24,ST01,P026,149
2025-06-24,ST01,P027,205
2025-06-24,ST01,P028,218
2025-06-24,ST01,P029,142
2025-06-24,ST01,P030,108
2025-06-24,ST02,P001,125
2025-06-24,ST02,P002,190
2025-06-24,ST02,P003,129
2025-06-24,ST02,P004,123
2025-06-24,ST02,P005,216
2025-06-24,ST02,P006,66
2025-06-24,ST02,P007,95
2025-06-24,ST02,P008,108
2025-06-24,ST02,P009,146
2025-06-24,ST02,P010,212
2025-06-24,ST02,P011,139
2025-06-24,ST02,P012,174
2025-06-24,ST02,P013,112
2025-06-24,ST02,P014,170
2025-06-24,ST02,P015,188
2025-06-24,ST02,P016,217
2025-06-24,ST02,P017,129
2025-06-24,ST02,P018,132
2025-06-24,ST02,P019,107
2025-06-24,ST02,P020,179
2025-06-24,ST02,P021,111
2025-06-24,ST02,P022,241
2025-06-24,ST02,P023,86
2025-06-24,ST02,P024,118
2025-06-24,ST02,P025,262
2025-06-24,ST02,P026,159
2025-06-24,ST02,P027,198
2025-06-24,ST02,P028,203
2025-06-24,ST02,P029,182
2025-06-24,ST02,P030,140
2025-06-24,ST03,P001,231
2025-06-24,ST03,P002,168
2025-06-24,ST03,P003,134
2025-06-24,ST03,P004,188
2025-06-24,ST03,P005,242
2025-06-24,ST03,P006,45
2025-06-24,ST03,P007,138
2025-06-24,ST03,P008,103
2025-06-24,ST03,P009,186
2025-06-24,ST03,P010,212
2025-06-24,ST03,P011,165
2025-06-24,ST03,P012,82
2025-06-24,ST03,P013,149
2025-06-24,ST03,P014,158
2025-06-24,ST03,P015,197
2025-06-24,ST03,P016,171
2025-06-24,ST03,P017,173
2025-06-24,ST03,P018,213
2025-06-24,ST03,P019,182
2025-06-24,ST03,P020,104
2025-06-24,ST03,P021,190
2025-06-24,ST03,P022,146
2025-06-24,ST03,P023,115
2025-06-24,ST03,P024,196
2025-06-24,ST03,P025,186
2025-06-24,ST03,P026,87
2025-06-24,ST03,P027,205
2025-06-24,ST03,P028,195
2025-06-24,ST03,P029,118
2025-06-24,ST03,P030,54
2025-06-24,ST04,P001,162
2025-06-24,ST04,P002,188
2025-06-24,ST04,P003,123
2025-06-24,ST04,P004,194
2025-06-24,ST04,P005,174
2025-06-24,ST04,P006,66
2025-06-24,ST04,P007,134
2025-06-24,ST04,P008,74
2025-06-24,ST04,P009,212
2025-06-24,ST04,P010,190
2025-06-24,ST04,P011,155
2025-06-24,ST04,P012,157
2025-06-24,ST04,P013,177
2025-06-24,ST04,P014,233
2025-06-24,ST04,P015,170
2025-06-24,ST04,P016,118
2025-06-24,ST04,P017,198
2025-06-24,ST04,P018,174
2025-06-24,ST04,P019,115
2025-06-24,ST04,P020,128
2025-06-24,ST04,P021,45
2025-06-24,ST04,P022,140
2025-06-24,ST04,P023,181
2025-06-24,ST04,P024,94
2025-06-24,ST04,P025,143
2025-06-24,ST04,P026,125
2025-06-24,ST04,P027,75
2025-06-24,ST04,P028,74
2025-06-24,ST04,P029,176
2025-06-24,ST04,P030,211
2025-06-24,ST05,P001,190
2025-06-24,ST05,P002,149
2025-06-24,ST05,P003,225
2025-06-24,ST05,P004,201
2025-06-24,ST05,P005,75
2025-06-24,ST05,P006,168
2025-06-24,ST05,P007,113
2025-06-24,ST05,P008,146
2025-06-24,ST05,P009,131
2025-06-24,ST05,P010,93
2025-06-24,ST05,P011,98
2025-06-24,ST05,P012,135
2025-06-24,ST05,P013,162
2025-06-24,ST05,P014,229
2025-06-24,ST05,P015,191
2025-06-24,ST05,P016,122
2025-06-24,ST05,P017,167
2025-06-24,ST05,P018,158
2025-06-24,ST05,P019,183
2025-06-24,ST05,P020,165
2025-06-24,ST05,P021,119
2025-06-24,ST05,P022,177
2025-06-24,ST05,P023,108
2025-06-24,ST05,P024,229
2025-06-24,ST05,P025,54
2025-06-24,ST05,P026,173
2025-06-24,ST05,P027,185
2025-06-24,ST05,P028,167
2025-06-24,ST05,P029,170
2025-06-24,ST05,P030,210
2025-06-25,ST01,P001,168
2025-06-25,ST01,P002,151
2025-06-25,ST01,P003,137
2025-06-25,ST01,P004,240
2025-06-25,ST01,P005,250
2025-06-25,ST01,P006,167
2025-06-25,ST01,P007,182
2025-06-25,ST01,P008,114
2025-06-25,ST01,P009,221
2025-06-25,ST01,P010,248
2025-06-25,ST01,P011,195
2025-06-25,ST01,P012,93
2025-06-25,ST01,P013,152
2025-06-25,ST01,P014,64
2025-06-25,ST01,P015,123
2025-06-25,ST01,P016,205
2025-06-25,ST01,P017,139
2025-06-25,ST01,P018,145
2025-06-25,ST01,P019,178
2025-06-25,ST01,P020,126
2025-06-25,ST01,P021,98
2025-06-25,ST01,P022,239
2025-06-25,ST01,P023,184
2025-06-25,ST01,P024,115
2025-06-25,ST01,P025,70
2025-06-25,ST01,P026,137
2025-06-25,ST01,P027,202
2025-06-25,ST01,P028,209
2025-06-25,ST01,P029,140
2025-06-25,ST01,P030,102
2025-06-25,ST02,P001,119
2025-06-25,ST02,P002,186
2025-06-25,ST02,P003,123
2025-06-25,ST02,P004,115
2025-06-25,ST02,P005,214
2025-06-25,ST02,P006,61
2025-06-25,ST02,P007,90
2025-06-25,ST02,P008,100
2025-06-25,ST02,P009,143
2025-06-25,ST02,P010,211
2025-06-25,ST02,P011,134
2025-06-25,ST02,P012,173
2025-06-25,ST02,P013,106
2025-06-25,ST02,P014,165
2025-06-25,ST02,P015,181
2025-06-25,ST02,P016,213
2025-06-25,ST02,P017,125
2025-06-25,ST02,P018,121
2025-06-25,ST02,P019,102
2025-06-25,ST02,P020,178
2025-06-25,ST02,P021,106
2025-06-25,ST02,P022,238
2025-06-25,ST02,P023,77
2025-06-25,ST02,P024,112
2025-06-25,ST02,P025,259
2025-06-25,ST02,P026,152
2025-06-25,ST02,P027,190
2025-06-25,ST02,P028,201
2025-06-25,ST02,P029,173
2025-06-25,ST02,P030,137
2025-06-25,ST03,P001,229
2025-06-25,ST03,P002,165
2025-06-25,ST03,P003,128
2025-06-25,ST03,P004,186
2025-06-25,ST03,P005,237
2025-06-25,ST03,P006,36
2025-06-25,ST03,P007,133
2025-06-25,ST03,P008,98
2025-06-25,ST03,P009,178
2025-06-25,ST03,P010,209
2025-06-25,ST03,P011,162
2025-06-25,ST03,P012,78
2025-06-25,ST03,P013,143
2025-06-25,ST03,P014,155
2025-06-25,ST03,P015,195
2025-06-25,ST03,P016,169
2025-06-25,ST03,P017,164
2025-06-25,ST03,P018,211
2025-06-25,ST03,P019,179
2025-06-25,ST03,P020,96
2025-06-25,ST03,P021,187
2025-06-25,ST03,P022,144
2025-06-25,ST03,P023,108
2025-06-25,ST03,P024,193
2025-06-25,ST03,P025,183
2025-06-25,ST03,P026,77
2025-06-25,ST03,P027,198
2025-06-25,ST03,P028,192
2025-06-25,ST03,P029,109
2025-06-25,ST03,P030,43
2025-06-25,ST04,P001,159
2025-06-25,ST04,P002,186
2025-06-25,ST04,P003,120
2025-06-25,ST04,P004,187
2025-06-25,ST04,P005,170
2025-06-25,ST04,P006,56
2025-06-25,ST04,P007,128
2025-06-25,ST04,P008,63
2025-06-25,ST04,P009,210
2025-06-25,ST04,P010,183
2025-06-25,ST04,P011,153
2025-06-25,ST04,P012,148
2025-06-25,ST04,P013,176
2025-06-25,ST04,P014,231
2025-06-25,ST04,P015,162
2025-06-25,ST04,P016,112
2025-06-25,ST04,P017,197
2025-06-25,ST04,P018,171
2025-06-25,ST04,P019,108
2025-06-25,ST04,P020,122
2025-06-25,ST04,P021,33
2025-06-25,ST04,P022,133
2025-06-25,ST04,P023,179
2025-06-25,ST04,P024,84
2025-06-25,ST04,P025,138
2025-06-25,ST04,P026,114
2025-06-25,ST04,P027,64
2025-06-25,ST04,P028,68
2025-06-25,ST04,P029,174
2025-06-25,ST04,P030,204
2025-06-25,ST05,P001,187
2025-06-25,ST05,P002,146
2025-06-25,ST05,P003,223
2025-06-25,ST05,P004,197
2025-06-25,ST05,P005,66
2025-06-25,ST05,P006,165
2025-06-25,ST05,P007,106
2025-06-25,ST05,P008,139
2025-06-25,ST05,P009,125
2025-06-25,ST05,P010,80
2025-06-25,ST05,P011,94
2025-06-25,ST05,P012,129
2025-06-25,ST05,P013,153
2025-06-25,ST05,P014,226
2025-06-25,ST05,P015,188
2025-06-25,ST05,P016,115
2025-06-25,ST05,P017,159
2025-06-25,ST05,P018,153
2025-06-25,ST05,P019,175
2025-06-25,ST05,P020,163
2025-06-25,ST05,P021,113
2025-06-25,ST05,P022,172
2025-06-25,ST05,P023,102
2025-06-25,ST05,P024,225
2025-06-25,ST05,P025,44
2025-06-25,ST05,P026,170
2025-06-25,ST05,P027,183
2025-06-25,ST05,P028,162
2025-06-25,ST05,P029,164
2025-06-25,ST05,P030,208
2025-06-26,ST01,P001,164
2025-06-26,ST01,P002,140
2025-06-26,ST01,P003,132
2025-06-26,ST01,P004,238
2025-06-26,ST01,P005,248
2025-06-26,ST01,P006,165
2025-06-26,ST01,P007,177
2025-06-26,ST01,P008,103
2025-06-26,ST01,P009,217
2025-06-26,ST01,P010,246
2025-06-26,ST01,P011,187
2025-06-26,ST01,P012,90
2025-06-26,ST01,P013,148
2025-06-26,ST01,P014,50
2025-06-26,ST01,P015,116
2025-06-26,ST01,P016,203
2025-06-26,ST01,P017,128
2025-06-26,ST01,P018,140
2025-06-26,ST01,P019,173
2025-06-26,ST01,P020,122
2025-06-26,ST01,P021,92
2025-06-26,ST01,P022,237
2025-06-26,ST01,P023,179
2025-06-26,ST01,P024,112
2025-06-26,ST01,P025,60
2025-06-26,ST01,P026,127
2025-06-26,ST01,P027,199
2025-06-26,ST01,P028,204
2025-06-26,ST01,P029,137
2025-06-26,ST01,P030,95
2025-06-26,ST02,P001,112
2025-06-26,ST02,P002,182
2025-06-26,ST02,P003,114
2025-06-26,ST02,P004,109
2025-06-26,ST02,P005,211
2025-06-26,ST02,P006,51
2025-06-26,ST02,P007,85
2025-06-26,ST02,P008,95
2025-06-26,ST02,P009,139
2025-06-26,ST02,P010,209
2025-06-26,ST02,P011,131
2025-06-26,ST02,P012,171
2025-06-26,ST02,P013,99
2025-06-26,ST02,P014,160
2025-06-26,ST02,P015,174
2025-06-26,ST02,P016,208
2025-06-26,ST02,P017,123
2025-06-26,ST02,P018,115
2025-06-26,ST02,P019,95
2025-06-26,ST02,P020,176
2025-06-26,ST02,P021,101
2025-06-26,ST02,P022,236
2025-06-26,ST02,P023,70
2025-06-26,ST02,P024,106
2025-06-26,ST02,P025,256
2025-06-26,ST02,P026,146
2025-06-26,ST02,P027,184
2025-06-26,ST02,P028,197
2025-06-26,ST02,P029,165
2025-06-26,ST02,P030,131
2025-06-26,ST03,P001,225
2025-06-26,ST03,P002,157
2025-06-26,ST03,P003,121
2025-06-26,ST03,P004,183
2025-06-26,ST03,P005,234
2025-06-26,ST03,P006,27
2025-06-26,ST03,P007,125
2025-06-26,ST03,P008,94
2025-06-26,ST03,P009,170
2025-06-26,ST03,P010,207
2025-06-26,ST03,P011,157
2025-06-26,ST03,P012,75
2025-06-26,ST03,P013,138
2025-06-26,ST03,P014,152
2025-06-26,ST03,P015,191
2025-06-26,ST03,P016,167
2025-06-26,ST03,P017,158
2025-06-26,ST03,P018,208
2025-06-26,ST03,P019,171
2025-06-26,ST03,P020,86
2025-06-26,ST03,P021,184
2025-06-26,ST03,P022,141
2025-06-26,ST03,P023,102
2025-06-26,ST03,P024,190
2025-06-26,ST03,P025,180
2025-06-26,ST03,P026,68
2025-06-26,ST03,P027,193
2025-06-26,ST03,P028,184
2025-06-26,ST03,P029,103
2025-06-26,ST03,P030,32
2025-06-26,ST04,P001,155
2025-06-26,ST04,P002,183
2025-06-26,ST04,P003,113
2025-06-26,ST04,P004,182
2025-06-26,ST04,P005,165
2025-06-26,ST04,P006,50
2025-06-26,ST04,P007,123
2025-06-26,ST04,P008,52
2025-06-26,ST04,P009,209
2025-06-26,ST04,P010,180
2025-06-26,ST04,P011,147
2025-06-26,ST04,P012,138
2025-06-26,ST04,P013,172
2025-06-26,ST04,P014,227
2025-06-26,ST04,P015,156
2025-06-26,ST04,P016,108
2025-06-26,ST04,P017,195
2025-06-26,ST04,P018,166
2025-06-26,ST04,P019,98
2025-06-26,ST04,P020,119
2025-06-26,ST04,P021,25
2025-06-26,ST04,P022,128
2025-06-26,ST04,P023,177
2025-06-26,ST04,P024,76
2025-06-26,ST04,P025,129
2025-06-26,ST04,P026,106
2025-06-26,ST04,P027,58
2025-06-26,ST04,P028,59
2025-06-26,ST04,P029,171
2025-06-26,ST04,P030,201
2025-06-26,ST05,P001,184
2025-06-26,ST05,P002,140
2025-06-26,ST05,P003,221
2025-06-26,ST05,P004,192
2025-06-26,ST05,P005,59
2025-06-26,ST05,P006,163
2025-06-26,ST05,P007,97
2025-06-26,ST05,P008,134
2025-06-26,ST05,P009,120
2025-06-26,ST05,P010,72
2025-06-26,ST05,P011,86
2025-06-26,ST05,P012,123
2025-06-26,ST05,P013,146
2025-06-26,ST05,P014,223
2025-06-26,ST05,P015,185
2025-06-26,ST05,P016,110
2025-06-26,ST05,P017,153
2025-06-26,ST05,P018,150
2025-06-26,ST05,P019,173
2025-06-26,ST05,P020,162
2025-06-26,ST05,P021,108
2025-06-26,ST05,P022,168
2025-06-26,ST05,P023,98
2025-06-26,ST05,P024,222
2025-06-26,ST05,P025,32
2025-06-26,ST05,P026,167
2025-06-26,ST05,P027,180
2025-06-26,ST05,P028,154
2025-06-26,ST05,P029,158
2025-06-26,ST05,P030,206
2025-06-27,ST01,P001,160
2025-06-27,ST01,P002,134
2025-06-27,ST01,P003,126
2025-06-27,ST01,P004,236
2025-06-27,ST01,P005,246
2025-06-27,ST01,P006,163
2025-06-27,ST01,P007,169
2025-06-27,ST01,P008,99
2025-06-27,ST01,P009,212
2025-06-27,ST01,P010,244
2025-06-27,ST01,P011,184
2025-06-27,ST01,P012,81
2025-06-27,ST01,P013,142
2025-06-27,ST01,P014,41
2025-06-27,ST01,P015,107
2025-06-27,ST01,P016,201
2025-06-27,ST01,P017,122
2025-06-27,ST01,P018,133
2025-06-27,ST01,P019,170
2025-06-27,ST01,P020,118
2025-06-27,ST01,P021,89
2025-06-27,ST01,P022,234
2025-06-27,ST01,P023,175
2025-06-27,ST01,P024,107
2025-06-27,ST01,P025,55
2025-06-27,ST01,P026,119
2025-06-27,ST01,P027,195
2025-06-27,ST01,P028,198
2025-06-27,ST01,P029,134
2025-06-27,ST01,P030,87
2025-06-27,ST02,P001,101
2025-06-27,ST02,P002,177
2025-06-27,ST02,P003,109
2025-06-27,ST02,P004,104
2025-06-27,ST02,P005,209
2025-06-27,ST02,P006,40
2025-06-27,ST02,P007,81
2025-06-27,ST02,P008,92
2025-06-27,ST02,P009,134
2025-06-27,ST02,P010,207
2025-06-27,ST02,P011,127
2025-06-27,ST02,P012,169
2025-06-27,ST02,P013,94
2025-06-27,ST02,P014,153
2025-06-27,ST02,P015,170
2025-06-27,ST02,P016,204
2025-06-27,ST02,P017,121
2025-06-27,ST02,P018,108
2025-06-27,ST02,P019,86
2025-06-27,ST02,P020,174
2025-06-27,ST02,P021,97
2025-06-27,ST02,P022,233
2025-06-27,ST02,P023,61
2025-06-27,ST02,P024,99
2025-06-27,ST02,P025,255
2025-06-27,ST02,P026,141
2025-06-27,ST02,P027,177
2025-06-27,ST02,P028,193
2025-06-27,ST02,P029,155
2025-06-27,ST02,P030,125
2025-06-27,ST03,P001,222
2025-06-27,ST03,P002,152
2025-06-27,ST03,P003,115
2025-06-27,ST03,P004,180
2025-06-27,ST03,P005,229
2025-06-27,ST03,P006,78
2025-06-27,ST03,P007,118
2025-06-27,ST03,P008,90
2025-06-27,ST03,P009,166
2025-06-27,ST03,P010,204
2025-06-27,ST03,P011,153
2025-06-27,ST03,P012,70
2025-06-27,ST03,P013,133
2025-06-27,ST03,P014,149
2025-06-27,ST03,P015,187
2025-06-27,ST03,P016,165
2025-06-27,ST03,P017,154
2025-06-27,ST03,P018,205
2025-06-27,ST03,P019,162
2025-06-27,ST03,P020,78
2025-06-27,ST03,P021,182
2025-06-27,ST03,P022,139
2025-06-27,ST03,P023,98
2025-06-27,ST03,P024,186
2025-06-27,ST03,P025,176
2025-06-27,ST03,P026,62
2025-06-27,ST03,P027,185
2025-06-27,ST03,P028,180
2025-06-27,ST03,P029,94
2025-06-27,ST03,P030,21
2025-06-27,ST04,P001,151
2025-06-27,ST04,P002,180
2025-06-27,ST04,P003,109
2025-06-27,ST04,P004,178
2025-06-27,ST04,P005,159
2025-06-27,ST04,P006,45
2025-06-27,ST04,P007,119
2025-06-27,ST04,P008,46
2025-06-27,ST04,P009,207
2025-06-27,ST04,P010,174
2025-06-27,ST04,P011,144
2025-06-27,ST04,P012,128
2025-06-27,ST04,P013,168
2025-06-27,ST04,P014,225
2025-06-27,ST04,P015,154
2025-06-27,ST04,P016,105
2025-06-27,ST04,P017,193
2025-06-27,ST04,P018,163
2025-06-27,ST04,P019,92
2025-06-27,ST04,P020,115
2025-06-27,ST04,P021,60
2025-06-27,ST04,P022,125
2025-06-27,ST04,P023,175
2025-06-27,ST04,P024,63
2025-06-27,ST04,P025,122
2025-06-27,ST04,P026,95
2025-06-27,ST04,P027,53
2025-06-27,ST04,P028,57
2025-06-27,ST04,P029,169
2025-06-27,ST04,P030,199
2025-06-27,ST05,P001,182
2025-06-27,ST05,P002,136
2025-06-27,ST05,P003,219
2025-06-27,ST05,P004,187
2025-06-27,ST05,P005,52
2025-06-27,ST05,P006,159
2025-06-27,ST05,P007,93
2025-06-27,ST05,P008,130
2025-06-27,ST05,P009,117
2025-06-27,ST05,P010,61
2025-06-27,ST05,P011,76
2025-06-27,ST05,P012,119
2025-06-27,ST05,P013,137
2025-06-27,ST05,P014,222
2025-06-27,ST05,P015,182
2025-06-27,ST05,P016,101
2025-06-27,ST05,P017,146
2025-06-27,ST05,P018,142
2025-06-27,ST05,P019,165
2025-06-27,ST05,P020,159
2025-06-27,ST05,P021,101
2025-06-27,ST05,P022,162
2025-06-27,ST05,P023,90
2025-06-27,ST05,P024,218
2025-06-27,ST05,P025,24
2025-06-27,ST05,P026,165
2025-06-27,ST05,P027,177
2025-06-27,ST05,P028,148
2025-06-27,ST05,P029,151
2025-06-27,ST05,P030,203
2025-06-28,ST01,P001,156
2025-06-28,ST01,P002,128
2025-06-28,ST01,P003,119
2025-06-28,ST01,P004,235
2025-06-28,ST01,P005,245
2025-06-28,ST01,P006,161
2025-06-28,ST01,P007,162
2025-06-28,ST01,P008,95
2025-06-28,ST01,P009,208
2025-06-28,ST01,P010,241
2025-06-28,ST01,P011,178
2025-06-28,ST01,P012,73
2025-06-28,ST01,P013,132
2025-06-28,ST01,P014,34
2025-06-28,ST01,P015,100
2025-06-28,ST01,P016,199
2025-06-28,ST01,P017,114
2025-06-28,ST01,P018,126
2025-06-28,ST01,P019,167
2025-06-28,ST01,P020,116
2025-06-28,ST01,P021,80
2025-06-28,ST01,P022,233
2025-06-28,ST01,P023,168
2025-06-28,ST01,P024,103
2025-06-28,ST01,P025,49
2025-06-28,ST01,P026,114
2025-06-28,ST01,P027,193
2025-06-28,ST01,P028,193
2025-06-28,ST01,P029,131
2025-06-28,ST01,P030,85
2025-06-28,ST02,P001,93
2025-06-28,ST02,P002,173
2025-06-28,ST02,P003,103
2025-06-28,ST02,P004,99
2025-06-28,ST02,P005,206
2025-06-28,ST02,P006,25
2025-06-28,ST02,P007,77
2025-06-28,ST02,P008,83
2025-06-28,ST02,P009,129
2025-06-28,ST02,P010,206
2025-06-28,ST02,P011,124
2025-06-28,ST02,P012,168
2025-06-28,ST02,P013,87
2025-06-28,ST02,P014,142
2025-06-28,ST02,P015,162
2025-06-28,ST02,P016,200
2025-06-28,ST02,P017,119
2025-06-28,ST02,P018,99
2025-06-28,ST02,P019,74
2025-06-28,ST02,P020,172
2025-06-28,ST02,P021,93
2025-06-28,ST02,P022,232
2025-06-28,ST02,P023,56
2025-06-28,ST02,P024,93
2025-06-28,ST02,P025,252
2025-06-28,ST02,P026,137
2025-06-28,ST02,P027,171
2025-06-28,ST02,P028,189
2025-06-28,ST02,P029,144
2025-06-28,ST02,P030,120
2025-06-28,ST03,P001,220
2025-06-28,ST03,P002,145
2025-06-28,ST03,P003,107
2025-06-28,ST03,P004,177
2025-06-28,ST03,P005,225
2025-06-28,ST03,P006,67
2025-06-28,ST03,P007,112
2025-06-28,ST03,P008,84
2025-06-28,ST03,P009,161
2025-06-28,ST03,P010,202
2025-06-28,ST03,P011,148
2025-06-28,ST03,P012,66
2025-06-28,ST03,P013,127
2025-06-28,ST03,P014,146
2025-06-28,ST03,P015,184
2025-06-28,ST03,P016,164
2025-06-28,ST03,P017,146
2025-06-28,ST03,P018,203
2025-06-28,ST03,P019,158
2025-06-28,ST03,P020,74
2025-06-28,ST03,P021,180
2025-06-28,ST03,P022,137
2025-06-28,ST03,P023,87
2025-06-28,ST03,P024,184
2025-06-28,ST03,P025,174
2025-06-28,ST03,P026,51
2025-06-28,ST03,P027,180
2025-06-28,ST03,P028,172
2025-06-28,ST03,P029,86
2025-06-28,ST03,P030,15
2025-06-28,ST04,P001,148
2025-06-28,ST04,P002,178
2025-06-28,ST04,P003,101
2025-06-28,ST04,P004,173
2025-06-28,ST04,P005,153
2025-06-28,ST04,P006,36
2025-06-28,ST04,P007,111
2025-06-28,ST04,P008,38
2025-06-28,ST04,P009,204
2025-06-28,ST04,P010,170
2025-06-28,ST04,P011,140
2025-06-28,ST04,P012,120
2025-06-28,ST04,P013,165
2025-06-28,ST04,P014,223
2025-06-28,ST04,P015,148
2025-06-28,ST04,P016,101
2025-06-28,ST04,P017,188
2025-06-28,ST04,P018,159
2025-06-28,ST04,P019,86
2025-06-28,ST04,P020,114
2025-06-28,ST04,P021,51
2025-06-28,ST04,P022,122
2025-06-28,ST04,P023,172
2025-06-28,ST04,P024,56
2025-06-28,ST04,P025,113
2025-06-28,ST04,P026,84
2025-06-28,ST04,P027,45
2025-06-28,ST04,P028,48
2025-06-28,ST04,P029,165
2025-06-28,ST04,P030,193
2025-06-28,ST05,P001,180
2025-06-28,ST05,P002,132
2025-06-28,ST05,P003,217
2025-06-28,ST05,P004,182
2025-06-28,ST05,P005,46
2025-06-28,ST05,P006,155
2025-06-28,ST05,P007,86
2025-06-28,ST05,P008,125
2025-06-28,ST05,P009,113
2025-06-28,ST05,P010,55
2025-06-28,ST05,P011,69
2025-06-28,ST05,P012,115
2025-06-28,ST05,P013,130
2025-06-28,ST05,P014,220
2025-06-28,ST05,P015,178
2025-06-28,ST05,P016,93
2025-06-28,ST05,P017,139
2025-06-28,ST05,P018,137
2025-06-28,ST05,P019,157
2025-06-28,ST05,P020,158
2025-06-28,ST05,P021,93
2025-06-28,ST05,P022,155
2025-06-28,ST05,P023,84
2025-06-28,ST05,P024,215
2025-06-28,ST05,P025,17
2025-06-28,ST05,P026,164
2025-06-28,ST05,P027,175
2025-06-28,ST05,P028,142
2025-06-28,ST05,P029,147
2025-06-28,ST05,P030,199
2025-06-29,ST01,P001,194
2025-06-29,ST01,P002,170
2025-06-29,ST01,P003,195
2025-06-29,ST01,P004,310
2025-06-29,ST01,P005,274
2025-06-29,ST01,P006,225
2025-06-29,ST01,P007,187
2025-06-29,ST01,P008,118
2025-06-29,ST01,P009,270
2025-06-29,ST01,P010,274
2025-06-29,ST01,P011,250
2025-06-29,ST01,P012,112
2025-06-29,ST01,P013,188
2025-06-29,ST01,P014,59
2025-06-29,ST01,P015,137
2025-06-29,ST01,P016,239
2025-06-29,ST01,P017,171
2025-06-29,ST01,P018,150
2025-06-29,ST01,P019,224
2025-06-29,ST01,P020,173
2025-06-29,ST01,P021,146
2025-06-29,ST01,P022,265
2025-06-29,ST01,P023,230
2025-06-29,ST01,P024,158
2025-06-29,ST01,P025,110
2025-06-29,ST01,P026,178
2025-06-29,ST01,P027,223
2025-06-29,ST01,P028,228
2025-06-29,ST01,P029,198
2025-06-29,ST01,P030,146
2025-06-29,ST02,P001,152
2025-06-29,ST02,P002,234
2025-06-29,ST02,P003,155
2025-06-29,ST02,P004,132
2025-06-29,ST02,P005,247
2025-06-29,ST02,P006,88
2025-06-29,ST02,P007,125
2025-06-29,ST02,P008,116
2025-06-29,ST02,P009,184
2025-06-29,ST02,P010,264
2025-06-29,ST02,P011,183
2025-06-29,ST02,P012,231
2025-06-29,ST02,P013,111
2025-06-29,ST02,P014,179
2025-06-29,ST02,P015,217
2025-06-29,ST02,P016,239
2025-06-29,ST02,P017,151
2025-06-29,ST02,P018,162
2025-06-29,ST02,P019,127
2025-06-29,ST02,P020,240
2025-06-29,ST02,P021,141
2025-06-29,ST02,P022,309
2025-06-29,ST02,P023,118
2025-06-29,ST02,P024,134
2025-06-29,ST02,P025,312
2025-06-29,ST02,P026,204
2025-06-29,ST02,P027,209
2025-06-29,ST02,P028,265
2025-06-29,ST02,P029,178
2025-06-29,ST02,P030,176
2025-06-29,ST03,P001,270
2025-06-29,ST03,P002,201
2025-06-29,ST03,P003,167
2025-06-29,ST03,P004,247
2025-06-29,ST03,P005,278
2025-06-29,ST03,P006,95
2025-06-29,ST03,P007,176
2025-06-29,ST03,P008,115
2025-06-29,ST03,P009,208
2025-06-29,ST03,P010,232
2025-06-29,ST03,P011,179
2025-06-29,ST03,P012,107
2025-06-29,ST03,P013,164
2025-06-29,ST03,P014,206
2025-06-29,ST03,P015,240
2025-06-29,ST03,P016,221
2025-06-29,ST03,P017,210
2025-06-29,ST03,P018,250
2025-06-29,ST03,P019,214
2025-06-29,ST03,P020,109
2025-06-29,ST03,P021,242
2025-06-29,ST03,P022,200
2025-06-29,ST03,P023,132
2025-06-29,ST03,P024,247
2025-06-29,ST03,P025,235
2025-06-29,ST03,P026,92
2025-06-29,ST03,P027,240
2025-06-29,ST03,P028,220
2025-06-29,ST03,P029,142
2025-06-29,ST03,P030,84
2025-06-29,ST04,P001,208
2025-06-29,ST04,P002,214
2025-06-29,ST04,P003,159
2025-06-29,ST04,P004,239
2025-06-29,ST04,P005,188
2025-06-29,ST04,P006,81
2025-06-29,ST04,P007,179
2025-06-29,ST04,P008,76
2025-06-29,ST04,P009,239
2025-06-29,ST04,P010,225
2025-06-29,ST04,P011,204
2025-06-29,ST04,P012,154
2025-06-29,ST04,P013,207
2025-06-29,ST04,P014,253
2025-06-29,ST04,P015,180
2025-06-29,ST04,P016,165
2025-06-29,ST04,P017,226
2025-06-29,ST04,P018,189
2025-06-29,ST04,P019,138
2025-06-29,ST04,P020,161
2025-06-29,ST04,P021,77
2025-06-29,ST04,P022,194
2025-06-29,ST04,P023,205
2025-06-29,ST04,P024,95
2025-06-29,ST04,P025,172
2025-06-29,ST04,P026,113
2025-06-29,ST04,P027,75
2025-06-29,ST04,P028,118
2025-06-29,ST04,P029,232
2025-06-29,ST04,P030,261
2025-06-29,ST05,P001,250
2025-06-29,ST05,P002,179
2025-06-29,ST05,P003,248
2025-06-29,ST05,P004,222
2025-06-29,ST05,P005,69
2025-06-29,ST05,P006,193
2025-06-29,ST05,P007,156
2025-06-29,ST05,P008,177
2025-06-29,ST05,P009,148
2025-06-29,ST05,P010,109
2025-06-29,ST05,P011,137
2025-06-29,ST05,P012,175
2025-06-29,ST05,P013,184
2025-06-29,ST05,P014,289
2025-06-29,ST05,P015,203
2025-06-29,ST05,P016,161
2025-06-29,ST05,P017,190
2025-06-29,ST05,P018,186
2025-06-29,ST05,P019,205
2025-06-29,ST05,P020,201
2025-06-29,ST05,P021,164
2025-06-29,ST05,P022,204
2025-06-29,ST05,P023,157
2025-06-29,ST05,P024,285
2025-06-29,ST05,P025,57
2025-06-29,ST05,P026,222
2025-06-29,ST05,P027,207
2025-06-29,ST05,P028,188
2025-06-29,ST05,P029,188
2025-06-29,ST05,P030,238
2025-06-30,ST01,P001,189
2025-06-30,ST01,P002,161
2025-06-30,ST01,P003,188
2025-06-30,ST01,P004,308
2025-06-30,ST01,P005,273
2025-06-30,ST01,P006,223
2025-06-30,ST01,P007,180
2025-06-30,ST01,P008,107
2025-06-30,ST01,P009,266
2025-06-30,ST01,P010,272
2025-06-30,ST01,P011,247
2025-06-30,ST01,P012,101
2025-06-30,ST01,P013,183
2025-06-30,ST01,P014,47
2025-06-30,ST01,P015,132
2025-06-30,ST01,P016,238
2025-06-30,ST01,P017,162
2025-06-30,ST01,P018,143
2025-06-30,ST01,P019,218
2025-06-30,ST01,P020,168
2025-06-30,ST01,P021,141
2025-06-30,ST01,P022,263
2025-06-30,ST01,P023,227
2025-06-30,ST01,P024,154
2025-06-30,ST01,P025,98
2025-06-30,ST01,P026,170
2025-06-30,ST01,P027,219
2025-06-30,ST01,P028,224
2025-06-30,ST01,P029,194
2025-06-30,ST01,P030,134
2025-06-30,ST02,P001,143
2025-06-30,ST02,P002,230
2025-06-30,ST02,P003,148
2025-06-30,ST02,P004,130
2025-06-30,ST02,P005,244
2025-06-30,ST02,P006,74
2025-06-30,ST02,P007,119
2025-06-30,ST02,P008,113
2025-06-30,ST02,P009,180
2025-06-30,ST02,P010,263
2025-06-30,ST02,P011,178
2025-06-30,ST02,P012,229
2025-06-30,ST02,P013,106
2025-06-30,ST02,P014,174
2025-06-30,ST02,P015,208
2025-06-30,ST02,P016,236
2025-06-30,ST02,P017,149
2025-06-30,ST02,P018,155
2025-06-30,ST02,P019,119
2025-06-30,ST02,P020,237
2025-06-30,ST02,P021,138
2025-06-30,ST02,P022,308
2025-06-30,ST02,P023,109
2025-06-30,ST02,P024,128
2025-06-30,ST02,P025,310
2025-06-30,ST02,P026,200
2025-06-30,ST02,P027,203
2025-06-30,ST02,P028,262
2025-06-30,ST02,P029,170
2025-06-30,ST02,P030,172
2025-06-30,ST03,P001,267
2025-06-30,ST03,P002,195
2025-06-30,ST03,P003,157
2025-06-30,ST03,P004,246
2025-06-30,ST03,P005,275
2025-06-30,ST03,P006,86
2025-06-30,ST03,P007,169
2025-06-30,ST03,P008,112
2025-06-30,ST03,P009,203
2025-06-30,ST03,P010,231
2025-06-30,ST03,P011,176
2025-06-30,ST03,P012,104
2025-06-30,ST03,P013,161
2025-06-30,ST03,P014,205
2025-06-30,ST03,P015,236
2025-06-30,ST03,P016,219
2025-06-30,ST03,P017,206
2025-06-30,ST03,P018,246
2025-06-30,ST03,P019,207
2025-06-30,ST03,P020,100
2025-06-30,ST03,P021,239
2025-06-30,ST03,P022,197
2025-06-30,ST03,P023,123
2025-06-30,ST03,P024,244
2025-06-30,ST03,P025,233
2025-06-30,ST03,P026,87
2025-06-30,ST03,P027,236
2025-06-30,ST03,P028,216
2025-06-30,ST03,P029,134
2025-06-30,ST03,P030,78
2025-06-30,ST04,P001,204
2025-06-30,ST04,P002,212
2025-06-30,ST04,P003,154
2025-06-30,ST04,P004,234
2025-06-30,ST04,P005,182
2025-06-30,ST04,P006,72
2025-06-30,ST04,P007,175
2025-06-30,ST04,P008,68
2025-06-30,ST04,P009,237
2025-06-30,ST04,P010,220
2025-06-30,ST04,P011,201
2025-06-30,ST04,P012,146
2025-06-30,ST04,P013,205
2025-06-30,ST04,P014,250
2025-06-30,ST04,P015,175
2025-06-30,ST04,P016,159
2025-06-30,ST04,P017,223
2025-06-30,ST04,P018,185
2025-06-30,ST04,P019,129
2025-06-30,ST04,P020,155
2025-06-30,ST04,P021,68
2025-06-30,ST04,P022,191
2025-06-30,ST04,P023,202
2025-06-30,ST04,P024,89
2025-06-30,ST04,P025,166
2025-06-30,ST04,P026,104
2025-06-30,ST04,P027,70
2025-06-30,ST04,P028,107
2025-06-30,ST04,P029,229
2025-06-30,ST04,P030,254
2025-06-30,ST05,P001,247
2025-06-30,ST05,P002,176
2025-06-30,ST05,P003,246
2025-06-30,ST05,P004,216
2025-06-30,ST05,P005,61
2025-06-30,ST05,P006,190
2025-06-30,ST05,P007,149
2025-06-30,ST05,P008,171
2025-06-30,ST05,P009,143
2025-06-30,ST05,P010,103
2025-06-30,ST05,P011,130
2025-06-30,ST05,P012,170
2025-06-30,ST05,P013,178
2025-06-30,ST05,P014,286
2025-06-30,ST05,P015,200
2025-06-30,ST05,P016,153
2025-06-30,ST05,P017,184
2025-06-30,ST05,P018,184
2025-06-30,ST05,P019,197
2025-06-30,ST05,P020,198
2025-06-30,ST05,P021,158
2025-06-30,ST05,P022,198
2025-06-30,ST05,P023,149
2025-06-30,ST05,P024,282
2025-06-30,ST05,P025,46
2025-06-30,ST05,P026,221
2025-06-30,ST05,P027,205
2025-06-30,ST05,P028,180
2025-06-30,ST05,P029,181
2025-06-30,ST05,P030,234
2025-07-01,ST01,P001,185
2025-07-01,ST01,P002,153
2025-07-01,ST01,P003,180
2025-07-01,ST01,P004,306
2025-07-01,ST01,P005,270
2025-07-01,ST01,P006,221
2025-07-01,ST01,P007,175
2025-07-01,ST01,P008,98
2025-07-01,ST01,P009,259
2025-07-01,ST01,P010,271
2025-07-01,ST01,P011,244
2025-07-01,ST01,P012,93
2025-07-01,ST01,P013,176
2025-07-01,ST01,P014,34
2025-07-01,ST01,P015,126
2025-07-01,ST01,P016,236
2025-07-01,ST01,P017,155
2025-07-01,ST01,P018,137
2025-07-01,ST01,P019,214
2025-07-01,ST01,P020,165
2025-07-01,ST01,P021,134
2025-07-01,ST01,P022,261
2025-07-01,ST01,P023,224
2025-07-01,ST01,P024,147
2025-07-01,ST01,P025,89
2025-07-01,ST01,P026,165
2025-07-01,ST01,P027,215
2025-07-01,ST01,P028,217
2025-07-01,ST01,P029,191
2025-07-01,ST01,P030,125
2025-07-01,ST02,P001,136
2025-07-01,ST02,P002,227
2025-07-01,ST02,P003,140
2025-07-01,ST02,P004,123
2025-07-01,ST02,P005,241
2025-07-01,ST02,P006,64
2025-07-01,ST02,P007,114
2025-07-01,ST02,P008,104
2025-07-01,ST02,P009,173
2025-07-01,ST02,P010,262
2025-07-01,ST02,P011,174
2025-07-01,ST02,P012,227
2025-07-01,ST02,P013,101
2025-07-01,ST02,P014,164
2025-07-01,ST02,P015,202
2025-07-01,ST02,P016,231
2025-07-01,ST02,P017,148
2025-07-01,ST02,P018,146
2025-07-01,ST02,P019,107
2025-07-01,ST02,P020,235
2025-07-01,ST02,P021,132
2025-07-01,ST02,P022,307
2025-07-01,ST02,P023,101
2025-07-01,ST02,P024,123
2025-07-01,ST02,P025,307
2025-07-01,ST02,P026,196
2025-07-01,ST02,P027,197
2025-07-01,ST02,P028,260
2025-07-01,ST02,P029,162
2025-07-01,ST02,P030,167
2025-07-01,ST03,P001,264
2025-07-01,ST03,P002,189
2025-07-01,ST03,P003,148
2025-07-01,ST03,P004,244
2025-07-01,ST03,P005,272
2025-07-01,ST03,P006,78
2025-07-01,ST03,P007,164
2025-07-01,ST03,P008,107
2025-07-01,ST03,P009,197
2025-07-01,ST03,P010,229
2025-07-01,ST03,P011,172
2025-07-01,ST03,P012,100
2025-07-01,ST03,P013,155
2025-07-01,ST03,P014,201
2025-07-01,ST03,P015,233
2025-07-01,ST03,P016,217
2025-07-01,ST03,P017,200
2025-07-01,ST03,P018,244
2025-07-01,ST03,P019,201
2025-07-01,ST03,P020,90
2025-07-01,ST03,P021,237
2025-07-01,ST03,P022,195
2025-07-01,ST03,P023,118
2025-07-01,ST03,P024,240
2025-07-01,ST03,P025,231
2025-07-01,ST03,P026,82
2025-07-01,ST03,P027,232
2025-07-01,ST03,P028,212
2025-07-01,ST03,P029,133
2025-07-01,ST03,P030,72
2025-07-01,ST04,P001,201
2025-07-01,ST04,P002,209
2025-07-01,ST04,P003,152
2025-07-01,ST04,P004,229
2025-07-01,ST04,P005,178
2025-07-01,ST04,P006,65
2025-07-01,ST04,P007,170
2025-07-01,ST04,P008,61
2025-07-01,ST04,P009,233
2025-07-01,ST04,P010,216
2025-07-01,ST04,P011,199
2025-07-01,ST04,P012,142
2025-07-01,ST04,P013,203
2025-07-01,ST04,P014,247
2025-07-01,ST04,P015,173
2025-07-01,ST04,P016,153
2025-07-01,ST04,P017,219
2025-07-01,ST04,P018,181
2025-07-01,ST04,P019,122
2025-07-01,ST04,P020,148
2025-07-01,ST04,P021,61
2025-07-01,ST04,P022,188
2025-07-01,ST04,P023,201
2025-07-01,ST04,P024,77
2025-07-01,ST04,P025,157
2025-07-01,ST04,P026,101
2025-07-01,ST04,P027,62
2025-07-01,ST04,P028,102
2025-07-01,ST04,P029,227
2025-07-01,ST04,P030,249
2025-07-01,ST05,P001,244
2025-07-01,ST05,P002,172
2025-07-01,ST05,P003,244
2025-07-01,ST05,P004,211
2025-07-01,ST05,P005,52
2025-07-01,ST05,P006,188
2025-07-01,ST05,P007,141
2025-07-01,ST05,P008,165
2025-07-01,ST05,P009,136
2025-07-01,ST05,P010,91
2025-07-01,ST05,P011,122
2025-07-01,ST05,P012,164
2025-07-01,ST05,P013,171
2025-07-01,ST05,P014,284
2025-07-01,ST05,P015,196
2025-07-01,ST05,P016,144
2025-07-01,ST05,P017,179
2025-07-01,ST05,P018,179
2025-07-01,ST05,P019,188
2025-07-01,ST05,P020,196
2025-07-01,ST05,P021,152
2025-07-01,ST05,P022,190
2025-07-01,ST05,P023,142
2025-07-01,ST05,P024,279
2025-07-01,ST05,P025,39
2025-07-01,ST05,P026,219
2025-07-01,ST05,P027,201
2025-07-01,ST05,P028,174
2025-07-01,ST05,P029,171
2025-07-01,ST05,P030,232
2025-07-02,ST01,P001,184
2025-07-02,ST01,P002,143
2025-07-02,ST01,P003,173
2025-07-02,ST01,P004,304
2025-07-02,ST01,P005,267
2025-07-02,ST01,P006,217
2025-07-02,ST01,P007,171
2025-07-02,ST01,P008,91
2025-07-02,ST01,P009,257
2025-07-02,ST01,P010,269
2025-07-02,ST01,P011,239
2025-07-02,ST01,P012,86
2025-07-02,ST01,P013,172
2025-07-02,ST01,P014,28
2025-07-02,ST01,P015,116
2025-07-02,ST01,P016,235
2025-07-02,ST01,P017,148
2025-07-02,ST01,P018,130
2025-07-02,ST01,P019,209
2025-07-02,ST01,P020,160
2025-07-02,ST01,P021,128
2025-07-02,ST01,P022,259
2025-07-02,ST01,P023,222
2025-07-02,ST01,P024,142
2025-07-02,ST01,P025,79
2025-07-02,ST01,P026,155
2025-07-02,ST01,P027,213
2025-07-02,ST01,P028,212
2025-07-02,ST01,P029,190
2025-07-02,ST01,P030,116
2025-07-02,ST02,P001,129
2025-07-02,ST02,P002,221
2025-07-02,ST02,P003,133
2025-07-02,ST02,P004,119
2025-07-02,ST02,P005,238
2025-07-02,ST02,P006,56
2025-07-02,ST02,P007,107
2025-07-02,ST02,P008,92
2025-07-02,ST02,P009,169
2025-07-02,ST02,P010,260
2025-07-02,ST02,P011,170
2025-07-02,ST02,P012,226
2025-07-02,ST02,P013,92
2025-07-02,ST02,P014,157
2025-07-02,ST02,P015,191
2025-07-02,ST02,P016,226
2025-07-02,ST02,P017,147
2025-07-02,ST02,P018,138
2025-07-02,ST02,P019,101
2025-07-02,ST02,P020,234
2025-07-02,ST02,P021,127
2025-07-02,ST02,P022,304
2025-07-02,ST02,P023,95
2025-07-02,ST02,P024,116
2025-07-02,ST02,P025,304
2025-07-02,ST02,P026,190
2025-07-02,ST02,P027,191
2025-07-02,ST02,P028,256
2025-07-02,ST02,P029,157
2025-07-02,ST02,P030,162
2025-07-02,ST03,P001,261
2025-07-02,ST03,P002,185
2025-07-02,ST03,P003,142
2025-07-02,ST03,P004,241
2025-07-02,ST03,P005,268
2025-07-02,ST03,P006,69
2025-07-02,ST03,P007,156
2025-07-02,ST03,P008,102
2025-07-02,ST03,P009,190
2025-07-02,ST03,P010,226
2025-07-02,ST03,P011,168
2025-07-02,ST03,P012,96
2025-07-02,ST03,P013,148
2025-07-02,ST03,P014,198
2025-07-02,ST03,P015,231
2025-07-02,ST03,P016,214
2025-07-02,ST03,P017,196
2025-07-02,ST03,P018,241
2025-07-02,ST03,P019,193
2025-07-02,ST03,P020,83
2025-07-02,ST03,P021,234
2025-07-02,ST03,P022,191
2025-07-02,ST03,P023,111
2025-07-02,ST03,P024,236
2025-07-02,ST03,P025,229
2025-07-02,ST03,P026,71
2025-07-02,ST03,P027,225
2025-07-02,ST03,P028,204
2025-07-02,ST03,P029,126
2025-07-02,ST03,P030,62
2025-07-02,ST04,P001,196
2025-07-02,ST04,P002,207
2025-07-02,ST04,P003,148
2025-07-02,ST04,P004,226
2025-07-02,ST04,P005,172
2025-07-02,ST04,P006,58
2025-07-02,ST04,P007,162
2025-07-02,ST04,P008,52
2025-07-02,ST04,P009,231
2025-07-02,ST04,P010,212
2025-07-02,ST04,P011,195
2025-07-02,ST04,P012,135
2025-07-02,ST04,P013,202
2025-07-02,ST04,P014,243
2025-07-02,ST04,P015,167
2025-07-02,ST04,P016,149
2025-07-02,ST04,P017,216
2025-07-02,ST04,P018,179
2025-07-02,ST04,P019,115
2025-07-02,ST04,P020,143
2025-07-02,ST04,P021,55
2025-07-02,ST04,P022,182
2025-07-02,ST04,P023,199
2025-07-02,ST04,P024,67
2025-07-02,ST04,P025,152
2025-07-02,ST04,P026,98
2025-07-02,ST04,P027,53
2025-07-02,ST04,P028,92
2025-07-02,ST04,P029,223
2025-07-02,ST04,P030,244
2025-07-02,ST05,P001,242
2025-07-02,ST05,P002,168
2025-07-02,ST05,P003,242
2025-07-02,ST05,P004,203
2025-07-02,ST05,P005,47
2025-07-02,ST05,P006,185
2025-07-02,ST05,P007,134
2025-07-02,ST05,P008,161
2025-07-02,ST05,P009,131
2025-07-02,ST05,P010,84
2025-07-02,ST05,P011,117
2025-07-02,ST05,P012,158
2025-07-02,ST05,P013,167
2025-07-02,ST05,P014,280
2025-07-02,ST05,P015,192
2025-07-02,ST05,P016,136
2025-07-02,ST05,P017,174
2025-07-02,ST05,P018,173
2025-07-02,ST05,P019,182
2025-07-02,ST05,P020,194
2025-07-02,ST05,P021,148
2025-07-02,ST05,P022,185
2025-07-02,ST05,P023,137
2025-07-02,ST05,P024,277
2025-07-02,ST05,P025,33
2025-07-02,ST05,P026,216
2025-07-02,ST05,P027,198
2025-07-02,ST05,P028,168
2025-07-02,ST05,P029,167
2025-07-02,ST05,P030,228
2025-07-03,ST01,P001,181
2025-07-03,ST01,P002,133
2025-07-03,ST01,P003,168
2025-07-03,ST01,P004,303
2025-07-03,ST01,P005,266
2025-07-03,ST01,P006,215
2025-07-03,ST01,P007,167
2025-07-03,ST01,P008,85
2025-07-03,ST01,P009,253
2025-07-03,ST01,P010,266
2025-07-03,ST01,P011,233
2025-07-03,ST01,P012,80
2025-07-03,ST01,P013,166
2025-07-03,ST01,P014,83
2025-07-03,ST01,P015,107
2025-07-03,ST01,P016,233
2025-07-03,ST01,P017,141
2025-07-03,ST01,P018,121
2025-07-03,ST01,P019,201
2025-07-03,ST01,P020,156
2025-07-03,ST01,P021,123
2025-07-03,ST01,P022,256
2025-07-03,ST01,P023,214
2025-07-03,ST01,P024,137
2025-07-03,ST01,P025,70
2025-07-03,ST01,P026,149
2025-07-03,ST01,P027,210
2025-07-03,ST01,P028,209
2025-07-03,ST01,P029,188
2025-07-03,ST01,P030,108
2025-07-03,ST02,P001,124
2025-07-03,ST02,P002,217
2025-07-03,ST02,P003,129
2025-07-03,ST02,P004,114
2025-07-03,ST02,P005,236
2025-07-03,ST02,P006,39
2025-07-03,ST02,P007,100
2025-07-03,ST02,P008,83
2025-07-03,ST02,P009,161
2025-07-03,ST02,P010,258
2025-07-03,ST02,P011,164
2025-07-03,ST02,P012,224
2025-07-03,ST02,P013,83
2025-07-03,ST02,P014,146
2025-07-03,ST02,P015,181
2025-07-03,ST02,P016,221
2025-07-03,ST02,P017,145
2025-07-03,ST02,P018,133
2025-07-03,ST02,P019,96
2025-07-03,ST02,P020,232
2025-07-03,ST02,P021,122
2025-07-03,ST02,P022,301
2025-07-03,ST02,P023,88
2025-07-03,ST02,P024,109
2025-07-03,ST02,P025,301
2025-07-03,ST02,P026,185
2025-07-03,ST02,P027,189
2025-07-03,ST02,P028,252
2025-07-03,ST02,P029,145
2025-07-03,ST02,P030,156
2025-07-03,ST03,P001,257
2025-07-03,ST03,P002,179
2025-07-03,ST03,P003,133
2025-07-03,ST03,P004,238
2025-07-03,ST03,P005,265
2025-07-03,ST03,P006,57
2025-07-03,ST03,P007,149
2025-07-03,ST03,P008,98
2025-07-03,ST03,P009,184
2025-07-03,ST03,P010,224
2025-07-03,ST03,P011,166
2025-07-03,ST03,P012,89
2025-07-03,ST03,P013,141
2025-07-03,ST03,P014,195
2025-07-03,ST03,P015,228
2025-07-03,ST03,P016,213
2025-07-03,ST03,P017,189
2025-07-03,ST03,P018,237
2025-07-03,ST03,P019,185
2025-07-03,ST03,P020,72
2025-07-03,ST03,P021,232
2025-07-03,ST03,P022,186
2025-07-03,ST03,P023,105
2025-07-03,ST03,P024,233
2025-07-03,ST03,P025,227
2025-07-03,ST03,P026,64
2025-07-03,ST03,P027,222
2025-07-03,ST03,P028,198
2025-07-03,ST03,P029,118
2025-07-03,ST03,P030,55
2025-07-03,ST04,P001,193
2025-07-03,ST04,P002,204
2025-07-03,ST04,P003,144
2025-07-03,ST04,P004,221
2025-07-03,ST04,P005,165
2025-07-03,ST04,P006,51
2025-07-03,ST04,P007,156
2025-07-03,ST04,P008,41
2025-07-03,ST04,P009,228
2025-07-03,ST04,P010,208
2025-07-03,ST04,P011,192
2025-07-03,ST04,P012,124
2025-07-03,ST04,P013,200
2025-07-03,ST04,P014,239
2025-07-03,ST04,P015,164
2025-07-03,ST04,P016,145
2025-07-03,ST04,P017,212
2025-07-03,ST04,P018,174
2025-07-03,ST04,P019,105
2025-07-03,ST04,P020,139
2025-07-03,ST04,P021,45
2025-07-03,ST04,P022,177
2025-07-03,ST04,P023,198
2025-07-03,ST04,P024,55
2025-07-03,ST04,P025,141
2025-07-03,ST04,P026,90
2025-07-03,ST04,P027,53
2025-07-03,ST04,P028,85
2025-07-03,ST04,P029,220
2025-07-03,ST04,P030,238
2025-07-03,ST05,P001,239
2025-07-03,ST05,P002,161
2025-07-03,ST05,P003,239
2025-07-03,ST05,P004,198
2025-07-03,ST05,P005,39
2025-07-03,ST05,P006,182
2025-07-03,ST05,P007,129
2025-07-03,ST05,P008,157
2025-07-03,ST05,P009,126
2025-07-03,ST05,P010,76
2025-07-03,ST05,P011,106
2025-07-03,ST05,P012,152
2025-07-03,ST05,P013,159
2025-07-03,ST05,P014,277
2025-07-03,ST05,P015,189
2025-07-03,ST05,P016,128
2025-07-03,ST05,P017,168
2025-07-03,ST05,P018,168
2025-07-03,ST05,P019,179
2025-07-03,ST05,P020,191
2025-07-03,ST05,P021,142
2025-07-03,ST05,P022,182
2025-07-03,ST05,P023,129
2025-07-03,ST05,P024,275
2025-07-03,ST05,P025,22
2025-07-03,ST05,P026,215
2025-07-03,ST05,P027,197
2025-07-03,ST05,P028,164
2025-07-03,ST05,P029,162
2025-07-03,ST05,P030,225
2025-07-04,ST01,P001,178
2025-07-04,ST01,P002,128
2025-07-04,ST01,P003,162
2025-07-04,ST01,P004,301
2025-07-04,ST01,P005,264
2025-07-04,ST01,P006,213
2025-07-04,ST01,P007,160
2025-07-04,ST01,P008,80
2025-07-04,ST01,P009,246
2025-07-04,ST01,P010,265
2025-07-04,ST01,P011,228
2025-07-04,ST01,P012,67
2025-07-04,ST01,P013,161
2025-07-04,ST01,P014,74
2025-07-04,ST01,P015,99
2025-07-04,ST01,P016,232
2025-07-04,ST01,P017,134
2025-07-04,ST01,P018,114
2025-07-04,ST01,P019,196
2025-07-04,ST01,P020,153
2025-07-04,ST01,P021,118
2025-07-04,ST01,P022,254
2025-07-04,ST01,P023,207
2025-07-04,ST01,P024,131
2025-07-04,ST01,P025,64
2025-07-04,ST01,P026,139
2025-07-04,ST01,P027,208
2025-07-04,ST01,P028,205
2025-07-04,ST01,P029,185
2025-07-04,ST01,P030,98
2025-07-04,ST02,P001,117
2025-07-04,ST02,P002,213
2025-07-04,ST02,P003,121
2025-07-04,ST02,P004,107
2025-07-04,ST02,P005,233
2025-07-04,ST02,P006,25
2025-07-04,ST02,P007,93
2025-07-04,ST02,P008,74
2025-07-04,ST02,P009,155
2025-07-04,ST02,P010,257
2025-07-04,ST02,P011,159
2025-07-04,ST02,P012,222
2025-07-04,ST02,P013,78
2025-07-04,ST02,P014,138
2025-07-04,ST02,P015,172
2025-07-04,ST02,P016,216
2025-07-04,ST02,P017,143
2025-07-04,ST02,P018,127
2025-07-04,ST02,P019,83
2025-07-04,ST02,P020,229
2025-07-04,ST02,P021,118
2025-07-04,ST02,P022,298
2025-07-04,ST02,P023,78
2025-07-04,ST02,P024,100
2025-07-04,ST02,P025,299
2025-07-04,ST02,P026,179
2025-07-04,ST02,P027,184
2025-07-04,ST02,P028,247
2025-07-04,ST02,P029,135
2025-07-04,ST02,P030,151
2025-07-04,ST03,P001,253
2025-07-04,ST03,P002,174
2025-07-04,ST03,P003,124
2025-07-04,ST03,P004,235
2025-07-04,ST03,P005,261
2025-07-04,ST03,P006,47
2025-07-04,ST03,P007,142
2025-07-04,ST03,P008,94
2025-07-04,ST03,P009,181
2025-07-04,ST03,P010,221
2025-07-04,ST03,P011,163
2025-07-04,ST03,P012,85
2025-07-04,ST03,P013,131
2025-07-04,ST03,P014,191
2025-07-04,ST03,P015,223
2025-07-04,ST03,P016,212
2025-07-04,ST03,P017,183
2025-07-04,ST03,P018,234
2025-07-04,ST03,P019,177
2025-07-04,ST03,P020,65
2025-07-04,ST03,P021,230
2025-07-04,ST03,P022,183
2025-07-04,ST03,P023,98
2025-07-04,ST03,P024,229
2025-07-04,ST03,P025,224
2025-07-04,ST03,P026,53
2025-07-04,ST03,P027,216
2025-07-04,ST03,P028,191
2025-07-04,ST03,P029,111
2025-07-04,ST03,P030,49
2025-07-04,ST04,P001,190
2025-07-04,ST04,P002,202
2025-07-04,ST04,P003,141
2025-07-04,ST04,P004,217
2025-07-04,ST04,P005,159
2025-07-04,ST04,P006,44
2025-07-04,ST04,P007,150
2025-07-04,ST04,P008,97
2025-07-04,ST04,P009,226
2025-07-04,ST04,P010,202
2025-07-04,ST04,P011,188
2025-07-04,ST04,P012,116
2025-07-04,ST04,P013,197
2025-07-04,ST04,P014,237
2025-07-04,ST04,P015,158
2025-07-04,ST04,P016,141
2025-07-04,ST04,P017,208
2025-07-04,ST04,P018,170
2025-07-04,ST04,P019,95
2025-07-04,ST04,P020,135
2025-07-04,ST04,P021,34
2025-07-04,ST04,P022,172
2025-07-04,ST04,P023,196
2025-07-04,ST04,P024,52
2025-07-04,ST04,P025,136
2025-07-04,ST04,P026,81
2025-07-04,ST04,P027,43
2025-07-04,ST04,P028,76
2025-07-04,ST04,P029,216
2025-07-04,ST04,P030,233
2025-07-04,ST05,P001,236
2025-07-04,ST05,P002,157
2025-07-04,ST05,P003,237
2025-07-04,ST05,P004,194
2025-07-04,ST05,P005,35
2025-07-04,ST05,P006,178
2025-07-04,ST05,P007,118
2025-07-04,ST05,P008,152
2025-07-04,ST05,P009,122
2025-07-04,ST05,P010,66
2025-07-04,ST05,P011,90
2025-07-04,ST05,P012,146
2025-07-04,ST05,P013,152
2025-07-04,ST05,P014,274
2025-07-04,ST05,P015,185
2025-07-04,ST05,P016,117
2025-07-04,ST05,P017,157
2025-07-04,ST05,P018,162
2025-07-04,ST05,P019,167
2025-07-04,ST05,P020,190
2025-07-04,ST05,P021,136
2025-07-04,ST05,P022,175
2025-07-04,ST05,P023,122
2025-07-04,ST05,P024,272
2025-07-04,ST05,P025,87
2025-07-04,ST05,P026,214
2025-07-04,ST05,P027,195
2025-07-04,ST05,P028,160
2025-07-04,ST05,P029,155
2025-07-04,ST05,P030,221
2025-07-05,ST01,P001,173
2025-07-05,ST01,P002,113
2025-07-05,ST01,P003,155
2025-07-05,ST01,P004,299
2025-07-05,ST01,P005,263
2025-07-05,ST01,P006,211
2025-07-05,ST01,P007,152
2025-07-05,ST01,P008,70
2025-07-05,ST01,P009,240
2025-07-05,ST01,P010,264
2025-07-05,ST01,P011,224
2025-07-05,ST01,P012,54
2025-07-05,ST01,P013,156
2025-07-05,ST01,P014,65
2025-07-05,ST01,P015,85
2025-07-05,ST01,P016,230
2025-07-05,ST01,P017,124
2025-07-05,ST01,P018,104
2025-07-05,ST01,P019,189
2025-07-05,ST01,P020,150
2025-07-05,ST01,P021,116
2025-07-05,ST01,P022,252
2025-07-05,ST01,P023,201
2025-07-05,ST01,P024,125
2025-07-05,ST01,P025,52
2025-07-05,ST01,P026,134
2025-07-05,ST01,P027,204
2025-07-05,ST01,P028,203
2025-07-05,ST01,P029,183
2025-07-05,ST01,P030,88
2025-07-05,ST02,P001,114
2025-07-05,ST02,P002,208
2025-07-05,ST02,P003,111
2025-07-05,ST02,P004,104
2025-07-05,ST02,P005,231
2025-07-05,ST02,P006,42
2025-07-05,ST02,P007,87
2025-07-05,ST02,P008,66
2025-07-05,ST02,P009,147
2025-07-05,ST02,P010,256
2025-07-05,ST02,P011,156
2025-07-05,ST02,P012,221
2025-07-05,ST02,P013,71
2025-07-05,ST02,P014,131
2025-07-05,ST02,P015,163
2025-07-05,ST02,P016,212
2025-07-05,ST02,P017,141
2025-07-05,ST02,P018,120
2025-07-05,ST02,P019,73
2025-07-05,ST02,P020,227
2025-07-05,ST02,P021,113
2025-07-05,ST02,P022,296
2025-07-05,ST02,P023,73
2025-07-05,ST02,P024,91
2025-07-05,ST02,P025,296
2025-07-05,ST02,P026,173
2025-07-05,ST02,P027,182
2025-07-05,ST02,P028,242
2025-07-05,ST02,P029,122
2025-07-05,ST02,P030,148
2025-07-05,ST03,P001,250
2025-07-05,ST03,P002,166
2025-07-05,ST03,P003,117
2025-07-05,ST03,P004,231
2025-07-05,ST03,P005,256
2025-07-05,ST03,P006,32
2025-07-05,ST03,P007,138
2025-07-05,ST03,P008,88
2025-07-05,ST03,P009,177
2025-07-05,ST03,P010,220
2025-07-05,ST03,P011,159
2025-07-05,ST03,P012,82
2025-07-05,ST03,P013,125
2025-07-05,ST03,P014,189
2025-07-05,ST03,P015,219
2025-07-05,ST03,P016,211
2025-07-05,ST03,P017,180
2025-07-05,ST03,P018,229
2025-07-05,ST03,P019,171
2025-07-05,ST03,P020,58
2025-07-05,ST03,P021,229
2025-07-05,ST03,P022,181
2025-07-05,ST03,P023,91
2025-07-05,ST03,P024,226
2025-07-05,ST03,P025,223
2025-07-05,ST03,P026,43
2025-07-05,ST03,P027,209
2025-07-05,ST03,P028,187
2025-07-05,ST03,P029,110
2025-07-05,ST03,P030,43
2025-07-05,ST04,P001,186
2025-07-05,ST04,P002,200
2025-07-05,ST04,P003,136
2025-07-05,ST04,P004,216
2025-07-05,ST04,P005,153
2025-07-05,ST04,P006,35
2025-07-05,ST04,P007,141
2025-07-05,ST04,P008,91
2025-07-05,ST04,P009,224
2025-07-05,ST04,P010,197
2025-07-05,ST04,P011,185
2025-07-05,ST04,P012,103
2025-07-05,ST04,P013,194
2025-07-05,ST04,P014,236
2025-07-05,ST04,P015,155
2025-07-05,ST04,P016,136
2025-07-05,ST04,P017,203
2025-07-05,ST04,P018,166
2025-07-05,ST04,P019,85
2025-07-05,ST04,P020,128
2025-07-05,ST04,P021,79
2025-07-05,ST04,P022,168
2025-07-05,ST04,P023,195
2025-07-05,ST04,P024,41
2025-07-05,ST04,P025,127
2025-07-05,ST04,P026,69
2025-07-05,ST04,P027,35
2025-07-05,ST04,P028,70
2025-07-05,ST04,P029,214
2025-07-05,ST04,P030,228
2025-07-05,ST05,P001,234
2025-07-05,ST05,P002,155
2025-07-05,ST05,P003,235
2025-07-05,ST05,P004,192
2025-07-05,ST05,P005,25
2025-07-05,ST05,P006,174
2025-07-05,ST05,P007,113
2025-07-05,ST05,P008,147
2025-07-05,ST05,P009,119
2025-07-05,ST05,P010,58
2025-07-05,ST05,P011,80
2025-07-05,ST05,P012,142
2025-07-05,ST05,P013,143
2025-07-05,ST05,P014,272
2025-07-05,ST05,P015,183
2025-07-05,ST05,P016,105
2025-07-05,ST05,P017,149
2025-07-05,ST05,P018,158
2025-07-05,ST05,P019,161
2025-07-05,ST05,P020,188
2025-07-05,ST05,P021,129
2025-07-05,ST05,P022,170
2025-07-05,ST05,P023,115
2025-07-05,ST05,P024,270
2025-07-05,ST05,P025,80
2025-07-05,ST05,P026,211
2025-07-05,ST05,P027,193
2025-07-05,ST05,P028,153
2025-07-05,ST05,P029,148
2025-07-05,ST05,P030,217
2025-07-06,ST01,P001,215
2025-07-06,ST01,P002,130
2025-07-06,ST01,P003,217
2025-07-06,ST01,P004,326
2025-07-06,ST01,P005,305
2025-07-06,ST01,P006,276
2025-07-06,ST01,P007,205
2025-07-06,ST01,P008,100
2025-07-06,ST01,P009,300
2025-07-06,ST01,P010,309
2025-07-06,ST01,P011,264
2025-07-06,ST01,P012,80
2025-07-06,ST01,P013,202
2025-07-06,ST01,P014,87
2025-07-06,ST01,P015,143
2025-07-06,ST01,P016,296
2025-07-06,ST01,P017,151
2025-07-06,ST01,P018,129
2025-07-06,ST01,P019,257
2025-07-06,ST01,P020,194
2025-07-06,ST01,P021,180
2025-07-06,ST01,P022,316
2025-07-06,ST01,P023,255
2025-07-06,ST01,P024,198
2025-07-06,ST01,P025,84
2025-07-06,ST01,P026,208
2025-07-06,ST01,P027,255
2025-07-06,ST01,P028,230
2025-07-06,ST01,P029,214
2025-07-06,ST01,P030,132
2025-07-06,ST02,P001,154
2025-07-06,ST02,P002,255
2025-07-06,ST02,P003,181
2025-07-06,ST02,P004,141
2025-07-06,ST02,P005,305
2025-07-06,ST02,P006,100
2025-07-06,ST02,P007,158
2025-07-06,ST02,P008,133
2025-07-06,ST02,P009,219
2025-07-06,ST02,P010,303
2025-07-06,ST02,P011,200
2025-07-06,ST02,P012,282
2025-07-06,ST02,P013,104
2025-07-06,ST02,P014,193
2025-07-06,ST02,P015,228
2025-07-06,ST02,P016,270
2025-07-06,ST02,P017,208
2025-07-06,ST02,P018,156
2025-07-06,ST02,P019,96
2025-07-06,ST02,P020,264
2025-07-06,ST02,P021,143
2025-07-06,ST02,P022,371
2025-07-06,ST02,P023,120
2025-07-06,ST02,P024,143
2025-07-06,ST02,P025,363
2025-07-06,ST02,P026,211
2025-07-06,ST02,P027,223
2025-07-06,ST02,P028,284
2025-07-06,ST02,P029,175
2025-07-06,ST02,P030,209
2025-07-06,ST03,P001,320
2025-07-06,ST03,P002,211
2025-07-06,ST03,P003,181
2025-07-06,ST03,P004,258
2025-07-06,ST03,P005,303
2025-07-06,ST03,P006,98
2025-07-06,ST03,P007,166
2025-07-06,ST03,P008,154
2025-07-06,ST03,P009,230
2025-07-06,ST03,P010,281
2025-07-06,ST03,P011,211
2025-07-06,ST03,P012,156
2025-07-06,ST03,P013,183
2025-07-06,ST03,P014,261
2025-07-06,ST03,P015,247
2025-07-06,ST03,P016,253
2025-07-06,ST03,P017,255
2025-07-06,ST03,P018,278
2025-07-06,ST03,P019,192
2025-07-06,ST03,P020,101
2025-07-06,ST03,P021,266
2025-07-06,ST03,P022,244
2025-07-06,ST03,P023,122
2025-07-06,ST03,P024,303
2025-07-06,ST03,P025,270
2025-07-06,ST03,P026,113
2025-07-06,ST03,P027,262
2025-07-06,ST03,P028,227
2025-07-06,ST03,P029,154
2025-07-06,ST03,P030,75
2025-07-06,ST04,P001,237
2025-07-06,ST04,P002,278
2025-07-06,ST04,P003,165
2025-07-06,ST04,P004,269
2025-07-06,ST04,P005,213
2025-07-06,ST04,P006,67
2025-07-06,ST04,P007,209
2025-07-06,ST04,P008,139
2025-07-06,ST04,P009,301
2025-07-06,ST04,P010,227
2025-07-06,ST04,P011,253
2025-07-06,ST04,P012,138
2025-07-06,ST04,P013,245
2025-07-06,ST04,P014,308
2025-07-06,ST04,P015,199
2025-07-06,ST04,P016,164
2025-07-06,ST04,P017,235
2025-07-06,ST04,P018,215
2025-07-06,ST04,P019,140
2025-07-06,ST04,P020,202
2025-07-06,ST04,P021,138
2025-07-06,ST04,P022,242
2025-07-06,ST04,P023,244
2025-07-06,ST04,P024,69
2025-07-06,ST04,P025,169
2025-07-06,ST04,P026,137
2025-07-06,ST04,P027,67
2025-07-06,ST04,P028,102
2025-07-06,ST04,P029,280
2025-07-06,ST04,P030,288
2025-07-06,ST05,P001,284
2025-07-06,ST05,P002,216
2025-07-06,ST05,P003,308
2025-07-06,ST05,P004,235
2025-07-06,ST05,P005,67
2025-07-06,ST05,P006,240
2025-07-06,ST05,P007,136
2025-07-06,ST05,P008,181
2025-07-06,ST05,P009,144
2025-07-06,ST05,P010,84
2025-07-06,ST05,P011,127
2025-07-06,ST05,P012,177
2025-07-06,ST05,P013,207
2025-07-06,ST05,P014,345
2025-07-06,ST05,P015,229
2025-07-06,ST05,P016,151
2025-07-06,ST05,P017,214
2025-07-06,ST05,P018,219
2025-07-06,ST05,P019,228
2025-07-06,ST05,P020,244
2025-07-06,ST05,P021,198
2025-07-06,ST05,P022,224
2025-07-06,ST05,P023,176
2025-07-06,ST05,P024,342
2025-07-06,ST05,P025,115
2025-07-06,ST05,P026,249
2025-07-06,ST05,P027,242
2025-07-06,ST05,P028,204
2025-07-06,ST05,P029,191
2025-07-06,ST05,P030,292
2025-07-07,ST01,P001,211
2025-07-07,ST01,P002,123
2025-07-07,ST01,P003,212
2025-07-07,ST01,P004,324
2025-07-07,ST01,P005,303
2025-07-07,ST01,P006,273
2025-07-07,ST01,P007,198
2025-07-07,ST01,P008,94
2025-07-07,ST01,P009,296
2025-07-07,ST01,P010,306
2025-07-07,ST01,P011,261
2025-07-07,ST01,P012,71
2025-07-07,ST01,P013,197
2025-07-07,ST01,P014,79
2025-07-07,ST01,P015,136
2025-07-07,ST01,P016,294
2025-07-07,ST01,P017,145
2025-07-07,ST01,P018,120
2025-07-07,ST01,P019,253
2025-07-07,ST01,P020,191
2025-07-07,ST01,P021,174
2025-07-07,ST01,P022,313
2025-07-07,ST01,P023,251
2025-07-07,ST01,P024,193
2025-07-07,ST01,P025,74
2025-07-07,ST01,P026,196
2025-07-07,ST01,P027,254
2025-07-07,ST01,P028,223
2025-07-07,ST01,P029,212
2025-07-07,ST01,P030,125
2025-07-07,ST02,P001,146
2025-07-07,ST02,P002,252
2025-07-07,ST02,P003,176
2025-07-07,ST02,P004,138
2025-07-07,ST02,P005,303
2025-07-07,ST02,P006,94
2025-07-07,ST02,P007,151
2025-07-07,ST02,P008,124
2025-07-07,ST02,P009,214
2025-07-07,ST02,P010,301
2025-07-07,ST02,P011,197
2025-07-07,ST02,P012,280
2025-07-07,ST02,P013,98
2025-07-07,ST02,P014,183
2025-07-07,ST02,P015,221
2025-07-07,ST02,P016,268
2025-07-07,ST02,P017,206
2025-07-07,ST02,P018,150
2025-07-07,ST02,P019,88
2025-07-07,ST02,P020,262
2025-07-07,ST02,P021,138
2025-07-07,ST02,P022,369
2025-07-07,ST02,P023,116
2025-07-07,ST02,P024,138
2025-07-07,ST02,P025,360
2025-07-07,ST02,P026,208
2025-07-07,ST02,P027,218
2025-07-07,ST02,P028,281
2025-07-07,ST02,P029,168
2025-07-07,ST02,P030,202
2025-07-07,ST03,P001,318
2025-07-07,ST03,P002,205
2025-07-07,ST03,P003,173
2025-07-07,ST03,P004,256
2025-07-07,ST03,P005,299
2025-07-07,ST03,P006,93
2025-07-07,ST03,P007,156
2025-07-07,ST03,P008,151
2025-07-07,ST03,P009,225
2025-07-07,ST03,P010,280
2025-07-07,ST03,P011,207
2025-07-07,ST03,P012,152
2025-07-07,ST03,P013,179
2025-07-07,ST03,P014,259
2025-07-07,ST03,P015,243
2025-07-07,ST03,P016,252
2025-07-07,ST03,P017,245
2025-07-07,ST03,P018,274
2025-07-07,ST03,P019,184
2025-07-07,ST03,P020,93
2025-07-07,ST03,P021,266
2025-07-07,ST03,P022,242
2025-07-07,ST03,P023,114
2025-07-07,ST03,P024,299
2025-07-07,ST03,P025,267
2025-07-07,ST03,P026,104
2025-07-07,ST03,P027,258
2025-07-07,ST03,P028,223
2025-07-07,ST03,P029,147
2025-07-07,ST03,P030,70
2025-07-07,ST04,P001,235
2025-07-07,ST04,P002,276
2025-07-07,ST04,P003,160
2025-07-07,ST04,P004,264
2025-07-07,ST04,P005,211
2025-07-07,ST04,P006,61
2025-07-07,ST04,P007,204
2025-07-07,ST04,P008,128
2025-07-07,ST04,P009,299
2025-07-07,ST04,P010,220
2025-07-07,ST04,P011,249
2025-07-07,ST04,P012,130
2025-07-07,ST04,P013,242
2025-07-07,ST04,P014,305
2025-07-07,ST04,P015,193
2025-07-07,ST04,P016,161
2025-07-07,ST04,P017,231
2025-07-07,ST04,P018,212
2025-07-07,ST04,P019,129
2025-07-07,ST04,P020,195
2025-07-07,ST04,P021,127
2025-07-07,ST04,P022,239
2025-07-07,ST04,P023,243
2025-07-07,ST04,P024,66
2025-07-07,ST04,P025,163
2025-07-07,ST04,P026,130
2025-07-07,ST04,P027,63
2025-07-07,ST04,P028,92
2025-07-07,ST04,P029,278
2025-07-07,ST04,P030,282
2025-07-07,ST05,P001,281
2025-07-07,ST05,P002,211
2025-07-07,ST05,P003,307
2025-07-07,ST05,P004,231
2025-07-07,ST05,P005,59
2025-07-07,ST05,P006,237
2025-07-07,ST05,P007,126
2025-07-07,ST05,P008,177
2025-07-07,ST05,P009,139
2025-07-07,ST05,P010,75
2025-07-07,ST05,P011,121
2025-07-07,ST05,P012,171
2025-07-07,ST05,P013,205
2025-07-07,ST05,P014,343
2025-07-07,ST05,P015,224
2025-07-07,ST05,P016,140
2025-07-07,ST05,P017,212
2025-07-07,ST05,P018,214
2025-07-07,ST05,P019,221
2025-07-07,ST05,P020,243
2025-07-07,ST05,P021,194
2025-07-07,ST05,P022,219
2025-07-07,ST05,P023,169
2025-07-07,ST05,P024,340
2025-07-07,ST05,P025,109
2025-07-07,ST05,P026,248
2025-07-07,ST05,P027,240
2025-07-07,ST05,P028,200
2025-07-07,ST05,P029,187
2025-07-07,ST05,P030,289
2025-07-08,ST01,P001,209
2025-07-08,ST01,P002,118
2025-07-08,ST01,P003,207
2025-07-08,ST01,P004,322
2025-07-08,ST01,P005,302
2025-07-08,ST01,P006,270
2025-07-08,ST01,P007,193
2025-07-08,ST01,P008,87
2025-07-08,ST01,P009,294
2025-07-08,ST01,P010,303
2025-07-08,ST01,P011,257
2025-07-08,ST01,P012,60
2025-07-08,ST01,P013,192
2025-07-08,ST01,P014,74
2025-07-08,ST01,P015,129
2025-07-08,ST01,P016,292
2025-07-08,ST01,P017,138
2025-07-08,ST01,P018,111
2025-07-08,ST01,P019,249
2025-07-08,ST01,P020,188
2025-07-08,ST01,P021,169
2025-07-08,ST01,P022,311
2025-07-08,ST01,P023,246
2025-07-08,ST01,P024,188
2025-07-08,ST01,P025,67
2025-07-08,ST01,P026,188
2025-07-08,ST01,P027,249
2025-07-08,ST01,P028,216
2025-07-08,ST01,P029,209
2025-07-08,ST01,P030,113
2025-07-08,ST02,P001,138
2025-07-08,ST02,P002,247
2025-07-08,ST02,P003,170
2025-07-08,ST02,P004,134
2025-07-08,ST02,P005,299
2025-07-08,ST02,P006,84
2025-07-08,ST02,P007,146
2025-07-08,ST02,P008,118
2025-07-08,ST02,P009,207
2025-07-08,ST02,P010,299
2025-07-08,ST02,P011,193
2025-07-08,ST02,P012,278
2025-07-08,ST02,P013,90
2025-07-08,ST02,P014,175
2025-07-08,ST02,P015,207
2025-07-08,ST02,P016,264
2025-07-08,ST02,P017,205
2025-07-08,ST02,P018,144
2025-07-08,ST02,P019,77
2025-07-08,ST02,P020,261
2025-07-08,ST02,P021,134
2025-07-08,ST02,P022,367
2025-07-08,ST02,P023,111
2025-07-08,ST02,P024,134
2025-07-08,ST02,P025,357
2025-07-08,ST02,P026,201
2025-07-08,ST02,P027,212
2025-07-08,ST02,P028,278
2025-07-08,ST02,P029,160
2025-07-08,ST02,P030,195
2025-07-08,ST03,P001,314
2025-07-08,ST03,P002,199
2025-07-08,ST03,P003,168
2025-07-08,ST03,P004,253
2025-07-08,ST03,P005,293
2025-07-08,ST03,P006,86
2025-07-08,ST03,P007,149
2025-07-08,ST03,P008,144
2025-07-08,ST03,P009,221
2025-07-08,ST03,P010,277
2025-07-08,ST03,P011,205
2025-07-08,ST03,P012,148
2025-07-08,ST03,P013,174
2025-07-08,ST03,P014,254
2025-07-08,ST03,P015,240
2025-07-08,ST03,P016,250
2025-07-08,ST03,P017,243
2025-07-08,ST03,P018,271
2025-07-08,ST03,P019,173
2025-07-08,ST03,P020,83
2025-07-08,ST03,P021,265
2025-07-08,ST03,P022,237
2025-07-08,ST03,P023,110
2025-07-08,ST03,P024,297
2025-07-08,ST03,P025,265
2025-07-08,ST03,P026,93
2025-07-08,ST03,P027,252
2025-07-08,ST03,P028,219
2025-07-08,ST03,P029,142
2025-07-08,ST03,P030,64
2025-07-08,ST04,P001,232
2025-07-08,ST04,P002,274
2025-07-08,ST04,P003,156
2025-07-08,ST04,P004,261
2025-07-08,ST04,P005,208
2025-07-08,ST04,P006,54
2025-07-08,ST04,P007,196
2025-07-08,ST04,P008,119
2025-07-08,ST04,P009,297
2025-07-08,ST04,P010,215
2025-07-08,ST04,P011,244
2025-07-08,ST04,P012,121
2025-07-08,ST04,P013,240
2025-07-08,ST04,P014,302
2025-07-08,ST04,P015,190
2025-07-08,ST04,P016,155
2025-07-08,ST04,P017,227
2025-07-08,ST04,P018,208
2025-07-08,ST04,P019,121
2025-07-08,ST04,P020,191
2025-07-08,ST04,P021,123
2025-07-08,ST04,P022,235
2025-07-08,ST04,P023,241
2025-07-08,ST04,P024,53
2025-07-08,ST04,P025,151
2025-07-08,ST04,P026,117
2025-07-08,ST04,P027,52
2025-07-08,ST04,P028,82
2025-07-08,ST04,P029,276
2025-07-08,ST04,P030,275
2025-07-08,ST05,P001,279
2025-07-08,ST05,P002,208
2025-07-08,ST05,P003,305
2025-07-08,ST05,P004,226
2025-07-08,ST05,P005,49
2025-07-08,ST05,P006,233
2025-07-08,ST05,P007,119
2025-07-08,ST05,P008,173
2025-07-08,ST05,P009,139
2025-07-08,ST05,P010,64
2025-07-08,ST05,P011,112
2025-07-08,ST05,P012,168
2025-07-08,ST05,P013,200
2025-07-08,ST05,P014,342
2025-07-08,ST05,P015,220
2025-07-08,ST05,P016,127
2025-07-08,ST05,P017,206
2025-07-08,ST05,P018,208
2025-07-08,ST05,P019,219
2025-07-08,ST05,P020,240
2025-07-08,ST05,P021,188
2025-07-08,ST05,P022,211
2025-07-08,ST05,P023,161
2025-07-08,ST05,P024,337
2025-07-08,ST05,P025,99
2025-07-08,ST05,P026,246
2025-07-08,ST05,P027,238
2025-07-08,ST05,P028,192
2025-07-08,ST05,P029,179
2025-07-08,ST05,P030,285
2025-07-09,ST01,P001,207
2025-07-09,ST01,P002,107
2025-07-09,ST01,P003,200
2025-07-09,ST01,P004,319
2025-07-09,ST01,P005,300
2025-07-09,ST01,P006,267
2025-07-09,ST01,P007,184
2025-07-09,ST01,P008,78
2025-07-09,ST01,P009,289
2025-07-09,ST01,P010,301
2025-07-09,ST01,P011,255
2025-07-09,ST01,P012,51
2025-07-09,ST01,P013,186
2025-07-09,ST01,P014,65
2025-07-09,ST01,P015,122
2025-07-09,ST01,P016,290
2025-07-09,ST01,P017,132
2025-07-09,ST01,P018,103
2025-07-09,ST01,P019,241
2025-07-09,ST01,P020,184
2025-07-09,ST01,P021,162
2025-07-09,ST01,P022,309
2025-07-09,ST01,P023,243
2025-07-09,ST01,P024,182
2025-07-09,ST01,P025,58
2025-07-09,ST01,P026,181
2025-07-09,ST01,P027,245
2025-07-09,ST01,P028,209
2025-07-09,ST01,P029,207
2025-07-09,ST01,P030,109
2025-07-09,ST02,P001,128
2025-07-09,ST02,P002,242
2025-07-09,ST02,P003,162
2025-07-09,ST02,P004,128
2025-07-09,ST02,P005,296
2025-07-09,ST02,P006,69
2025-07-09,ST02,P007,138
2025-07-09,ST02,P008,111
2025-07-09,ST02,P009,204
2025-07-09,ST02,P010,297
2025-07-09,ST02,P011,190
2025-07-09,ST02,P012,276
2025-07-09,ST02,P013,81
2025-07-09,ST02,P014,169
2025-07-09,ST02,P015,198
2025-07-09,ST02,P016,259
2025-07-09,ST02,P017,202
2025-07-09,ST02,P018,137
2025-07-09,ST02,P019,69
2025-07-09,ST02,P020,258
2025-07-09,ST02,P021,127
2025-07-09,ST02,P022,364
2025-07-09,ST02,P023,108
2025-07-09,ST02,P024,126
2025-07-09,ST02,P025,355
2025-07-09,ST02,P026,196
2025-07-09,ST02,P027,206
2025-07-09,ST02,P028,274
2025-07-09,ST02,P029,150
2025-07-09,ST02,P030,190
2025-07-09,ST03,P001,312
2025-07-09,ST03,P002,192
2025-07-09,ST03,P003,163
2025-07-09,ST03,P004,251
2025-07-09,ST03,P005,287
2025-07-09,ST03,P006,78
2025-07-09,ST03,P007,142
2025-07-09,ST03,P008,139
2025-07-09,ST03,P009,216
2025-07-09,ST03,P010,274
2025-07-09,ST03,P011,202
2025-07-09,ST03,P012,145
2025-07-09,ST03,P013,167
2025-07-09,ST03,P014,249
2025-07-09,ST03,P015,239
2025-07-09,ST03,P016,248
2025-07-09,ST03,P017,235
2025-07-09,ST03,P018,269
2025-07-09,ST03,P019,165
2025-07-09,ST03,P020,77
2025-07-09,ST03,P021,262
2025-07-09,ST03,P022,233
2025-07-09,ST03,P023,104
2025-07-09,ST03,P024,294
2025-07-09,ST03,P025,262
2025-07-09,ST03,P026,86
2025-07-09,ST03,P027,246
2025-07-09,ST03,P028,212
2025-07-09,ST03,P029,131
2025-07-09,ST03,P030,56
2025-07-09,ST04,P001,228
2025-07-09,ST04,P002,272
2025-07-09,ST04,P003,150
2025-07-09,ST04,P004,255
2025-07-09,ST04,P005,203
2025-07-09,ST04,P006,48
2025-07-09,ST04,P007,189
2025-07-09,ST04,P008,111
2025-07-09,ST04,P009,296
2025-07-09,ST04,P010,212
2025-07-09,ST04,P011,239
2025-07-09,ST04,P012,112
2025-07-09,ST04,P013,238
2025-07-09,ST04,P014,298
2025-07-09,ST04,P015,185
2025-07-09,ST04,P016,152
2025-07-09,ST04,P017,222
2025-07-09,ST04,P018,204
2025-07-09,ST04,P019,115
2025-07-09,ST04,P020,187
2025-07-09,ST04,P021,113
2025-07-09,ST04,P022,230
2025-07-09,ST04,P023,239
2025-07-09,ST04,P024,44
2025-07-09,ST04,P025,142
2025-07-09,ST04,P026,107
2025-07-09,ST04,P027,43
2025-07-09,ST04,P028,76
2025-07-09,ST04,P029,274
2025-07-09,ST04,P030,269
2025-07-09,ST05,P001,276
2025-07-09,ST05,P002,202
2025-07-09,ST05,P003,302
2025-07-09,ST05,P004,220
2025-07-09,ST05,P005,42
2025-07-09,ST05,P006,230
2025-07-09,ST05,P007,109
2025-07-09,ST05,P008,166
2025-07-09,ST05,P009,134
2025-07-09,ST05,P010,55
2025-07-09,ST05,P011,99
2025-07-09,ST05,P012,164
2025-07-09,ST05,P013,195
2025-07-09,ST05,P014,340
2025-07-09,ST05,P015,217
2025-07-09,ST05,P016,123
2025-07-09,ST05,P017,201
2025-07-09,ST05,P018,202
2025-07-09,ST05,P019,211
2025-07-09,ST05,P020,238
2025-07-09,ST05,P021,183
2025-07-09,ST05,P022,205
2025-07-09,ST05,P023,151
2025-07-09,ST05,P024,333
2025-07-09,ST05,P025,94
2025-07-09,ST05,P026,244
2025-07-09,ST05,P027,235
2025-07-09,ST05,P028,187
2025-07-09,ST05,P029,172
2025-07-09,ST05,P030,282
2025-07-10,ST01,P001,205
2025-07-10,ST01,P002,96
2025-07-10,ST01,P003,193
2025-07-10,ST01,P004,315
2025-07-10,ST01,P005,297
2025-07-10,ST01,P006,265
2025-07-10,ST01,P007,174
2025-07-10,ST01,P008,76
2025-07-10,ST01,P009,286
2025-07-10,ST01,P010,299
2025-07-10,ST01,P011,251
2025-07-10,ST01,P012,43
2025-07-10,ST01,P013,180
2025-07-10,ST01,P014,56
2025-07-10,ST01,P015,111
2025-07-10,ST01,P016,288
2025-07-10,ST01,P017,123
2025-07-10,ST01,P018,98
2025-07-10,ST01,P019,233
2025-07-10,ST01,P020,178
2025-07-10,ST01,P021,154
2025-07-10,ST01,P022,306
2025-07-10,ST01,P023,238
2025-07-10,ST01,P024,176
2025-07-10,ST01,P025,53
2025-07-10,ST01,P026,176
2025-07-10,ST01,P027,242
2025-07-10,ST01,P028,204
2025-07-10,ST01,P029,203
2025-07-10,ST01,P030,100
2025-07-10,ST02,P001,120
2025-07-10,ST02,P002,238
2025-07-10,ST02,P003,156
2025-07-10,ST02,P004,122
2025-07-10,ST02,P005,293
2025-07-10,ST02,P006,51
2025-07-10,ST02,P007,134
2025-07-10,ST02,P008,105
2025-07-10,ST02,P009,199
2025-07-10,ST02,P010,297
2025-07-10,ST02,P011,186
2025-07-10,ST02,P012,274
2025-07-10,ST02,P013,72
2025-07-10,ST02,P014,159
2025-07-10,ST02,P015,192
2025-07-10,ST02,P016,255
2025-07-10,ST02,P017,200
2025-07-10,ST02,P018,130
2025-07-10,ST02,P019,61
2025-07-10,ST02,P020,256
2025-07-10,ST02,P021,123
2025-07-10,ST02,P022,362
2025-07-10,ST02,P023,102
2025-07-10,ST02,P024,120
2025-07-10,ST02,P025,353
2025-07-10,ST02,P026,190
2025-07-10,ST02,P027,200
2025-07-10,ST02,P028,270
2025-07-10,ST02,P029,142
2025-07-10,ST02,P030,184
2025-07-10,ST03,P001,308
2025-07-10,ST03,P002,186
2025-07-10,ST03,P003,156
2025-07-10,ST03,P004,248
2025-07-10,ST03,P005,284
2025-07-10,ST03,P006,68
2025-07-10,ST03,P007,136
2025-07-10,ST03,P008,135
2025-07-10,ST03,P009,211
2025-07-10,ST03,P010,271
2025-07-10,ST03,P011,198
2025-07-10,ST03,P012,144
2025-07-10,ST03,P013,159
2025-07-10,ST03,P014,246
2025-07-10,ST03,P015,236
2025-07-10,ST03,P016,246
2025-07-10,ST03,P017,231
2025-07-10,ST03,P018,265
2025-07-10,ST03,P019,156
2025-07-10,ST03,P020,70
2025-07-10,ST03,P021,261
2025-07-10,ST03,P022,230
2025-07-10,ST03,P023,95
2025-07-10,ST03,P024,291
2025-07-10,ST03,P025,259
2025-07-10,ST03,P026,79
2025-07-10,ST03,P027,241
2025-07-10,ST03,P028,207
2025-07-10,ST03,P029,119
2025-07-10,ST03,P030,51
2025-07-10,ST04,P001,223
2025-07-10,ST04,P002,271
2025-07-10,ST04,P003,146
2025-07-10,ST04,P004,250
2025-07-10,ST04,P005,196
2025-07-10,ST04,P006,41
2025-07-10,ST04,P007,185
2025-07-10,ST04,P008,102
2025-07-10,ST04,P009,295
2025-07-10,ST04,P010,206
2025-07-10,ST04,P011,235
2025-07-10,ST04,P012,105
2025-07-10,ST04,P013,235
2025-07-10,ST04,P014,295
2025-07-10,ST04,P015,180
2025-07-10,ST04,P016,149
2025-07-10,ST04,P017,219
2025-07-10,ST04,P018,200
2025-07-10,ST04,P019,108
2025-07-10,ST04,P020,181
2025-07-10,ST04,P021,105
2025-07-10,ST04,P022,224
2025-07-10,ST04,P023,237
2025-07-10,ST04,P024,36
2025-07-10,ST04,P025,137
2025-07-10,ST04,P026,97
2025-07-10,ST04,P027,41
2025-07-10,ST04,P028,71
2025-07-10,ST04,P029,272
2025-07-10,ST04,P030,264
2025-07-10,ST05,P001,273
2025-07-10,ST05,P002,198
2025-07-10,ST05,P003,299
2025-07-10,ST05,P004,217
2025-07-10,ST05,P005,33
2025-07-10,ST05,P006,227
2025-07-10,ST05,P007,103
2025-07-10,ST05,P008,162
2025-07-10,ST05,P009,130
2025-07-10,ST05,P010,49
2025-07-10,ST05,P011,91
2025-07-10,ST05,P012,156
2025-07-10,ST05,P013,189
2025-07-10,ST05,P014,338
2025-07-10,ST05,P015,214
2025-07-10,ST05,P016,115
2025-07-10,ST05,P017,196
2025-07-10,ST05,P018,199
2025-07-10,ST05,P019,206
2025-07-10,ST05,P020,235
2025-07-10,ST05,P021,181
2025-07-10,ST05,P022,200
2025-07-10,ST05,P023,144
2025-07-10,ST05,P024,330
2025-07-10,ST05,P025,87
2025-07-10,ST05,P026,241
2025-07-10,ST05,P027,231
2025-07-10,ST05,P028,181
2025-07-10,ST05,P029,167
2025-07-10,ST05,P030,280
2025-07-11,ST01,P001,203
2025-07-11,ST01,P002,89
2025-07-11,ST01,P003,187
2025-07-11,ST01,P004,312
2025-07-11,ST01,P005,296
2025-07-11,ST01,P006,263
2025-07-11,ST01,P007,168
2025-07-11,ST01,P008,72
2025-07-11,ST01,P009,280
2025-07-11,ST01,P010,298
2025-07-11,ST01,P011,247
2025-07-11,ST01,P012,39
2025-07-11,ST01,P013,176
2025-07-11,ST01,P014,42
2025-07-11,ST01,P015,106
2025-07-11,ST01,P016,286
2025-07-11,ST01,P017,114
2025-07-11,ST01,P018,91
2025-07-11,ST01,P019,229
2025-07-11,ST01,P020,174
2025-07-11,ST01,P021,147
2025-07-11,ST01,P022,304
2025-07-11,ST01,P023,236
2025-07-11,ST01,P024,172
2025-07-11,ST01,P025,42
2025-07-11,ST01,P026,169
2025-07-11,ST01,P027,240
2025-07-11,ST01,P028,197
2025-07-11,ST01,P029,201
2025-07-11,ST01,P030,98
2025-07-11,ST02,P001,111
2025-07-11,ST02,P002,235
2025-07-11,ST02,P003,149
2025-07-11,ST02,P004,116
2025-07-11,ST02,P005,291
2025-07-11,ST02,P006,36
2025-07-11,ST02,P007,128
2025-07-11,ST02,P008,98
2025-07-11,ST02,P009,193
2025-07-11,ST02,P010,295
2025-07-11,ST02,P011,182
2025-07-11,ST02,P012,272
2025-07-11,ST02,P013,62
2025-07-11,ST02,P014,145
2025-07-11,ST02,P015,182
2025-07-11,ST02,P016,251
2025-07-11,ST02,P017,199
2025-07-11,ST02,P018,127
2025-07-11,ST02,P019,55
2025-07-11,ST02,P020,254
2025-07-11,ST02,P021,118
2025-07-11,ST02,P022,360
2025-07-11,ST02,P023,95
2025-07-11,ST02,P024,112
2025-07-11,ST02,P025,350
2025-07-11,ST02,P026,188
2025-07-11,ST02,P027,196
2025-07-11,ST02,P028,267
2025-07-11,ST02,P029,137
2025-07-11,ST02,P030,180
2025-07-11,ST03,P001,305
2025-07-11,ST03,P002,182
2025-07-11,ST03,P003,150
2025-07-11,ST03,P004,246
2025-07-11,ST03,P005,281
2025-07-11,ST03,P006,60
2025-07-11,ST03,P007,133
2025-07-11,ST03,P008,131
2025-07-11,ST03,P009,207
2025-07-11,ST03,P010,267
2025-07-11,ST03,P011,195
2025-07-11,ST03,P012,139
2025-07-11,ST03,P013,154
2025-07-11,ST03,P014,241
2025-07-11,ST03,P015,232
2025-07-11,ST03,P016,244
2025-07-11,ST03,P017,222
2025-07-11,ST03,P018,262
2025-07-11,ST03,P019,146
2025-07-11,ST03,P020,60
2025-07-11,ST03,P021,259
2025-07-11,ST03,P022,226
2025-07-11,ST03,P023,90
2025-07-11,ST03,P024,290
2025-07-11,ST03,P025,256
2025-07-11,ST03,P026,72
2025-07-11,ST03,P027,231
2025-07-11,ST03,P028,199
2025-07-11,ST03,P029,114
2025-07-11,ST03,P030,45
2025-07-11,ST04,P001,220
2025-07-11,ST04,P002,268
2025-07-11,ST04,P003,142
2025-07-11,ST04,P004,247
2025-07-11,ST04,P005,190
2025-07-11,ST04,P006,34
2025-07-11,ST04,P007,184
2025-07-11,ST04,P008,91
2025-07-11,ST04,P009,293
2025-07-11,ST04,P010,202
2025-07-11,ST04,P011,228
2025-07-11,ST04,P012,96
2025-07-11,ST04,P013,231
2025-07-11,ST04,P014,294
2025-07-11,ST04,P015,174
2025-07-11,ST04,P016,145
2025-07-11,ST04,P017,214
2025-07-11,ST04,P018,197
2025-07-11,ST04,P019,103
2025-07-11,ST04,P020,176
2025-07-11,ST04,P021,98
2025-07-11,ST04,P022,215
2025-07-11,ST04,P023,234
2025-07-11,ST04,P024,28
2025-07-11,ST04,P025,126
2025-07-11,ST04,P026,88
2025-07-11,ST04,P027,31
2025-07-11,ST04,P028,67
2025-07-11,ST04,P029,269
2025-07-11,ST04,P030,260
2025-07-11,ST05,P001,269
2025-07-11,ST05,P002,192
2025-07-11,ST05,P003,296
2025-07-11,ST05,P004,212
2025-07-11,ST05,P005,24
2025-07-11,ST05,P006,223
2025-07-11,ST05,P007,97
2025-07-11,ST05,P008,158
2025-07-11,ST05,P009,126
2025-07-11,ST05,P010,39
2025-07-11,ST05,P011,83
2025-07-11,ST05,P012,151
2025-07-11,ST05,P013,186
2025-07-11,ST05,P014,336
2025-07-11,ST05,P015,210
2025-07-11,ST05,P016,108
2025-07-11,ST05,P017,187
2025-07-11,ST05,P018,192
2025-07-11,ST05,P019,201
2025-07-11,ST05,P020,234
2025-07-11,ST05,P021,173
2025-07-11,ST05,P022,195
2025-07-11,ST05,P023,139
2025-07-11,ST05,P024,327
2025-07-11,ST05,P025,79
2025-07-11,ST05,P026,239
2025-07-11,ST05,P027,229
2025-07-11,ST05,P028,177
2025-07-11,ST05,P029,161
2025-07-11,ST05,P030,278
2025-07-12,ST01,P001,200
2025-07-12,ST01,P002,80
2025-07-12,ST01,P003,182
2025-07-12,ST01,P004,309
2025-07-12,ST01,P005,295
2025-07-12,ST01,P006,260
2025-07-12,ST01,P007,161
2025-07-12,ST01,P008,60
2025-07-12,ST01,P009,275
2025-07-12,ST01,P010,297
2025-07-12,ST01,P011,243
2025-07-12,ST01,P012,29
2025-07-12,ST01,P013,171
2025-07-12,ST01,P014,39
2025-07-12,ST01,P015,98
2025-07-12,ST01,P016,285
2025-07-12,ST01,P017,106
2025-07-12,ST01,P018,87
2025-07-12,ST01,P019,223
2025-07-12,ST01,P020,170
2025-07-12,ST01,P021,138
2025-07-12,ST01,P022,302
2025-07-12,ST01,P023,233
2025-07-12,ST01,P024,164
2025-07-12,ST01,P025,35
2025-07-12,ST01,P026,162
2025-07-12,ST01,P027,235
2025-07-12,ST01,P028,192
2025-07-12,ST01,P029,198
2025-07-12,ST01,P030,88
2025-07-12,ST02,P001,106
2025-07-12,ST02,P002,231
2025-07-12,ST02,P003,142
2025-07-12,ST02,P004,111
2025-07-12,ST02,P005,288
2025-07-12,ST02,P006,25
2025-07-12,ST02,P007,126
2025-07-12,ST02,P008,90
2025-07-12,ST02,P009,188
2025-07-12,ST02,P010,293
2025-07-12,ST02,P011,180
2025-07-12,ST02,P012,270
2025-07-12,ST02,P013,53
2025-07-12,ST02,P014,133
2025-07-12,ST02,P015,173
2025-07-12,ST02,P016,246
2025-07-12,ST02,P017,198
2025-07-12,ST02,P018,122
2025-07-12,ST02,P019,44
2025-07-12,ST02,P020,251
2025-07-12,ST02,P021,113
2025-07-12,ST02,P022,358
2025-07-12,ST02,P023,85
2025-07-12,ST02,P024,106
2025-07-12,ST02,P025,346
2025-07-12,ST02,P026,182
2025-07-12,ST02,P027,195
2025-07-12,ST02,P028,263
2025-07-12,ST02,P029,131
2025-07-12,ST02,P030,176
2025-07-12,ST03,P001,303
2025-07-12,ST03,P002,176
2025-07-12,ST03,P003,143
2025-07-12,ST03,P004,242
2025-07-12,ST03,P005,275
2025-07-12,ST03,P006,52
2025-07-12,ST03,P007,129
2025-07-12,ST03,P008,125
2025-07-12,ST03,P009,200
2025-07-12,ST03,P010,265
2025-07-12,ST03,P011,192
2025-07-12,ST03,P012,135
2025-07-12,ST03,P013,151
2025-07-12,ST03,P014,237
2025-07-12,ST03,P015,229
2025-07-12,ST03,P016,242
2025-07-12,ST03,P017,217
2025-07-12,ST03,P018,258
2025-07-12,ST03,P019,137
2025-07-12,ST03,P020,52
2025-07-12,ST03,P021,257
2025-07-12,ST03,P022,221
2025-07-12,ST03,P023,82
2025-07-12,ST03,P024,287
2025-07-12,ST03,P025,254
2025-07-12,ST03,P026,67
2025-07-12,ST03,P027,226
2025-07-12,ST03,P028,194
2025-07-12,ST03,P029,107
2025-07-12,ST03,P030,36
2025-07-12,ST04,P001,216
2025-07-12,ST04,P002,267
2025-07-12,ST04,P003,138
2025-07-12,ST04,P004,240
2025-07-12,ST04,P005,186
2025-07-12,ST04,P006,25
2025-07-12,ST04,P007,178
2025-07-12,ST04,P008,81
2025-07-12,ST04,P009,290
2025-07-12,ST04,P010,197
2025-07-12,ST04,P011,224
2025-07-12,ST04,P012,90
2025-07-12,ST04,P013,227
2025-07-12,ST04,P014,291
2025-07-12,ST04,P015,169
2025-07-12,ST04,P016,139
2025-07-12,ST04,P017,209
2025-07-12,ST04,P018,195
2025-07-12,ST04,P019,98
2025-07-12,ST04,P020,172
2025-07-12,ST04,P021,86
2025-07-12,ST04,P022,210
2025-07-12,ST04,P023,232
2025-07-12,ST04,P024,23
2025-07-12,ST04,P025,117
2025-07-12,ST04,P026,82
2025-07-12,ST04,P027,59
2025-07-12,ST04,P028,60
2025-07-12,ST04,P029,265
2025-07-12,ST04,P030,256
2025-07-12,ST05,P001,266
2025-07-12,ST05,P002,186
2025-07-12,ST05,P003,294
2025-07-12,ST05,P004,210
2025-07-12,ST05,P005,19
2025-07-12,ST05,P006,221
2025-07-12,ST05,P007,92
2025-07-12,ST05,P008,151
2025-07-12,ST05,P009,119
2025-07-12,ST05,P010,29
2025-07-12,ST05,P011,73
2025-07-12,ST05,P012,142
2025-07-12,ST05,P013,178
2025-07-12,ST05,P014,333
2025-07-12,ST05,P015,206
2025-07-12,ST05,P016,98
2025-07-12,ST05,P017,179
2025-07-12,ST05,P018,185
2025-07-12,ST05,P019,194
2025-07-12,ST05,P020,232
2025-07-12,ST05,P021,167
2025-07-12,ST05,P022,192
2025-07-12,ST05,P023,130
2025-07-12,ST05,P024,324
2025-07-12,ST05,P025,69
2025-07-12,ST05,P026,238
2025-07-12,ST05,P027,226
2025-07-12,ST05,P028,171
2025-07-12,ST05,P029,154
2025-07-12,ST05,P030,274
2025-07-13,ST01,P001,278
2025-07-13,ST01,P002,112
2025-07-13,ST01,P003,218
2025-07-13,ST01,P004,348
2025-07-13,ST01,P005,332
2025-07-13,ST01,P006,335
2025-07-13,ST01,P007,203
2025-07-13,ST01,P008,107
2025-07-13,ST01,P009,345
2025-07-13,ST01,P010,363
2025-07-13,ST01,P011,275
2025-07-13,ST01,P012,84
2025-07-13,ST01,P013,240
2025-07-13,ST01,P014,75
2025-07-13,ST01,P015,167
2025-07-13,ST01,P016,347
2025-07-13,ST01,P017,139
2025-07-13,ST01,P018,142
2025-07-13,ST01,P019,290
2025-07-13,ST01,P020,234
2025-07-13,ST01,P021,167
2025-07-13,ST01,P022,340
2025-07-13,ST01,P023,283
2025-07-13,ST01,P024,206
2025-07-13,ST01,P025,107
2025-07-13,ST01,P026,204
2025-07-13,ST01,P027,269
2025-07-13,ST01,P028,247
2025-07-13,ST01,P029,260
2025-07-13,ST01,P030,160
2025-07-13,ST02,P001,133
2025-07-13,ST02,P002,281
2025-07-13,ST02,P003,185
2025-07-13,ST02,P004,176
2025-07-13,ST02,P005,350
2025-07-13,ST02,P006,67
2025-07-13,ST02,P007,163
2025-07-13,ST02,P008,112
2025-07-13,ST02,P009,253
2025-07-13,ST02,P010,345
2025-07-13,ST02,P011,235
2025-07-13,ST02,P012,340
2025-07-13,ST02,P013,114
2025-07-13,ST02,P014,196
2025-07-13,ST02,P015,219
2025-07-13,ST02,P016,316
2025-07-13,ST02,P017,236
2025-07-13,ST02,P018,149
2025-07-13,ST02,P019,79
2025-07-13,ST02,P020,317
2025-07-13,ST02,P021,151
2025-07-13,ST02,P022,413
2025-07-13,ST02,P023,153
2025-07-13,ST02,P024,179
2025-07-13,ST02,P025,424
2025-07-13,ST02,P026,249
2025-07-13,ST02,P027,260
2025-07-13,ST02,P028,328
2025-07-13,ST02,P029,178
2025-07-13,ST02,P030,220
2025-07-13,ST03,P001,336
2025-07-13,ST03,P002,215
2025-07-13,ST03,P003,176
2025-07-13,ST03,P004,270
2025-07-13,ST03,P005,305
2025-07-13,ST03,P006,104
2025-07-13,ST03,P007,179
2025-07-13,ST03,P008,192
2025-07-13,ST03,P009,264
2025-07-13,ST03,P010,332
2025-07-13,ST03,P011,267
2025-07-13,ST03,P012,194
2025-07-13,ST03,P013,187
2025-07-13,ST03,P014,283
2025-07-13,ST03,P015,272
2025-07-13,ST03,P016,305
2025-07-13,ST03,P017,277
2025-07-13,ST03,P018,284
2025-07-13,ST03,P019,185
2025-07-13,ST03,P020,81
2025-07-13,ST03,P021,309
2025-07-13,ST03,P022,275
2025-07-13,ST03,P023,141
2025-07-13,ST03,P024,356
2025-07-13,ST03,P025,326
2025-07-13,ST03,P026,100
2025-07-13,ST03,P027,296
2025-07-13,ST03,P028,243
2025-07-13,ST03,P029,174
2025-07-13,ST03,P030,89
2025-07-13,ST04,P001,280
2025-07-13,ST04,P002,326
2025-07-13,ST04,P003,198
2025-07-13,ST04,P004,268
2025-07-13,ST04,P005,236
2025-07-13,ST04,P006,85
2025-07-13,ST04,P007,221
2025-07-13,ST04,P008,126
2025-07-13,ST04,P009,325
2025-07-13,ST04,P010,245
2025-07-13,ST04,P011,252
2025-07-13,ST04,P012,157
2025-07-13,ST04,P013,259
2025-07-13,ST04,P014,346
2025-07-13,ST04,P015,217
2025-07-13,ST04,P016,166
2025-07-13,ST04,P017,277
2025-07-13,ST04,P018,241
2025-07-13,ST04,P019,128
2025-07-13,ST04,P020,218
2025-07-13,ST04,P021,141
2025-07-13,ST04,P022,254
2025-07-13,ST04,P023,286
2025-07-13,ST04,P024,79
2025-07-13,ST04,P025,143
2025-07-13,ST04,P026,147
2025-07-13,ST04,P027,101
2025-07-13,ST04,P028,106
2025-07-13,ST04,P029,299
2025-07-13,ST04,P030,312
2025-07-13,ST05,P001,313
2025-07-13,ST05,P002,241
2025-07-13,ST05,P003,344
2025-07-13,ST05,P004,246
2025-07-13,ST05,P005,69
2025-07-13,ST05,P006,260
2025-07-13,ST05,P007,169
2025-07-13,ST05,P008,180
2025-07-13,ST05,P009,161
2025-07-13,ST05,P010,69
2025-07-13,ST05,P011,110
2025-07-13,ST05,P012,179
2025-07-13,ST05,P013,250
2025-07-13,ST05,P014,399
2025-07-13,ST05,P015,235
2025-07-13,ST05,P016,154
2025-07-13,ST05,P017,216
2025-07-13,ST05,P018,233
2025-07-13,ST05,P019,235
2025-07-13,ST05,P020,293
2025-07-13,ST05,P021,224
2025-07-13,ST05,P022,238
2025-07-13,ST05,P023,190
2025-07-13,ST05,P024,383
2025-07-13,ST05,P025,106
2025-07-13,ST05,P026,267
2025-07-13,ST05,P027,265
2025-07-13,ST05,P028,233
2025-07-13,ST05,P029,227
2025-07-13,ST05,P030,330
2025-07-14,ST01,P001,275
2025-07-14,ST01,P002,99
2025-07-14,ST01,P003,212
2025-07-14,ST01,P004,347
2025-07-14,ST01,P005,329
2025-07-14,ST01,P006,334
2025-07-14,ST01,P007,197
2025-07-14,ST01,P008,100
2025-07-14,ST01,P009,340
2025-07-14,ST01,P010,360
2025-07-14,ST01,P011,271
2025-07-14,ST01,P012,71
2025-07-14,ST01,P013,234
2025-07-14,ST01,P014,71
2025-07-14,ST01,P015,163
2025-07-14,ST01,P016,345
2025-07-14,ST01,P017,130
2025-07-14,ST01,P018,137
2025-07-14,ST01,P019,284
2025-07-14,ST01,P020,231
2025-07-14,ST01,P021,161
2025-07-14,ST01,P022,337
2025-07-14,ST01,P023,279
2025-07-14,ST01,P024,202
2025-07-14,ST01,P025,98
2025-07-14,ST01,P026,195
2025-07-14,ST01,P027,264
2025-07-14,ST01,P028,241
2025-07-14,ST01,P029,258
2025-07-14,ST01,P030,149
2025-07-14,ST02,P001,122
2025-07-14,ST02,P002,277
2025-07-14,ST02,P003,178
2025-07-14,ST02,P004,171
2025-07-14,ST02,P005,347
2025-07-14,ST02,P006,52
2025-07-14,ST02,P007,157
2025-07-14,ST02,P008,106
2025-07-14,ST02,P009,250
2025-07-14,ST02,P010,344
2025-07-14,ST02,P011,229
2025-07-14,ST02,P012,338
2025-07-14,ST02,P013,105
2025-07-14,ST02,P014,189
2025-07-14,ST02,P015,210
2025-07-14,ST02,P016,313
2025-07-14,ST02,P017,234
2025-07-14,ST02,P018,140
2025-07-14,ST02,P019,65
2025-07-14,ST02,P020,315
2025-07-14,ST02,P021,147
2025-07-14,ST02,P022,412
2025-07-14,ST02,P023,149
2025-07-14,ST02,P024,169
2025-07-14,ST02,P025,421
2025-07-14,ST02,P026,245
2025-07-14,ST02,P027,256
2025-07-14,ST02,P028,325
2025-07-14,ST02,P029,167
2025-07-14,ST02,P030,214
2025-07-14,ST03,P001,334
2025-07-14,ST03,P002,211
2025-07-14,ST03,P003,171
2025-07-14,ST03,P004,267
2025-07-14,ST03,P005,300
2025-07-14,ST03,P006,93
2025-07-14,ST03,P007,172
2025-07-14,ST03,P008,188
2025-07-14,ST03,P009,257
2025-07-14,ST03,P010,331
2025-07-14,ST03,P011,263
2025-07-14,ST03,P012,192
2025-07-14,ST03,P013,180
2025-07-14,ST03,P014,280
2025-07-14,ST03,P015,268
2025-07-14,ST03,P016,303
2025-07-14,ST03,P017,271
2025-07-14,ST03,P018,280
2025-07-14,ST03,P019,176
2025-07-14,ST03,P020,74
2025-07-14,ST03,P021,308
2025-07-14,ST03,P022,272
2025-07-14,ST03,P023,133
2025-07-14,ST03,P024,352
2025-07-14,ST03,P025,324
2025-07-14,ST03,P026,91
2025-07-14,ST03,P027,291
2025-07-14,ST03,P028,235
2025-07-14,ST03,P029,165
2025-07-14,ST03,P030,79
2025-07-14,ST04,P001,278
2025-07-14,ST04,P002,323
2025-07-14,ST04,P003,195
2025-07-14,ST04,P004,266
2025-07-14,ST04,P005,229
2025-07-14,ST04,P006,77
2025-07-14,ST04,P007,214
2025-07-14,ST04,P008,118
2025-07-14,ST04,P009,322
2025-07-14,ST04,P010,241
2025-07-14,ST04,P011,248
2025-07-14,ST04,P012,147
2025-07-14,ST04,P013,257
2025-07-14,ST04,P014,344
2025-07-14,ST04,P015,210
2025-07-14,ST04,P016,163
2025-07-14,ST04,P017,274
2025-07-14,ST04,P018,238
2025-07-14,ST04,P019,120
2025-07-14,ST04,P020,213
2025-07-14,ST04,P021,128
2025-07-14,ST04,P022,249
2025-07-14,ST04,P023,284
2025-07-14,ST04,P024,71
2025-07-14,ST04,P025,132
2025-07-14,ST04,P026,140
2025-07-14,ST04,P027,94
2025-07-14,ST04,P028,94
2025-07-14,ST04,P029,296
2025-07-14,ST04,P030,305
2025-07-14,ST05,P001,311
2025-07-14,ST05,P002,234
2025-07-14,ST05,P003,343
2025-07-14,ST05,P004,243
2025-07-14,ST05,P005,60
2025-07-14,ST05,P006,256
2025-07-14,ST05,P007,161
2025-07-14,ST05,P008,177
2025-07-14,ST05,P009,157
2025-07-14,ST05,P010,66
2025-07-14,ST05,P011,102
2025-07-14,ST05,P012,172
2025-07-14,ST05,P013,242
2025-07-14,ST05,P014,397
2025-07-14,ST05,P015,231
2025-07-14,ST05,P016,144
2025-07-14,ST05,P017,208
2025-07-14,ST05,P018,227
2025-07-14,ST05,P019,228
2025-07-14,ST05,P020,292
2025-07-14,ST05,P021,219
2025-07-14,ST05,P022,231
2025-07-14,ST05,P023,182
2025-07-14,ST05,P024,381
2025-07-14,ST05,P025,96
2025-07-14,ST05,P026,264
2025-07-14,ST05,P027,262
2025-07-14,ST05,P028,227
2025-07-14,ST05,P029,220
2025-07-14,ST05,P030,326
2025-07-15,ST01,P001,272
2025-07-15,ST01,P002,91
2025-07-15,ST01,P003,207
2025-07-15,ST01,P004,344
2025-07-15,ST01,P005,327
2025-07-15,ST01,P006,333
2025-07-15,ST01,P007,189
2025-07-15,ST01,P008,90
2025-07-15,ST01,P009,338
2025-07-15,ST01,P010,357
2025-07-15,ST01,P011,269
2025-07-15,ST01,P012,60
2025-07-15,ST01,P013,228
2025-07-15,ST01,P014,61
2025-07-15,ST01,P015,157
2025-07-15,ST01,P016,344
2025-07-15,ST01,P017,123
2025-07-15,ST01,P018,130
2025-07-15,ST01,P019,280
2025-07-15,ST01,P020,227
2025-07-15,ST01,P021,157
2025-07-15,ST01,P022,334
2025-07-15,ST01,P023,275
2025-07-15,ST01,P024,197
2025-07-15,ST01,P025,86
2025-07-15,ST01,P026,186
2025-07-15,ST01,P027,261
2025-07-15,ST01,P028,236
2025-07-15,ST01,P029,254
2025-07-15,ST01,P030,139
2025-07-15,ST02,P001,114
2025-07-15,ST02,P002,271
2025-07-15,ST02,P003,169
2025-07-15,ST02,P004,164
2025-07-15,ST02,P005,345
2025-07-15,ST02,P006,39
2025-07-15,ST02,P007,150
2025-07-15,ST02,P008,99
2025-07-15,ST02,P009,245
2025-07-15,ST02,P010,343
2025-07-15,ST02,P011,227
2025-07-15,ST02,P012,336
2025-07-15,ST02,P013,92
2025-07-15,ST02,P014,183
2025-07-15,ST02,P015,204
2025-07-15,ST02,P016,309
2025-07-15,ST02,P017,232
2025-07-15,ST02,P018,126
2025-07-15,ST02,P019,56
2025-07-15,ST02,P020,313
2025-07-15,ST02,P021,142
2025-07-15,ST02,P022,411
2025-07-15,ST02,P023,143
2025-07-15,ST02,P024,161
2025-07-15,ST02,P025,418
2025-07-15,ST02,P026,237
2025-07-15,ST02,P027,251
2025-07-15,ST02,P028,322
2025-07-15,ST02,P029,157
2025-07-15,ST02,P030,207
2025-07-15,ST03,P001,328
2025-07-15,ST03,P002,205
2025-07-15,ST03,P003,164
2025-07-15,ST03,P004,263
2025-07-15,ST03,P005,296
2025-07-15,ST03,P006,80
2025-07-15,ST03,P007,166
2025-07-15,ST03,P008,184
2025-07-15,ST03,P009,255
2025-07-15,ST03,P010,328
2025-07-15,ST03,P011,259
2025-07-15,ST03,P012,188
2025-07-15,ST03,P013,174
2025-07-15,ST03,P014,276
2025-07-15,ST03,P015,266
2025-07-15,ST03,P016,301
2025-07-15,ST03,P017,263
2025-07-15,ST03,P018,276
2025-07-15,ST03,P019,162
2025-07-15,ST03,P020,64
2025-07-15,ST03,P021,307
2025-07-15,ST03,P022,269
2025-07-15,ST03,P023,129
2025-07-15,ST03,P024,350
2025-07-15,ST03,P025,321
2025-07-15,ST03,P026,86
2025-07-15,ST03,P027,285
2025-07-15,ST03,P028,230
2025-07-15,ST03,P029,160
2025-07-15,ST03,P030,72
2025-07-15,ST04,P001,274
2025-07-15,ST04,P002,321
2025-07-15,ST04,P003,188
2025-07-15,ST04,P004,259
2025-07-15,ST04,P005,223
2025-07-15,ST04,P006,70
2025-07-15,ST04,P007,206
2025-07-15,ST04,P008,106
2025-07-15,ST04,P009,320
2025-07-15,ST04,P010,235
2025-07-15,ST04,P011,242
2025-07-15,ST04,P012,137
2025-07-15,ST04,P013,254
2025-07-15,ST04,P014,341
2025-07-15,ST04,P015,207
2025-07-15,ST04,P016,155
2025-07-15,ST04,P017,273
2025-07-15,ST04,P018,235
2025-07-15,ST04,P019,112
2025-07-15,ST04,P020,207
2025-07-15,ST04,P021,125
2025-07-15,ST04,P022,242
2025-07-15,ST04,P023,282
2025-07-15,ST04,P024,57
2025-07-15,ST04,P025,122
2025-07-15,ST04,P026,133
2025-07-15,ST04,P027,87
2025-07-15,ST04,P028,86
2025-07-15,ST04,P029,293
2025-07-15,ST04,P030,302
2025-07-15,ST05,P001,307
2025-07-15,ST05,P002,230
2025-07-15,ST05,P003,340
2025-07-15,ST05,P004,240
2025-07-15,ST05,P005,53
2025-07-15,ST05,P006,252
2025-07-15,ST05,P007,152
2025-07-15,ST05,P008,172
2025-07-15,ST05,P009,153
2025-07-15,ST05,P010,57
2025-07-15,ST05,P011,94
2025-07-15,ST05,P012,166
2025-07-15,ST05,P013,233
2025-07-15,ST05,P014,395
2025-07-15,ST05,P015,230
2025-07-15,ST05,P016,132
2025-07-15,ST05,P017,204
2025-07-15,ST05,P018,222
2025-07-15,ST05,P019,218
2025-07-15,ST05,P020,289
2025-07-15,ST05,P021,212
2025-07-15,ST05,P022,225
2025-07-15,ST05,P023,174
2025-07-15,ST05,P024,378
2025-07-15,ST05,P025,85
2025-07-15,ST05,P026,263
2025-07-15,ST05,P027,259
2025-07-15,ST05,P028,223
2025-07-15,ST05,P029,214
2025-07-15,ST05,P030,323
2025-07-16,ST01,P001,269
2025-07-16,ST01,P002,82
2025-07-16,ST01,P003,202
2025-07-16,ST01,P004,342
2025-07-16,ST01,P005,325
2025-07-16,ST01,P006,331
2025-07-16,ST01,P007,184
2025-07-16,ST01,P008,83
2025-07-16,ST01,P009,334
2025-07-16,ST01,P010,355
2025-07-16,ST01,P011,264
2025-07-16,ST01,P012,51
2025-07-16,ST01,P013,225
2025-07-16,ST01,P014,48
2025-07-16,ST01,P015,147
2025-07-16,ST01,P016,342
2025-07-16,ST01,P017,114
2025-07-16,ST01,P018,123
2025-07-16,ST01,P019,275
2025-07-16,ST01,P020,225
2025-07-16,ST01,P021,152
2025-07-16,ST01,P022,332
2025-07-16,ST01,P023,271
2025-07-16,ST01,P024,193
2025-07-16,ST01,P025,74
2025-07-16,ST01,P026,177
2025-07-16,ST01,P027,260
2025-07-16,ST01,P028,230
2025-07-16,ST01,P029,249
2025-07-16,ST01,P030,131
2025-07-16,ST02,P001,106
2025-07-16,ST02,P002,268
2025-07-16,ST02,P003,160
2025-07-16,ST02,P004,160
2025-07-16,ST02,P005,343
2025-07-16,ST02,P006,93
2025-07-16,ST02,P007,141
2025-07-16,ST02,P008,89
2025-07-16,ST02,P009,241
2025-07-16,ST02,P010,341
2025-07-16,ST02,P011,222
2025-07-16,ST02,P012,333
2025-07-16,ST02,P013,83
2025-07-16,ST02,P014,176
2025-07-16,ST02,P015,195
2025-07-16,ST02,P016,306
2025-07-16,ST02,P017,230
2025-07-16,ST02,P018,120
2025-07-16,ST02,P019,47
2025-07-16,ST02,P020,312
2025-07-16,ST02,P021,136
2025-07-16,ST02,P022,408
2025-07-16,ST02,P023,139
2025-07-16,ST02,P024,152
2025-07-16,ST02,P025,416
2025-07-16,ST02,P026,230
2025-07-16,ST02,P027,244
2025-07-16,ST02,P028,317
2025-07-16,ST02,P029,148
2025-07-16,ST02,P030,204
2025-07-16,ST03,P001,327
2025-07-16,ST03,P002,199
2025-07-16,ST03,P003,160
2025-07-16,ST03,P004,260
2025-07-16,ST03,P005,294
2025-07-16,ST03,P006,69
2025-07-16,ST03,P007,159
2025-07-16,ST03,P008,181
2025-07-16,ST03,P009,251
2025-07-16,ST03,P010,325
2025-07-16,ST03,P011,255
2025-07-16,ST03,P012,184
2025-07-16,ST03,P013,169
2025-07-16,ST03,P014,273
2025-07-16,ST03,P015,263
2025-07-16,ST03,P016,299
2025-07-16,ST03,P017,259
2025-07-16,ST03,P018,273
2025-07-16,ST03,P019,156
2025-07-16,ST03,P020,56
2025-07-16,ST03,P021,306
2025-07-16,ST03,P022,265
2025-07-16,ST03,P023,124
2025-07-16,ST03,P024,347
2025-07-16,ST03,P025,317
2025-07-16,ST03,P026,74
2025-07-16,ST03,P027,278
2025-07-16,ST03,P028,227
2025-07-16,ST03,P029,153
2025-07-16,ST03,P030,64
2025-07-16,ST04,P001,271
2025-07-16,ST04,P002,319
2025-07-16,ST04,P003,182
2025-07-16,ST04,P004,253
2025-07-16,ST04,P005,216
2025-07-16,ST04,P006,61
2025-07-16,ST04,P007,201
2025-07-16,ST04,P008,98
2025-07-16,ST04,P009,318
2025-07-16,ST04,P010,230
2025-07-16,ST04,P011,239
2025-07-16,ST04,P012,129
2025-07-16,ST04,P013,251
2025-07-16,ST04,P014,339
2025-07-16,ST04,P015,202
2025-07-16,ST04,P016,149
2025-07-16,ST04,P017,268
2025-07-16,ST04,P018,231
2025-07-16,ST04,P019,105
2025-07-16,ST04,P020,200
2025-07-16,ST04,P021,120
2025-07-16,ST04,P022,236
2025-07-16,ST04,P023,280
2025-07-16,ST04,P024,49
2025-07-16,ST04,P025,110
2025-07-16,ST04,P026,125
2025-07-16,ST04,P027,78
2025-07-16,ST04,P028,77
2025-07-16,ST04,P029,290
2025-07-16,ST04,P030,299
2025-07-16,ST05,P001,304
2025-07-16,ST05,P002,226
2025-07-16,ST05,P003,338
2025-07-16,ST05,P004,236
2025-07-16,ST05,P005,43
2025-07-16,ST05,P006,248
2025-07-16,ST05,P007,148
2025-07-16,ST05,P008,167
2025-07-16,ST05,P009,146
2025-07-16,ST05,P010,53
2025-07-16,ST05,P011,88
2025-07-16,ST05,P012,162
2025-07-16,ST05,P013,230
2025-07-16,ST05,P014,394
2025-07-16,ST05,P015,227
2025-07-16,ST05,P016,120
2025-07-16,ST05,P017,199
2025-07-16,ST05,P018,218
2025-07-16,ST05,P019,211
2025-07-16,ST05,P020,287
2025-07-16,ST05,P021,205
2025-07-16,ST05,P022,220
2025-07-16,ST05,P023,160
2025-07-16,ST05,P024,375
2025-07-16,ST05,P025,75
2025-07-16,ST05,P026,261
2025-07-16,ST05,P027,257
2025-07-16,ST05,P028,219
2025-07-16,ST05,P029,210
2025-07-16,ST05,P030,319
2025-07-17,ST01,P001,266
2025-07-17,ST01,P002,75
2025-07-17,ST01,P003,197
2025-07-17,ST01,P004,339
2025-07-17,ST01,P005,323
2025-07-17,ST01,P006,329
2025-07-17,ST01,P007,177
2025-07-17,ST01,P008,74
2025-07-17,ST01,P009,330
2025-07-17,ST01,P010,354
2025-07-17,ST01,P011,262
2025-07-17,ST01,P012,41
2025-07-17,ST01,P013,220
2025-07-17,ST01,P014,40
2025-07-17,ST01,P015,143
2025-07-17,ST01,P016,341
2025-07-17,ST01,P017,107
2025-07-17,ST01,P018,116
2025-07-17,ST01,P019,271
2025-07-17,ST01,P020,223
2025-07-17,ST01,P021,142
2025-07-17,ST01,P022,330
2025-07-17,ST01,P023,266
2025-07-17,ST01,P024,190
2025-07-17,ST01,P025,67
2025-07-17,ST01,P026,170
2025-07-17,ST01,P027,258
2025-07-17,ST01,P028,225
2025-07-17,ST01,P029,247
2025-07-17,ST01,P030,125
2025-07-17,ST02,P001,100
2025-07-17,ST02,P002,266
2025-07-17,ST02,P003,157
2025-07-17,ST02,P004,154
2025-07-17,ST02,P005,341
2025-07-17,ST02,P006,79
2025-07-17,ST02,P007,136
2025-07-17,ST02,P008,81
2025-07-17,ST02,P009,234
2025-07-17,ST02,P010,340
2025-07-17,ST02,P011,219
2025-07-17,ST02,P012,331
2025-07-17,ST02,P013,72
2025-07-17,ST02,P014,169
2025-07-17,ST02,P015,187
2025-07-17,ST02,P016,302
2025-07-17,ST02,P017,228
2025-07-17,ST02,P018,110
2025-07-17,ST02,P019,39
2025-07-17,ST02,P020,309
2025-07-17,ST02,P021,130
2025-07-17,ST02,P022,405
2025-07-17,ST02,P023,133
2025-07-17,ST02,P024,142
2025-07-17,ST02,P025,413
2025-07-17,ST02,P026,227
2025-07-17,ST02,P027,237
2025-07-17,ST02,P028,313
2025-07-17,ST02,P029,141
2025-07-17,ST02,P030,203
2025-07-17,ST03,P001,323
2025-07-17,ST03,P002,196
2025-07-17,ST03,P003,153
2025-07-17,ST03,P004,259
2025-07-17,ST03,P005,289
2025-07-17,ST03,P006,65
2025-07-17,ST03,P007,154
2025-07-17,ST03,P008,177
2025-07-17,ST03,P009,246
2025-07-17,ST03,P010,324
2025-07-17,ST03,P011,251
2025-07-17,ST03,P012,179
2025-07-17,ST03,P013,164
2025-07-17,ST03,P014,270
2025-07-17,ST03,P015,262
2025-07-17,ST03,P016,296
2025-07-17,ST03,P017,253
2025-07-17,ST03,P018,269
2025-07-17,ST03,P019,147
2025-07-17,ST03,P020,48
2025-07-17,ST03,P021,304
2025-07-17,ST03,P022,262
2025-07-17,ST03,P023,115
2025-07-17,ST03,P024,342
2025-07-17,ST03,P025,314
2025-07-17,ST03,P026,66
2025-07-17,ST03,P027,271
2025-07-17,ST03,P028,221
2025-07-17,ST03,P029,146
2025-07-17,ST03,P030,57
2025-07-17,ST04,P001,268
2025-07-17,ST04,P002,316
2025-07-17,ST04,P003,178
2025-07-17,ST04,P004,247
2025-07-17,ST04,P005,208
2025-07-17,ST04,P006,53
2025-07-17,ST04,P007,195
2025-07-17,ST04,P008,88
2025-07-17,ST04,P009,316
2025-07-17,ST04,P010,227
2025-07-17,ST04,P011,236
2025-07-17,ST04,P012,124
2025-07-17,ST04,P013,247
2025-07-17,ST04,P014,336
2025-07-17,ST04,P015,200
2025-07-17,ST04,P016,144
2025-07-17,ST04,P017,264
2025-07-17,ST04,P018,227
2025-07-17,ST04,P019,100
2025-07-17,ST04,P020,197
2025-07-17,ST04,P021,108
2025-07-17,ST04,P022,231
2025-07-17,ST04,P023,278
2025-07-17,ST04,P024,40
2025-07-17,ST04,P025,105
2025-07-17,ST04,P026,120
2025-07-17,ST04,P027,68
2025-07-17,ST04,P028,70
2025-07-17,ST04,P029,287
2025-07-17,ST04,P030,292
2025-07-17,ST05,P001,302
2025-07-17,ST05,P002,222
2025-07-17,ST05,P003,335
2025-07-17,ST05,P004,231
2025-07-17,ST05,P005,35
2025-07-17,ST05,P006,244
2025-07-17,ST05,P007,139
2025-07-17,ST05,P008,163
2025-07-17,ST05,P009,143
2025-07-17,ST05,P010,42
2025-07-17,ST05,P011,79
2025-07-17,ST05,P012,153
2025-07-17,ST05,P013,224
2025-07-17,ST05,P014,391
2025-07-17,ST05,P015,222
2025-07-17,ST05,P016,110
2025-07-17,ST05,P017,193
2025-07-17,ST05,P018,214
2025-07-17,ST05,P019,205
2025-07-17,ST05,P020,285
2025-07-17,ST05,P021,199
2025-07-17,ST05,P022,216
2025-07-17,ST05,P023,152
2025-07-17,ST05,P024,371
2025-07-17,ST05,P025,69
2025-07-17,ST05,P026,259
2025-07-17,ST05,P027,256
2025-07-17,ST05,P028,212
2025-07-17,ST05,P029,203
2025-07-17,ST05,P030,317
2025-07-18,ST01,P001,262
2025-07-18,ST01,P002,66
2025-07-18,ST01,P003,189
2025-07-18,ST01,P004,337
2025-07-18,ST01,P005,321
2025-07-18,ST01,P006,327
2025-07-18,ST01,P007,173
2025-07-18,ST01,P008,61
2025-07-18,ST01,P009,325
2025-07-18,ST01,P010,352
2025-07-18,ST01,P011,258
2025-07-18,ST01,P012,36
2025-07-18,ST01,P013,217
2025-07-18,ST01,P014,36
2025-07-18,ST01,P015,132
2025-07-18,ST01,P016,339
2025-07-18,ST01,P017,101
2025-07-18,ST01,P018,112
2025-07-18,ST01,P019,267
2025-07-18,ST01,P020,220
2025-07-18,ST01,P021,138
2025-07-18,ST01,P022,327
2025-07-18,ST01,P023,262
2025-07-18,ST01,P024,186
2025-07-18,ST01,P025,59
2025-07-18,ST01,P026,167
2025-07-18,ST01,P027,254
2025-07-18,ST01,P028,220
2025-07-18,ST01,P029,246
2025-07-18,ST01,P030,118
2025-07-18,ST02,P001,93
2025-07-18,ST02,P002,263
2025-07-18,ST02,P003,150
2025-07-18,ST02,P004,146
2025-07-18,ST02,P005,338
2025-07-18,ST02,P006,70
2025-07-18,ST02,P007,132
2025-07-18,ST02,P008,78
2025-07-18,ST02,P009,228
2025-07-18,ST02,P010,339
2025-07-18,ST02,P011,215
2025-07-18,ST02,P012,329
2025-07-18,ST02,P013,61
2025-07-18,ST02,P014,160
2025-07-18,ST02,P015,180
2025-07-18,ST02,P016,300
2025-07-18,ST02,P017,225
2025-07-18,ST02,P018,97
2025-07-18,ST02,P019,31
2025-07-18,ST02,P020,307
2025-07-18,ST02,P021,127
2025-07-18,ST02,P022,403
2025-07-18,ST02,P023,126
2025-07-18,ST02,P024,136
2025-07-18,ST02,P025,409
2025-07-18,ST02,P026,221
2025-07-18,ST02,P027,232
2025-07-18,ST02,P028,310
2025-07-18,ST02,P029,132
2025-07-18,ST02,P030,201
2025-07-18,ST03,P001,319
2025-07-18,ST03,P002,191
2025-07-18,ST03,P003,144
2025-07-18,ST03,P004,256
2025-07-18,ST03,P005,286
2025-07-18,ST03,P006,58
2025-07-18,ST03,P007,145
2025-07-18,ST03,P008,172
2025-07-18,ST03,P009,240
2025-07-18,ST03,P010,321
2025-07-18,ST03,P011,248
2025-07-18,ST03,P012,176
2025-07-18,ST03,P013,155
2025-07-18,ST03,P014,267
2025-07-18,ST03,P015,258
2025-07-18,ST03,P016,294
2025-07-18,ST03,P017,245
2025-07-18,ST03,P018,267
2025-07-18,ST03,P019,142
2025-07-18,ST03,P020,41
2025-07-18,ST03,P021,302
2025-07-18,ST03,P022,258
2025-07-18,ST03,P023,108
2025-07-18,ST03,P024,340
2025-07-18,ST03,P025,312
2025-07-18,ST03,P026,61
2025-07-18,ST03,P027,267
2025-07-18,ST03,P028,216
2025-07-18,ST03,P029,140
2025-07-18,ST03,P030,47
2025-07-18,ST04,P001,265
2025-07-18,ST04,P002,314
2025-07-18,ST04,P003,171
2025-07-18,ST04,P004,241
2025-07-18,ST04,P005,203
2025-07-18,ST04,P006,47
2025-07-18,ST04,P007,185
2025-07-18,ST04,P008,77
2025-07-18,ST04,P009,314
2025-07-18,ST04,P010,222
2025-07-18,ST04,P011,233
2025-07-18,ST04,P012,114
2025-07-18,ST04,P013,245
2025-07-18,ST04,P014,334
2025-07-18,ST04,P015,196
2025-07-18,ST04,P016,139
2025-07-18,ST04,P017,262
2025-07-18,ST04,P018,224
2025-07-18,ST04,P019,97
2025-07-18,ST04,P020,191
2025-07-18,ST04,P021,106
2025-07-18,ST04,P022,225
2025-07-18,ST04,P023,276
2025-07-18,ST04,P024,32
2025-07-18,ST04,P025,95
2025-07-18,ST04,P026,108
2025-07-18,ST04,P027,57
2025-07-18,ST04,P028,59
2025-07-18,ST04,P029,284
2025-07-18,ST04,P030,287
2025-07-18,ST05,P001,299
2025-07-18,ST05,P002,216
2025-07-18,ST05,P003,333
2025-07-18,ST05,P004,230
2025-07-18,ST05,P005,31
2025-07-18,ST05,P006,239
2025-07-18,ST05,P007,133
2025-07-18,ST05,P008,159
2025-07-18,ST05,P009,137
2025-07-18,ST05,P010,31
2025-07-18,ST05,P011,69
2025-07-18,ST05,P012,147
2025-07-18,ST05,P013,221
2025-07-18,ST05,P014,387
2025-07-18,ST05,P015,219
2025-07-18,ST05,P016,98
2025-07-18,ST05,P017,187
2025-07-18,ST05,P018,209
2025-07-18,ST05,P019,198
2025-07-18,ST05,P020,283
2025-07-18,ST05,P021,190
2025-07-18,ST05,P022,213
2025-07-18,ST05,P023,143
2025-07-18,ST05,P024,367
2025-07-18,ST05,P025,62
2025-07-18,ST05,P026,257
2025-07-18,ST05,P027,254
2025-07-18,ST05,P028,203
2025-07-18,ST05,P029,199
2025-07-18,ST05,P030,313
2025-07-19,ST01,P001,261
2025-07-19,ST01,P002,59
2025-07-19,ST01,P003,183
2025-07-19,ST01,P004,336
2025-07-19,ST01,P005,319
2025-07-19,ST01,P006,326
2025-07-19,ST01,P007,167
2025-07-19,ST01,P008,56
2025-07-19,ST01,P009,322
2025-07-19,ST01,P010,350
2025-07-19,ST01,P011,256
2025-07-19,ST01,P012,25
2025-07-19,ST01,P013,213
2025-07-19,ST01,P014,95
2025-07-19,ST01,P015,126
2025-07-19,ST01,P016,338
2025-07-19,ST01,P017,93
2025-07-19,ST01,P018,106
2025-07-19,ST01,P019,259
2025-07-19,ST01,P020,216
2025-07-19,ST01,P021,133
2025-07-19,ST01,P022,324
2025-07-19,ST01,P023,257
2025-07-19,ST01,P024,181
2025-07-19,ST01,P025,47
2025-07-19,ST01,P026,158
2025-07-19,ST01,P027,250
2025-07-19,ST01,P028,216
2025-07-19,ST01,P029,244
2025-07-19,ST01,P030,113
2025-07-19,ST02,P001,80
2025-07-19,ST02,P002,258
2025-07-19,ST02,P003,147
2025-07-19,ST02,P004,141
2025-07-19,ST02,P005,334
2025-07-19,ST02,P006,56
2025-07-19,ST02,P007,126
2025-07-19,ST02,P008,73
2025-07-19,ST02,P009,220
2025-07-19,ST02,P010,337
2025-07-19,ST02,P011,214
2025-07-19,ST02,P012,328
2025-07-19,ST02,P013,53
2025-07-19,ST02,P014,150
2025-07-19,ST02,P015,170
2025-07-19,ST02,P016,298
2025-07-19,ST02,P017,223
2025-07-19,ST02,P018,89
2025-07-19,ST02,P019,92
2025-07-19,ST02,P020,305
2025-07-19,ST02,P021,119
2025-07-19,ST02,P022,401
2025-07-19,ST02,P023,117
2025-07-19,ST02,P024,128
2025-07-19,ST02,P025,408
2025-07-19,ST02,P026,214
2025-07-19,ST02,P027,227
2025-07-19,ST02,P028,306
2025-07-19,ST02,P029,123
2025-07-19,ST02,P030,196
2025-07-19,ST03,P001,316
2025-07-19,ST03,P002,185
2025-07-19,ST03,P003,137
2025-07-19,ST03,P004,253
2025-07-19,ST03,P005,283
2025-07-19,ST03,P006,46
2025-07-19,ST03,P007,137
2025-07-19,ST03,P008,165
2025-07-19,ST03,P009,235
2025-07-19,ST03,P010,318
2025-07-19,ST03,P011,244
2025-07-19,ST03,P012,172
2025-07-19,ST03,P013,150
2025-07-19,ST03,P014,263
2025-07-19,ST03,P015,255
2025-07-19,ST03,P016,291
2025-07-19,ST03,P017,238
2025-07-19,ST03,P018,264
2025-07-19,ST03,P019,132
2025-07-19,ST03,P020,29
2025-07-19,ST03,P021,301
2025-07-19,ST03,P022,255
2025-07-19,ST03,P023,101
2025-07-19,ST03,P024,338
2025-07-19,ST03,P025,309
2025-07-19,ST03,P026,52
2025-07-19,ST03,P027,263
2025-07-19,ST03,P028,211
2025-07-19,ST03,P029,135
2025-07-19,ST03,P030,39
2025-07-19,ST04,P001,262
2025-07-19,ST04,P002,310
2025-07-19,ST04,P003,167
2025-07-19,ST04,P004,233
2025-07-19,ST04,P005,199
2025-07-19,ST04,P006,41
2025-07-19,ST04,P007,182
2025-07-19,ST04,P008,70
2025-07-19,ST04,P009,312
2025-07-19,ST04,P010,216
2025-07-19,ST04,P011,227
2025-07-19,ST04,P012,104
2025-07-19,ST04,P013,241
2025-07-19,ST04,P014,329
2025-07-19,ST04,P015,194
2025-07-19,ST04,P016,131
2025-07-19,ST04,P017,258
2025-07-19,ST04,P018,222
2025-07-19,ST04,P019,94
2025-07-19,ST04,P020,185
2025-07-19,ST04,P021,98
2025-07-19,ST04,P022,219
2025-07-19,ST04,P023,275
2025-07-19,ST04,P024,22
2025-07-19,ST04,P025,89
2025-07-19,ST04,P026,92
2025-07-19,ST04,P027,43
2025-07-19,ST04,P028,51
2025-07-19,ST04,P029,282
2025-07-19,ST04,P030,282
2025-07-19,ST05,P001,295
2025-07-19,ST05,P002,213
2025-07-19,ST05,P003,332
2025-07-19,ST05,P004,224
2025-07-19,ST05,P005,25
2025-07-19,ST05,P006,236
2025-07-19,ST05,P007,122
2025-07-19,ST05,P008,153
2025-07-19,ST05,P009,133
2025-07-19,ST05,P010,23
2025-07-19,ST05,P011,61
2025-07-19,ST05,P012,141
2025-07-19,ST05,P013,212
2025-07-19,ST05,P014,384
2025-07-19,ST05,P015,215
2025-07-19,ST05,P016,86
2025-07-19,ST05,P017,185
2025-07-19,ST05,P018,206
2025-07-19,ST05,P019,192
2025-07-19,ST05,P020,280
2025-07-19,ST05,P021,185
2025-07-19,ST05,P022,207
2025-07-19,ST05,P023,135
2025-07-19,ST05,P024,365
2025-07-19,ST05,P025,53
2025-07-19,ST05,P026,253
2025-07-19,ST05,P027,252
2025-07-19,ST05,P028,195
2025-07-19,ST05,P029,193
2025-07-19,ST05,P030,310
2025-07-20,ST01,P001,288
2025-07-20,ST01,P002,122
2025-07-20,ST01,P003,254
2025-07-20,ST01,P004,375
2025-07-20,ST01,P005,393
2025-07-20,ST01,P006,384
2025-07-20,ST01,P007,241
2025-07-20,ST01,P008,122
2025-07-20,ST01,P009,390
2025-07-20,ST01,P010,407
2025-07-20,ST01,P011,306
2025-07-20,ST01,P012,86
2025-07-20,ST01,P013,287
2025-07-20,ST01,P014,159
2025-07-20,ST01,P015,170
2025-07-20,ST01,P016,378
2025-07-20,ST01,P017,118
2025-07-20,ST01,P018,177
2025-07-20,ST01,P019,306
2025-07-20,ST01,P020,252
2025-07-20,ST01,P021,173
2025-07-20,ST01,P022,396
2025-07-20,ST01,P023,305
2025-07-20,ST01,P024,204
2025-07-20,ST01,P025,114
2025-07-20,ST01,P026,213
2025-07-20,ST01,P027,316
2025-07-20,ST01,P028,265
2025-07-20,ST01,P029,303
2025-07-20,ST01,P030,164
2025-07-20,ST02,P001,148
2025-07-20,ST02,P002,320
2025-07-20,ST02,P003,183
2025-07-20,ST02,P004,171
2025-07-20,ST02,P005,370
2025-07-20,ST02,P006,90
2025-07-20,ST02,P007,180
2025-07-20,ST02,P008,143
2025-07-20,ST02,P009,287
2025-07-20,ST02,P010,367
2025-07-20,ST02,P011,272
2025-07-20,ST02,P012,395
2025-07-20,ST02,P013,104
2025-07-20,ST02,P014,169
2025-07-20,ST02,P015,230
2025-07-20,ST02,P016,328
2025-07-20,ST02,P017,277
2025-07-20,ST02,P018,130
2025-07-20,ST02,P019,142
2025-07-20,ST02,P020,355
2025-07-20,ST02,P021,190
2025-07-20,ST02,P022,443
2025-07-20,ST02,P023,169
2025-07-20,ST02,P024,177
2025-07-20,ST02,P025,457
2025-07-20,ST02,P026,243
2025-07-20,ST02,P027,296
2025-07-20,ST02,P028,348
2025-07-20,ST02,P029,146
2025-07-20,ST02,P030,237
2025-07-20,ST03,P001,347
2025-07-20,ST03,P002,248
2025-07-20,ST03,P003,187
2025-07-20,ST03,P004,281
2025-07-20,ST03,P005,332
2025-07-20,ST03,P006,85
2025-07-20,ST03,P007,182
2025-07-20,ST03,P008,192
2025-07-20,ST03,P009,274
2025-07-20,ST03,P010,350
2025-07-20,ST03,P011,319
2025-07-20,ST03,P012,206
2025-07-20,ST03,P013,181
2025-07-20,ST03,P014,294
2025-07-20,ST03,P015,325
2025-07-20,ST03,P016,323
2025-07-20,ST03,P017,290
2025-07-20,ST03,P018,294
2025-07-20,ST03,P019,159
2025-07-20,ST03,P020,54
2025-07-20,ST03,P021,347
2025-07-20,ST03,P022,307
2025-07-20,ST03,P023,153
2025-07-20,ST03,P024,378
2025-07-20,ST03,P025,375
2025-07-20,ST03,P026,77
2025-07-20,ST03,P027,316
2025-07-20,ST03,P028,274
2025-07-20,ST03,P029,202
2025-07-20,ST03,P030,113
2025-07-20,ST04,P001,325
2025-07-20,ST04,P002,350
2025-07-20,ST04,P003,237
2025-07-20,ST04,P004,262
2025-07-20,ST04,P005,262
2025-07-20,ST04,P006,74
2025-07-20,ST04,P007,232
2025-07-20,ST04,P008,123
2025-07-20,ST04,P009,355
2025-07-20,ST04,P010,251
2025-07-20,ST04,P011,272
2025-07-20,ST04,P012,164
2025-07-20,ST04,P013,318
2025-07-20,ST04,P014,377
2025-07-20,ST04,P015,269
2025-07-20,ST04,P016,163
2025-07-20,ST04,P017,305
2025-07-20,ST04,P018,266
2025-07-20,ST04,P019,153
2025-07-20,ST04,P020,252
2025-07-20,ST04,P021,152
2025-07-20,ST04,P022,279
2025-07-20,ST04,P023,315
2025-07-20,ST04,P024,57
2025-07-20,ST04,P025,116
2025-07-20,ST04,P026,136
2025-07-20,ST04,P027,107
2025-07-20,ST04,P028,100
2025-07-20,ST04,P029,347
2025-07-20,ST04,P030,344
2025-07-20,ST05,P001,347
2025-07-20,ST05,P002,260
2025-07-20,ST05,P003,410
2025-07-20,ST05,P004,250
2025-07-20,ST05,P005,92
2025-07-20,ST05,P006,276
2025-07-20,ST05,P007,158
2025-07-20,ST05,P008,195
2025-07-20,ST05,P009,182
2025-07-20,ST05,P010,91
2025-07-20,ST05,P011,84
2025-07-20,ST05,P012,187
2025-07-20,ST05,P013,268
2025-07-20,ST05,P014,418
2025-07-20,ST05,P015,281
2025-07-20,ST05,P016,142
2025-07-20,ST05,P017,209
2025-07-20,ST05,P018,243
2025-07-20,ST05,P019,230
2025-07-20,ST05,P020,354
2025-07-20,ST05,P021,223
2025-07-20,ST05,P022,240
2025-07-20,ST05,P023,173
2025-07-20,ST05,P024,398
2025-07-20,ST05,P025,94
2025-07-20,ST05,P026,322
2025-07-20,ST05,P027,292
2025-07-20,ST05,P028,239
2025-07-20,ST05,P029,241
2025-07-20,ST05,P030,378
2025-07-21,ST01,P001,284
2025-07-21,ST01,P002,110
2025-07-21,ST01,P003,248
2025-07-21,ST01,P004,374
2025-07-21,ST01,P005,392
2025-07-21,ST01,P006,381
2025-07-21,ST01,P007,232
2025-07-21,ST01,P008,111
2025-07-21,ST01,P009,385
2025-07-21,ST01,P010,405
2025-07-21,ST01,P011,304
2025-07-21,ST01,P012,78
2025-07-21,ST01,P013,282
2025-07-21,ST01,P014,148
2025-07-21,ST01,P015,166
2025-07-21,ST01,P016,377
2025-07-21,ST01,P017,111
2025-07-21,ST01,P018,173
2025-07-21,ST01,P019,300
2025-07-21,ST01,P020,249
2025-07-21,ST01,P021,166
2025-07-21,ST01,P022,393
2025-07-21,ST01,P023,301
2025-07-21,ST01,P024,200
2025-07-21,ST01,P025,103
2025-07-21,ST01,P026,203
2025-07-21,ST01,P027,314
2025-07-21,ST01,P028,261
2025-07-21,ST01,P029,300
2025-07-21,ST01,P030,160
2025-07-21,ST02,P001,139
2025-07-21,ST02,P002,318
2025-07-21,ST02,P003,176
2025-07-21,ST02,P004,163
2025-07-21,ST02,P005,366
2025-07-21,ST02,P006,79
2025-07-21,ST02,P007,176
2025-07-21,ST02,P008,134
2025-07-21,ST02,P009,280
2025-07-21,ST02,P010,365
2025-07-21,ST02,P011,269
2025-07-21,ST02,P012,393
2025-07-21,ST02,P013,93
2025-07-21,ST02,P014,162
2025-07-21,ST02,P015,225
2025-07-21,ST02,P016,325
2025-07-21,ST02,P017,275
2025-07-21,ST02,P018,125
2025-07-21,ST02,P019,132
2025-07-21,ST02,P020,352
2025-07-21,ST02,P021,186
2025-07-21,ST02,P022,441
2025-07-21,ST02,P023,161
2025-07-21,ST02,P024,168
2025-07-21,ST02,P025,455
2025-07-21,ST02,P026,237
2025-07-21,ST02,P027,290
2025-07-21,ST02,P028,345
2025-07-21,ST02,P029,134
2025-07-21,ST02,P030,231
2025-07-21,ST03,P001,344
2025-07-21,ST03,P002,241
2025-07-21,ST03,P003,180
2025-07-21,ST03,P004,278
2025-07-21,ST03,P005,329
2025-07-21,ST03,P006,76
2025-07-21,ST03,P007,178
2025-07-21,ST03,P008,187
2025-07-21,ST03,P009,270
2025-07-21,ST03,P010,347
2025-07-21,ST03,P011,316
2025-07-21,ST03,P012,202
2025-07-21,ST03,P013,176
2025-07-21,ST03,P014,291
2025-07-21,ST03,P015,320
2025-07-21,ST03,P016,320
2025-07-21,ST03,P017,284
2025-07-21,ST03,P018,290
2025-07-21,ST03,P019,152
2025-07-21,ST03,P020,46
2025-07-21,ST03,P021,345
2025-07-21,ST03,P022,303
2025-07-21,ST03,P023,145
2025-07-21,ST03,P024,374
2025-07-21,ST03,P025,373
2025-07-21,ST03,P026,69
2025-07-21,ST03,P027,311
2025-07-21,ST03,P028,270
2025-07-21,ST03,P029,195
2025-07-21,ST03,P030,109
2025-07-21,ST04,P001,322
2025-07-21,ST04,P002,348
2025-07-21,ST04,P003,233
2025-07-21,ST04,P004,258
2025-07-21,ST04,P005,256
2025-07-21,ST04,P006,70
2025-07-21,ST04,P007,227
2025-07-21,ST04,P008,115
2025-07-21,ST04,P009,353
2025-07-21,ST04,P010,248
2025-07-21,ST04,P011,270
2025-07-21,ST04,P012,149
2025-07-21,ST04,P013,313
2025-07-21,ST04,P014,375
2025-07-21,ST04,P015,264
2025-07-21,ST04,P016,159
2025-07-21,ST04,P017,303
2025-07-21,ST04,P018,265
2025-07-21,ST04,P019,140
2025-07-21,ST04,P020,248
2025-07-21,ST04,P021,144
2025-07-21,ST04,P022,271
2025-07-21,ST04,P023,313
2025-07-21,ST04,P024,46
2025-07-21,ST04,P025,111
2025-07-21,ST04,P026,129
2025-07-21,ST04,P027,103
2025-07-21,ST04,P028,91
2025-07-21,ST04,P029,344
2025-07-21,ST04,P030,338
2025-07-21,ST05,P001,343
2025-07-21,ST05,P002,257
2025-07-21,ST05,P003,407
2025-07-21,ST05,P004,246
2025-07-21,ST05,P005,88
2025-07-21,ST05,P006,272
2025-07-21,ST05,P007,149
2025-07-21,ST05,P008,190
2025-07-21,ST05,P009,176
2025-07-21,ST05,P010,84
2025-07-21,ST05,P011,75
2025-07-21,ST05,P012,183
2025-07-21,ST05,P013,262
2025-07-21,ST05,P014,416
2025-07-21,ST05,P015,277
2025-07-21,ST05,P016,130
2025-07-21,ST05,P017,203
2025-07-21,ST05,P018,240
2025-07-21,ST05,P019,224
2025-07-21,ST05,P020,353
2025-07-21,ST05,P021,219
2025-07-21,ST05,P022,236
2025-07-21,ST05,P023,164
2025-07-21,ST05,P024,395
2025-07-21,ST05,P025,77
2025-07-21,ST05,P026,320
2025-07-21,ST05,P027,291
2025-07-21,ST05,P028,234
2025-07-21,ST05,P029,232
2025-07-21,ST05,P030,375
2025-07-22,ST01,P001,282
2025-07-22,ST01,P002,99
2025-07-22,ST01,P003,242
2025-07-22,ST01,P004,372
2025-07-22,ST01,P005,391
2025-07-22,ST01,P006,378
2025-07-22,ST01,P007,228
2025-07-22,ST01,P008,99
2025-07-22,ST01,P009,381
2025-07-22,ST01,P010,403
2025-07-22,ST01,P011,299
2025-07-22,ST01,P012,65
2025-07-22,ST01,P013,275
2025-07-22,ST01,P014,135
2025-07-22,ST01,P015,158
2025-07-22,ST01,P016,375
2025-07-22,ST01,P017,103
2025-07-22,ST01,P018,162
2025-07-22,ST01,P019,295
2025-07-22,ST01,P020,245
2025-07-22,ST01,P021,160
2025-07-22,ST01,P022,390
2025-07-22,ST01,P023,298
2025-07-22,ST01,P024,195
2025-07-22,ST01,P025,92
2025-07-22,ST01,P026,195
2025-07-22,ST01,P027,310
2025-07-22,ST01,P028,257
2025-07-22,ST01,P029,297
2025-07-22,ST01,P030,152
2025-07-22,ST02,P001,134
2025-07-22,ST02,P002,313
2025-07-22,ST02,P003,173
2025-07-22,ST02,P004,154
2025-07-22,ST02,P005,363
2025-07-22,ST02,P006,54
2025-07-22,ST02,P007,172
2025-07-22,ST02,P008,123
2025-07-22,ST02,P009,275
2025-07-22,ST02,P010,364
2025-07-22,ST02,P011,266
2025-07-22,ST02,P012,392
2025-07-22,ST02,P013,83
2025-07-22,ST02,P014,150
2025-07-22,ST02,P015,219
2025-07-22,ST02,P016,321
2025-07-22,ST02,P017,272
2025-07-22,ST02,P018,117
2025-07-22,ST02,P019,122
2025-07-22,ST02,P020,351
2025-07-22,ST02,P021,181
2025-07-22,ST02,P022,438
2025-07-22,ST02,P023,156
2025-07-22,ST02,P024,162
2025-07-22,ST02,P025,453
2025-07-22,ST02,P026,232
2025-07-22,ST02,P027,282
2025-07-22,ST02,P028,341
2025-07-22,ST02,P029,124
2025-07-22,ST02,P030,227
2025-07-22,ST03,P001,340
2025-07-22,ST03,P002,238
2025-07-22,ST03,P003,176
2025-07-22,ST03,P004,274
2025-07-22,ST03,P005,324
2025-07-22,ST03,P006,69
2025-07-22,ST03,P007,170
2025-07-22,ST03,P008,180
2025-07-22,ST03,P009,266
2025-07-22,ST03,P010,344
2025-07-22,ST03,P011,314
2025-07-22,ST03,P012,200
2025-07-22,ST03,P013,168
2025-07-22,ST03,P014,287
2025-07-22,ST03,P015,315
2025-07-22,ST03,P016,318
2025-07-22,ST03,P017,276
2025-07-22,ST03,P018,285
2025-07-22,ST03,P019,147
2025-07-22,ST03,P020,39
2025-07-22,ST03,P021,342
2025-07-22,ST03,P022,299
2025-07-22,ST03,P023,135
2025-07-22,ST03,P024,372
2025-07-22,ST03,P025,372
2025-07-22,ST03,P026,58
2025-07-22,ST03,P027,304
2025-07-22,ST03,P028,264
2025-07-22,ST03,P029,188
2025-07-22,ST03,P030,104
2025-07-22,ST04,P001,319
2025-07-22,ST04,P002,346
2025-07-22,ST04,P003,228
2025-07-22,ST04,P004,253
2025-07-22,ST04,P005,251
2025-07-22,ST04,P006,63
2025-07-22,ST04,P007,222
2025-07-22,ST04,P008,109
2025-07-22,ST04,P009,351
2025-07-22,ST04,P010,243
2025-07-22,ST04,P011,267
2025-07-22,ST04,P012,140
2025-07-22,ST04,P013,309
2025-07-22,ST04,P014,372
2025-07-22,ST04,P015,259
2025-07-22,ST04,P016,155
2025-07-22,ST04,P017,300
2025-07-22,ST04,P018,263
2025-07-22,ST04,P019,133
2025-07-22,ST04,P020,243
2025-07-22,ST04,P021,138
2025-07-22,ST04,P022,268
2025-07-22,ST04,P023,312
2025-07-22,ST04,P024,36
2025-07-22,ST04,P025,103
2025-07-22,ST04,P026,119
2025-07-22,ST04,P027,93
2025-07-22,ST04,P028,86
2025-07-22,ST04,P029,341
2025-07-22,ST04,P030,332
2025-07-22,ST05,P001,340
2025-07-22,ST05,P002,253
2025-07-22,ST05,P003,405
2025-07-22,ST05,P004,242
2025-07-22,ST05,P005,80
2025-07-22,ST05,P006,267
2025-07-22,ST05,P007,140
2025-07-22,ST05,P008,183
2025-07-22,ST05,P009,170
2025-07-22,ST05,P010,77
2025-07-22,ST05,P011,67
2025-07-22,ST05,P012,177
2025-07-22,ST05,P013,257
2025-07-22,ST05,P014,414
2025-07-22,ST05,P015,274
2025-07-22,ST05,P016,125
2025-07-22,ST05,P017,195
2025-07-22,ST05,P018,233
2025-07-22,ST05,P019,220
2025-07-22,ST05,P020,351
2025-07-22,ST05,P021,211
2025-07-22,ST05,P022,230
2025-07-22,ST05,P023,156
2025-07-22,ST05,P024,392
2025-07-22,ST05,P025,67
2025-07-22,ST05,P026,318
2025-07-22,ST05,P027,288
2025-07-22,ST05,P028,228
2025-07-22,ST05,P029,222
2025-07-22,ST05,P030,372
2025-07-23,ST01,P001,279
2025-07-23,ST01,P002,91
2025-07-23,ST01,P003,236
2025-07-23,ST01,P004,370
2025-07-23,ST01,P005,389
2025-07-23,ST01,P006,377
2025-07-23,ST01,P007,222
2025-07-23,ST01,P008,92
2025-07-23,ST01,P009,379
2025-07-23,ST01,P010,401
2025-07-23,ST01,P011,295
2025-07-23,ST01,P012,53
2025-07-23,ST01,P013,272
2025-07-23,ST01,P014,131
2025-07-23,ST01,P015,152
2025-07-23,ST01,P016,373
2025-07-23,ST01,P017,96
2025-07-23,ST01,P018,154
2025-07-23,ST01,P019,290
2025-07-23,ST01,P020,241
2025-07-23,ST01,P021,154
2025-07-23,ST01,P022,388
2025-07-23,ST01,P023,293
2025-07-23,ST01,P024,189
2025-07-23,ST01,P025,84
2025-07-23,ST01,P026,189
2025-07-23,ST01,P027,307
2025-07-23,ST01,P028,252
2025-07-23,ST01,P029,294
2025-07-23,ST01,P030,145
2025-07-23,ST02,P001,126
2025-07-23,ST02,P002,311
2025-07-23,ST02,P003,164
2025-07-23,ST02,P004,148
2025-07-23,ST02,P005,360
2025-07-23,ST02,P006,48
2025-07-23,ST02,P007,168
2025-07-23,ST02,P008,116
2025-07-23,ST02,P009,268
2025-07-23,ST02,P010,362
2025-07-23,ST02,P011,263
2025-07-23,ST02,P012,391
2025-07-23,ST02,P013,71
2025-07-23,ST02,P014,144
2025-07-23,ST02,P015,210
2025-07-23,ST02,P016,317
2025-07-23,ST02,P017,270
2025-07-23,ST02,P018,113
2025-07-23,ST02,P019,110
2025-07-23,ST02,P020,349
2025-07-23,ST02,P021,176
2025-07-23,ST02,P022,436
2025-07-23,ST02,P023,147
2025-07-23,ST02,P024,156
2025-07-23,ST02,P025,452
2025-07-23,ST02,P026,227
2025-07-23,ST02,P027,279
2025-07-23,ST02,P028,338
2025-07-23,ST02,P029,115
2025-07-23,ST02,P030,222
2025-07-23,ST03,P001,337
2025-07-23,ST03,P002,233
2025-07-23,ST03,P003,169
2025-07-23,ST03,P004,270
2025-07-23,ST03,P005,320
2025-07-23,ST03,P006,59
2025-07-23,ST03,P007,162
2025-07-23,ST03,P008,174
2025-07-23,ST03,P009,260
2025-07-23,ST03,P010,341
2025-07-23,ST03,P011,311
2025-07-23,ST03,P012,197
2025-07-23,ST03,P013,163
2025-07-23,ST03,P014,287
2025-07-23,ST03,P015,314
2025-07-23,ST03,P016,316
2025-07-23,ST03,P017,269
2025-07-23,ST03,P018,281
2025-07-23,ST03,P019,139
2025-07-23,ST03,P020,32
2025-07-23,ST03,P021,340
2025-07-23,ST03,P022,297
2025-07-23,ST03,P023,127
2025-07-23,ST03,P024,370
2025-07-23,ST03,P025,369
2025-07-23,ST03,P026,45
2025-07-23,ST03,P027,299
2025-07-23,ST03,P028,258
2025-07-23,ST03,P029,176
2025-07-23,ST03,P030,95
2025-07-23,ST04,P001,314
2025-07-23,ST04,P002,344
2025-07-23,ST04,P003,224
2025-07-23,ST04,P004,249
2025-07-23,ST04,P005,245
2025-07-23,ST04,P006,58
2025-07-23,ST04,P007,214
2025-07-23,ST04,P008,97
2025-07-23,ST04,P009,348
2025-07-23,ST04,P010,238
2025-07-23,ST04,P011,263
2025-07-23,ST04,P012,132
2025-07-23,ST04,P013,303
2025-07-23,ST04,P014,369
2025-07-23,ST04,P015,254
2025-07-23,ST04,P016,150
2025-07-23,ST04,P017,298
2025-07-23,ST04,P018,260
2025-07-23,ST04,P019,124
2025-07-23,ST04,P020,237
2025-07-23,ST04,P021,132
2025-07-23,ST04,P022,262
2025-07-23,ST04,P023,310
2025-07-23,ST04,P024,25
2025-07-23,ST04,P025,98
2025-07-23,ST04,P026,109
2025-07-23,ST04,P027,86
2025-07-23,ST04,P028,75
2025-07-23,ST04,P029,338
2025-07-23,ST04,P030,327
2025-07-23,ST05,P001,336
2025-07-23,ST05,P002,250
2025-07-23,ST05,P003,403
2025-07-23,ST05,P004,238
2025-07-23,ST05,P005,73
2025-07-23,ST05,P006,263
2025-07-23,ST05,P007,135
2025-07-23,ST05,P008,177
2025-07-23,ST05,P009,166
2025-07-23,ST05,P010,68
2025-07-23,ST05,P011,55
2025-07-23,ST05,P012,172
2025-07-23,ST05,P013,250
2025-07-23,ST05,P014,412
2025-07-23,ST05,P015,268
2025-07-23,ST05,P016,113
2025-07-23,ST05,P017,190
2025-07-23,ST05,P018,225
2025-07-23,ST05,P019,214
2025-07-23,ST05,P020,349
2025-07-23,ST05,P021,206
2025-07-23,ST05,P022,224
2025-07-23,ST05,P023,149
2025-07-23,ST05,P024,388
2025-07-23,ST05,P025,61
2025-07-23,ST05,P026,316
2025-07-23,ST05,P027,285
2025-07-23,ST05,P028,223
2025-07-23,ST05,P029,215
2025-07-23,ST05,P030,369
2025-07-24,ST01,P001,275
2025-07-24,ST01,P002,85
2025-07-24,ST01,P003,232
2025-07-24,ST01,P004,367
2025-07-24,ST01,P005,388
2025-07-24,ST01,P006,374
2025-07-24,ST01,P007,216
2025-07-24,ST01,P008,87
2025-07-24,ST01,P009,376
2025-07-24,ST01,P010,397
2025-07-24,ST01,P011,288
2025-07-24,ST01,P012,42
2025-07-24,ST01,P013,266
2025-07-24,ST01,P014,122
2025-07-24,ST01,P015,143
2025-07-24,ST01,P016,372
2025-07-24,ST01,P017,89
2025-07-24,ST01,P018,152
2025-07-24,ST01,P019,284
2025-07-24,ST01,P020,239
2025-07-24,ST01,P021,149
2025-07-24,ST01,P022,385
2025-07-24,ST01,P023,289
2025-07-24,ST01,P024,185
2025-07-24,ST01,P025,73
2025-07-24,ST01,P026,180
2025-07-24,ST01,P027,304
2025-07-24,ST01,P028,246
2025-07-24,ST01,P029,293
2025-07-24,ST01,P030,136
2025-07-24,ST02,P001,120
2025-07-24,ST02,P002,306
2025-07-24,ST02,P003,155
2025-07-24,ST02,P004,141
2025-07-24,ST02,P005,357
2025-07-24,ST02,P006,26
2025-07-24,ST02,P007,162
2025-07-24,ST02,P008,109
2025-07-24,ST02,P009,262
2025-07-24,ST02,P010,360
2025-07-24,ST02,P011,259
2025-07-24,ST02,P012,390
2025-07-24,ST02,P013,62
2025-07-24,ST02,P014,135
2025-07-24,ST02,P015,203
2025-07-24,ST02,P016,314
2025-07-24,ST02,P017,268
2025-07-24,ST02,P018,111
2025-07-24,ST02,P019,96
2025-07-24,ST02,P020,346
2025-07-24,ST02,P021,170
2025-07-24,ST02,P022,434
2025-07-24,ST02,P023,143
2025-07-24,ST02,P024,147
2025-07-24,ST02,P025,450
2025-07-24,ST02,P026,222
2025-07-24,ST02,P027,272
2025-07-24,ST02,P028,335
2025-07-24,ST02,P029,107
2025-07-24,ST02,P030,220
2025-07-24,ST03,P001,332
2025-07-24,ST03,P002,229
2025-07-24,ST03,P003,160
2025-07-24,ST03,P004,266
2025-07-24,ST03,P005,316
2025-07-24,ST03,P006,55
2025-07-24,ST03,P007,156
2025-07-24,ST03,P008,168
2025-07-24,ST03,P009,255
2025-07-24,ST03,P010,340
2025-07-24,ST03,P011,307
2025-07-24,ST03,P012,193
2025-07-24,ST03,P013,158
2025-07-24,ST03,P014,284
2025-07-24,ST03,P015,311
2025-07-24,ST03,P016,315
2025-07-24,ST03,P017,264
2025-07-24,ST03,P018,277
2025-07-24,ST03,P019,132
2025-07-24,ST03,P020,64
2025-07-24,ST03,P021,338
2025-07-24,ST03,P022,294
2025-07-24,ST03,P023,119
2025-07-24,ST03,P024,365
2025-07-24,ST03,P025,368
2025-07-24,ST03,P026,35
2025-07-24,ST03,P027,293
2025-07-24,ST03,P028,252
2025-07-24,ST03,P029,167
2025-07-24,ST03,P030,84
2025-07-24,ST04,P001,311
2025-07-24,ST04,P002,340
2025-07-24,ST04,P003,221
2025-07-24,ST04,P004,243
2025-07-24,ST04,P005,242
2025-07-24,ST04,P006,54
2025-07-24,ST04,P007,207
2025-07-24,ST04,P008,86
2025-07-24,ST04,P009,346
2025-07-24,ST04,P010,233
2025-07-24,ST04,P011,260
2025-07-24,ST04,P012,121
2025-07-24,ST04,P013,301
2025-07-24,ST04,P014,366
2025-07-24,ST04,P015,249
2025-07-24,ST04,P016,145
2025-07-24,ST04,P017,294
2025-07-24,ST04,P018,257
2025-07-24,ST04,P019,122
2025-07-24,ST04,P020,234
2025-07-24,ST04,P021,122
2025-07-24,ST04,P022,255
2025-07-24,ST04,P023,307
2025-07-24,ST04,P024,16
2025-07-24,ST04,P025,86
2025-07-24,ST04,P026,101
2025-07-24,ST04,P027,75
2025-07-24,ST04,P028,68
2025-07-24,ST04,P029,336
2025-07-24,ST04,P030,320
2025-07-24,ST05,P001,334
2025-07-24,ST05,P002,243
2025-07-24,ST05,P003,400
2025-07-24,ST05,P004,234
2025-07-24,ST05,P005,60
2025-07-24,ST05,P006,260
2025-07-24,ST05,P007,128
2025-07-24,ST05,P008,172
2025-07-24,ST05,P009,162
2025-07-24,ST05,P010,57
2025-07-24,ST05,P011,44
2025-07-24,ST05,P012,165
2025-07-24,ST05,P013,244
2025-07-24,ST05,P014,411
2025-07-24,ST05,P015,264
2025-07-24,ST05,P016,105
2025-07-24,ST05,P017,187
2025-07-24,ST05,P018,221
2025-07-24,ST05,P019,207
2025-07-24,ST05,P020,346
2025-07-24,ST05,P021,199
2025-07-24,ST05,P022,220
2025-07-24,ST05,P023,144
2025-07-24,ST05,P024,386
2025-07-24,ST05,P025,55
2025-07-24,ST05,P026,314
2025-07-24,ST05,P027,281
2025-07-24,ST05,P028,212
2025-07-24,ST05,P029,205
2025-07-24,ST05,P030,366
2025-07-25,ST01,P001,271
2025-07-25,ST01,P002,76
2025-07-25,ST01,P003,224
2025-07-25,ST01,P004,364
2025-07-25,ST01,P005,386
2025-07-25,ST01,P006,371
2025-07-25,ST01,P007,211
2025-07-25,ST01,P008,81
2025-07-25,ST01,P009,372
2025-07-25,ST01,P010,395
2025-07-25,ST01,P011,286
2025-07-25,ST01,P012,30
2025-07-25,ST01,P013,256
2025-07-25,ST01,P014,116
2025-07-25,ST01,P015,132
2025-07-25,ST01,P016,371
2025-07-25,ST01,P017,82
2025-07-25,ST01,P018,147
2025-07-25,ST01,P019,278
2025-07-25,ST01,P020,235
2025-07-25,ST01,P021,145
2025-07-25,ST01,P022,383
2025-07-25,ST01,P023,283
2025-07-25,ST01,P024,181
2025-07-25,ST01,P025,61
2025-07-25,ST01,P026,169
2025-07-25,ST01,P027,301
2025-07-25,ST01,P028,239
2025-07-25,ST01,P029,292
2025-07-25,ST01,P030,129
2025-07-25,ST02,P001,111
2025-07-25,ST02,P002,301
2025-07-25,ST02,P003,147
2025-07-25,ST02,P004,133
2025-07-25,ST02,P005,354
2025-07-25,ST02,P006,84
2025-07-25,ST02,P007,154
2025-07-25,ST02,P008,103
2025-07-25,ST02,P009,252
2025-07-25,ST02,P010,358
2025-07-25,ST02,P011,252
2025-07-25,ST02,P012,388
2025-07-25,ST02,P013,55
2025-07-25,ST02,P014,125
2025-07-25,ST02,P015,196
2025-07-25,ST02,P016,308
2025-07-25,ST02,P017,267
2025-07-25,ST02,P018,108
2025-07-25,ST02,P019,89
2025-07-25,ST02,P020,345
2025-07-25,ST02,P021,163
2025-07-25,ST02,P022,432
2025-07-25,ST02,P023,140
2025-07-25,ST02,P024,140
2025-07-25,ST02,P025,448
2025-07-25,ST02,P026,216
2025-07-25,ST02,P027,270
2025-07-25,ST02,P028,333
2025-07-25,ST02,P029,97
2025-07-25,ST02,P030,215
2025-07-25,ST03,P001,328
2025-07-25,ST03,P002,225
2025-07-25,ST03,P003,154
2025-07-25,ST03,P004,264
2025-07-25,ST03,P005,312
2025-07-25,ST03,P006,53
2025-07-25,ST03,P007,151
2025-07-25,ST03,P008,163
2025-07-25,ST03,P009,250
2025-07-25,ST03,P010,337
2025-07-25,ST03,P011,303
2025-07-25,ST03,P012,188
2025-07-25,ST03,P013,153
2025-07-25,ST03,P014,281
2025-07-25,ST03,P015,307
2025-07-25,ST03,P016,313
2025-07-25,ST03,P017,257
2025-07-25,ST03,P018,273
2025-07-25,ST03,P019,127
2025-07-25,ST03,P020,53
2025-07-25,ST03,P021,336
2025-07-25,ST03,P022,289
2025-07-25,ST03,P023,112
2025-07-25,ST03,P024,361
2025-07-25,ST03,P025,367
2025-07-25,ST03,P026,97
2025-07-25,ST03,P027,286
2025-07-25,ST03,P028,247
2025-07-25,ST03,P029,161
2025-07-25,ST03,P030,79
2025-07-25,ST04,P001,308
2025-07-25,ST04,P002,338
2025-07-25,ST04,P003,216
2025-07-25,ST04,P004,239
2025-07-25,ST04,P005,236
2025-07-25,ST04,P006,49
2025-07-25,ST04,P007,200
2025-07-25,ST04,P008,73
2025-07-25,ST04,P009,343
2025-07-25,ST04,P010,228
2025-07-25,ST04,P011,256
2025-07-25,ST04,P012,118
2025-07-25,ST04,P013,298
2025-07-25,ST04,P014,363
2025-07-25,ST04,P015,245
2025-07-25,ST04,P016,139
2025-07-25,ST04,P017,291
2025-07-25,ST04,P018,254
2025-07-25,ST04,P019,112
2025-07-25,ST04,P020,231
2025-07-25,ST04,P021,115
2025-07-25,ST04,P022,250
2025-07-25,ST04,P023,305
2025-07-25,ST04,P024,33
2025-07-25,ST04,P025,76
2025-07-25,ST04,P026,93
2025-07-25,ST04,P027,66
2025-07-25,ST04,P028,62
2025-07-25,ST04,P029,333
2025-07-25,ST04,P030,318
2025-07-25,ST05,P001,331
2025-07-25,ST05,P002,239
2025-07-25,ST05,P003,398
2025-07-25,ST05,P004,230
2025-07-25,ST05,P005,54
2025-07-25,ST05,P006,256
2025-07-25,ST05,P007,117
2025-07-25,ST05,P008,167
2025-07-25,ST05,P009,155
2025-07-25,ST05,P010,55
2025-07-25,ST05,P011,37
2025-07-25,ST05,P012,160
2025-07-25,ST05,P013,240
2025-07-25,ST05,P014,411
2025-07-25,ST05,P015,260
2025-07-25,ST05,P016,99
2025-07-25,ST05,P017,183
2025-07-25,ST05,P018,216
2025-07-25,ST05,P019,200
2025-07-25,ST05,P020,344
2025-07-25,ST05,P021,192
2025-07-25,ST05,P022,216
2025-07-25,ST05,P023,133
2025-07-25,ST05,P024,382
2025-07-25,ST05,P025,50
2025-07-25,ST05,P026,312
2025-07-25,ST05,P027,277
2025-07-25,ST05,P028,208
2025-07-25,ST05,P029,200
2025-07-25,ST05,P030,363
2025-07-26,ST01,P001,267
2025-07-26,ST01,P002,64
2025-07-26,ST01,P003,219
2025-07-26,ST01,P004,361
2025-07-26,ST01,P005,384
2025-07-26,ST01,P006,368
2025-07-26,ST01,P007,205
2025-07-26,ST01,P008,74
2025-07-26,ST01,P009,368
2025-07-26,ST01,P010,394
2025-07-26,ST01,P011,283
2025-07-26,ST01,P012,28
2025-07-26,ST01,P013,248
2025-07-26,ST01,P014,102
2025-07-26,ST01,P015,128
2025-07-26,ST01,P016,369
2025-07-26,ST01,P017,74
2025-07-26,ST01,P018,141
2025-07-26,ST01,P019,271
2025-07-26,ST01,P020,232
2025-07-26,ST01,P021,134
2025-07-26,ST01,P022,380
2025-07-26,ST01,P023,279
2025-07-26,ST01,P024,178
2025-07-26,ST01,P025,49
2025-07-26,ST01,P026,162
2025-07-26,ST01,P027,298
2025-07-26,ST01,P028,234
2025-07-26,ST01,P029,289
2025-07-26,ST01,P030,118
2025-07-26,ST02,P001,105
2025-07-26,ST02,P002,300
2025-07-26,ST02,P003,142
2025-07-26,ST02,P004,128
2025-07-26,ST02,P005,352
2025-07-26,ST02,P006,76
2025-07-26,ST02,P007,150
2025-07-26,ST02,P008,99
2025-07-26,ST02,P009,245
2025-07-26,ST02,P010,357
2025-07-26,ST02,P011,248
2025-07-26,ST02,P012,386
2025-07-26,ST02,P013,47
2025-07-26,ST02,P014,116
2025-07-26,ST02,P015,186
2025-07-26,ST02,P016,304
2025-07-26,ST02,P017,265
2025-07-26,ST02,P018,102
2025-07-26,ST02,P019,77
2025-07-26,ST02,P020,343
2025-07-26,ST02,P021,159
2025-07-26,ST02,P022,430
2025-07-26,ST02,P023,133
2025-07-26,ST02,P024,137
2025-07-26,ST02,P025,445
2025-07-26,ST02,P026,209
2025-07-26,ST02,P027,265
2025-07-26,ST02,P028,330
2025-07-26,ST02,P029,90
2025-07-26,ST02,P030,211
2025-07-26,ST03,P001,323
2025-07-26,ST03,P002,218
2025-07-26,ST03,P003,147
2025-07-26,ST03,P004,262
2025-07-26,ST03,P005,308
2025-07-26,ST03,P006,45
2025-07-26,ST03,P007,147
2025-07-26,ST03,P008,159
2025-07-26,ST03,P009,244
2025-07-26,ST03,P010,335
2025-07-26,ST03,P011,301
2025-07-26,ST03,P012,184
2025-07-26,ST03,P013,148
2025-07-26,ST03,P014,279
2025-07-26,ST03,P015,303
2025-07-26,ST03,P016,310
2025-07-26,ST03,P017,247
2025-07-26,ST03,P018,270
2025-07-26,ST03,P019,117
2025-07-26,ST03,P020,42
2025-07-26,ST03,P021,334
2025-07-26,ST03,P022,285
2025-07-26,ST03,P023,105
2025-07-26,ST03,P024,358
2025-07-26,ST03,P025,364
2025-07-26,ST03,P026,87
2025-07-26,ST03,P027,279
2025-07-26,ST03,P028,240
2025-07-26,ST03,P029,153
2025-07-26,ST03,P030,72
2025-07-26,ST04,P001,304
2025-07-26,ST04,P002,336
2025-07-26,ST04,P003,212
2025-07-26,ST04,P004,233
2025-07-26,ST04,P005,234
2025-07-26,ST04,P006,40
2025-07-26,ST04,P007,192
2025-07-26,ST04,P008,64
2025-07-26,ST04,P009,340
2025-07-26,ST04,P010,224
2025-07-26,ST04,P011,252
2025-07-26,ST04,P012,113
2025-07-26,ST04,P013,296
2025-07-26,ST04,P014,360
2025-07-26,ST04,P015,241
2025-07-26,ST04,P016,136
2025-07-26,ST04,P017,286
2025-07-26,ST04,P018,251
2025-07-26,ST04,P019,105
2025-07-26,ST04,P020,226
2025-07-26,ST04,P021,103
2025-07-26,ST04,P022,243
2025-07-26,ST04,P023,303
2025-07-26,ST04,P024,22
2025-07-26,ST04,P025,70
2025-07-26,ST04,P026,79
2025-07-26,ST04,P027,54
2025-07-26,ST04,P028,55
2025-07-26,ST04,P029,330
2025-07-26,ST04,P030,311
2025-07-26,ST05,P001,327
2025-07-26,ST05,P002,233
2025-07-26,ST05,P003,396
2025-07-26,ST05,P004,225
2025-07-26,ST05,P005,49
2025-07-26,ST05,P006,251
2025-07-26,ST05,P007,110
2025-07-26,ST05,P008,162
2025-07-26,ST05,P009,150
2025-07-26,ST05,P010,44
2025-07-26,ST05,P011,29
2025-07-26,ST05,P012,156
2025-07-26,ST05,P013,230
2025-07-26,ST05,P014,408
2025-07-26,ST05,P015,255
2025-07-26,ST05,P016,90
2025-07-26,ST05,P017,177
2025-07-26,ST05,P018,209
2025-07-26,ST05,P019,195
2025-07-26,ST05,P020,343
2025-07-26,ST05,P021,188
2025-07-26,ST05,P022,212
2025-07-26,ST05,P023,121
2025-07-26,ST05,P024,377
2025-07-26,ST05,P025,42
2025-07-26,ST05,P026,310
2025-07-26,ST05,P027,274
2025-07-26,ST05,P028,202
2025-07-26,ST05,P029,193
2025-07-26,ST05,P030,359
2025-07-27,ST01,P001,334
2025-07-27,ST01,P002,90
2025-07-27,ST01,P003,262
2025-07-27,ST01,P004,397
2025-07-27,ST01,P005,412
2025-07-27,ST01,P006,402
2025-07-27,ST01,P007,256
2025-07-27,ST01,P008,98
2025-07-27,ST01,P009,426
2025-07-27,ST01,P010,468
2025-07-27,ST01,P011,338
2025-07-27,ST01,P012,58
2025-07-27,ST01,P013,293
2025-07-27,ST01,P014,159
2025-07-27,ST01,P015,153
2025-07-27,ST01,P016,407
2025-07-27,ST01,P017,110
2025-07-27,ST01,P018,183
2025-07-27,ST01,P019,345
2025-07-27,ST01,P020,294
2025-07-27,ST01,P021,186
2025-07-27,ST01,P022,438
2025-07-27,ST01,P023,348
2025-07-27,ST01,P024,236
2025-07-27,ST01,P025,80
2025-07-27,ST01,P026,211
2025-07-27,ST01,P027,371
2025-07-27,ST01,P028,299
2025-07-27,ST01,P029,330
2025-07-27,ST01,P030,183
2025-07-27,ST02,P001,141
2025-07-27,ST02,P002,355
2025-07-27,ST02,P003,194
2025-07-27,ST02,P004,170
2025-07-27,ST02,P005,424
2025-07-27,ST02,P006,98
2025-07-27,ST02,P007,195
2025-07-27,ST02,P008,144
2025-07-27,ST02,P009,309
2025-07-27,ST02,P010,391
2025-07-27,ST02,P011,278
2025-07-27,ST02,P012,424
2025-07-27,ST02,P013,87
2025-07-27,ST02,P014,173
2025-07-27,ST02,P015,204
2025-07-27,ST02,P016,358
2025-07-27,ST02,P017,302
2025-07-27,ST02,P018,159
2025-07-27,ST02,P019,145
2025-07-27,ST02,P020,405
2025-07-27,ST02,P021,223
2025-07-27,ST02,P022,471
2025-07-27,ST02,P023,198
2025-07-27,ST02,P024,189
2025-07-27,ST02,P025,488
2025-07-27,ST02,P026,283
2025-07-27,ST02,P027,324
2025-07-27,ST02,P028,402
2025-07-27,ST02,P029,125
2025-07-27,ST02,P030,281
2025-07-27,ST03,P001,362
2025-07-27,ST03,P002,255
2025-07-27,ST03,P003,198
2025-07-27,ST03,P004,310
2025-07-27,ST03,P005,357
2025-07-27,ST03,P006,77
2025-07-27,ST03,P007,214
2025-07-27,ST03,P008,199
2025-07-27,ST03,P009,274
2025-07-27,ST03,P010,382
2025-07-27,ST03,P011,341
2025-07-27,ST03,P012,209
2025-07-27,ST03,P013,185
2025-07-27,ST03,P014,326
2025-07-27,ST03,P015,360
2025-07-27,ST03,P016,341
2025-07-27,ST03,P017,298
2025-07-27,ST03,P018,301
2025-07-27,ST03,P019,162
2025-07-27,ST03,P020,80
2025-07-27,ST03,P021,408
2025-07-27,ST03,P022,323
2025-07-27,ST03,P023,156
2025-07-27,ST03,P024,416
2025-07-27,ST03,P025,400
2025-07-27,ST03,P026,132
2025-07-27,ST03,P027,311
2025-07-27,ST03,P028,313
2025-07-27,ST03,P029,201
2025-07-27,ST03,P030,119
2025-07-27,ST04,P001,342
2025-07-27,ST04,P002,397
2025-07-27,ST04,P003,265
2025-07-27,ST04,P004,301
2025-07-27,ST04,P005,281
2025-07-27,ST04,P006,111
2025-07-27,ST04,P007,262
2025-07-27,ST04,P008,96
2025-07-27,ST04,P009,375
2025-07-27,ST04,P010,274
2025-07-27,ST04,P011,281
2025-07-27,ST04,P012,144
2025-07-27,ST04,P013,366
2025-07-27,ST04,P014,406
2025-07-27,ST04,P015,296
2025-07-27,ST04,P016,203
2025-07-27,ST04,P017,361
2025-07-27,ST04,P018,328
2025-07-27,ST04,P019,171
2025-07-27,ST04,P020,276
2025-07-27,ST04,P021,171
2025-07-27,ST04,P022,265
2025-07-27,ST04,P023,331
2025-07-27,ST04,P024,90
2025-07-27,ST04,P025,114
2025-07-27,ST04,P026,128
2025-07-27,ST04,P027,98
2025-07-27,ST04,P028,108
2025-07-27,ST04,P029,405
2025-07-27,ST04,P030,361
2025-07-27,ST05,P001,386
2025-07-27,ST05,P002,269
2025-07-27,ST05,P003,440
2025-07-27,ST05,P004,292
2025-07-27,ST05,P005,82
2025-07-27,ST05,P006,306
2025-07-27,ST05,P007,178
2025-07-27,ST05,P008,236
2025-07-27,ST05,P009,213
2025-07-27,ST05,P010,105
2025-07-27,ST05,P011,59
2025-07-27,ST05,P012,206
2025-07-27,ST05,P013,256
2025-07-27,ST05,P014,462
2025-07-27,ST05,P015,284
2025-07-27,ST05,P016,135
2025-07-27,ST05,P017,242
2025-07-27,ST05,P018,247
2025-07-27,ST05,P019,220
2025-07-27,ST05,P020,402
2025-07-27,ST05,P021,220
2025-07-27,ST05,P022,254
2025-07-27,ST05,P023,192
2025-07-27,ST05,P024,429
2025-07-27,ST05,P025,74
2025-07-27,ST05,P026,339
2025-07-27,ST05,P027,320
2025-07-27,ST05,P028,239
2025-07-27,ST05,P029,255
2025-07-27,ST05,P030,391
2025-07-28,ST01,P001,332
2025-07-28,ST01,P002,80
2025-07-28,ST01,P003,258
2025-07-28,ST01,P004,395
2025-07-28,ST01,P005,410
2025-07-28,ST01,P006,399
2025-07-28,ST01,P007,251
2025-07-28,ST01,P008,94
2025-07-28,ST01,P009,420
2025-07-28,ST01,P010,466
2025-07-28,ST01,P011,333
2025-07-28,ST01,P012,53
2025-07-28,ST01,P013,289
2025-07-28,ST01,P014,152
2025-07-28,ST01,P015,145
2025-07-28,ST01,P016,405
2025-07-28,ST01,P017,104
2025-07-28,ST01,P018,177
2025-07-28,ST01,P019,338
2025-07-28,ST01,P020,290
2025-07-28,ST01,P021,180
2025-07-28,ST01,P022,436
2025-07-28,ST01,P023,340
2025-07-28,ST01,P024,232
2025-07-28,ST01,P025,71
2025-07-28,ST01,P026,204
2025-07-28,ST01,P027,368
2025-07-28,ST01,P028,294
2025-07-28,ST01,P029,326
2025-07-28,ST01,P030,176
2025-07-28,ST02,P001,134
2025-07-28,ST02,P002,350
2025-07-28,ST02,P003,188
2025-07-28,ST02,P004,166
2025-07-28,ST02,P005,421
2025-07-28,ST02,P006,79
2025-07-28,ST02,P007,192
2025-07-28,ST02,P008,135
2025-07-28,ST02,P009,301
2025-07-28,ST02,P010,390
2025-07-28,ST02,P011,273
2025-07-28,ST02,P012,423
2025-07-28,ST02,P013,80
2025-07-28,ST02,P014,163
2025-07-28,ST02,P015,197
2025-07-28,ST02,P016,355
2025-07-28,ST02,P017,301
2025-07-28,ST02,P018,150
2025-07-28,ST02,P019,143
2025-07-28,ST02,P020,403
2025-07-28,ST02,P021,218
2025-07-28,ST02,P022,469
2025-07-28,ST02,P023,192
2025-07-28,ST02,P024,176
2025-07-28,ST02,P025,486
2025-07-28,ST02,P026,274
2025-07-28,ST02,P027,314
2025-07-28,ST02,P028,397
2025-07-28,ST02,P029,115
2025-07-28,ST02,P030,274
2025-07-28,ST03,P001,360
2025-07-28,ST03,P002,249
2025-07-28,ST03,P003,192
2025-07-28,ST03,P004,307
2025-07-28,ST03,P005,354
2025-07-28,ST03,P006,67
2025-07-28,ST03,P007,209
2025-07-28,ST03,P008,195
2025-07-28,ST03,P009,269
2025-07-28,ST03,P010,380
2025-07-28,ST03,P011,337
2025-07-28,ST03,P012,205
2025-07-28,ST03,P013,179
2025-07-28,ST03,P014,323
2025-07-28,ST03,P015,356
2025-07-28,ST03,P016,339
2025-07-28,ST03,P017,295
2025-07-28,ST03,P018,298
2025-07-28,ST03,P019,154
2025-07-28,ST03,P020,67
2025-07-28,ST03,P021,406
2025-07-28,ST03,P022,319
2025-07-28,ST03,P023,148
2025-07-28,ST03,P024,412
2025-07-28,ST03,P025,398
2025-07-28,ST03,P026,124
2025-07-28,ST03,P027,308
2025-07-28,ST03,P028,311
2025-07-28,ST03,P029,194
2025-07-28,ST03,P030,110
2025-07-28,ST04,P001,339
2025-07-28,ST04,P002,395
2025-07-28,ST04,P003,256
2025-07-28,ST04,P004,297
2025-07-28,ST04,P005,276
2025-07-28,ST04,P006,103
2025-07-28,ST04,P007,257
2025-07-28,ST04,P008,90
2025-07-28,ST04,P009,372
2025-07-28,ST04,P010,270
2025-07-28,ST04,P011,275
2025-07-28,ST04,P012,138
2025-07-28,ST04,P013,363
2025-07-28,ST04,P014,403
2025-07-28,ST04,P015,290
2025-07-28,ST04,P016,199
2025-07-28,ST04,P017,356
2025-07-28,ST04,P018,325
2025-07-28,ST04,P019,160
2025-07-28,ST04,P020,271
2025-07-28,ST04,P021,163
2025-07-28,ST04,P022,261
2025-07-28,ST04,P023,329
2025-07-28,ST04,P024,81
2025-07-28,ST04,P025,109
2025-07-28,ST04,P026,124
2025-07-28,ST04,P027,86
2025-07-28,ST04,P028,101
2025-07-28,ST04,P029,402
2025-07-28,ST04,P030,358
2025-07-28,ST05,P001,382
2025-07-28,ST05,P002,265
2025-07-28,ST05,P003,439
2025-07-28,ST05,P004,289
2025-07-28,ST05,P005,72
2025-07-28,ST05,P006,301
2025-07-28,ST05,P007,171
2025-07-28,ST05,P008,230
2025-07-28,ST05,P009,210
2025-07-28,ST05,P010,100
2025-07-28,ST05,P011,52
2025-07-28,ST05,P012,199
2025-07-28,ST05,P013,249
2025-07-28,ST05,P014,460
2025-07-28,ST05,P015,280
2025-07-28,ST05,P016,124
2025-07-28,ST05,P017,238
2025-07-28,ST05,P018,241
2025-07-28,ST05,P019,212
2025-07-28,ST05,P020,400
2025-07-28,ST05,P021,218
2025-07-28,ST05,P022,250
2025-07-28,ST05,P023,183
2025-07-28,ST05,P024,426
2025-07-28,ST05,P025,67
2025-07-28,ST05,P026,336
2025-07-28,ST05,P027,317
2025-07-28,ST05,P028,236
2025-07-28,ST05,P029,248
2025-07-28,ST05,P030,387
2025-07-29,ST01,P001,330
2025-07-29,ST01,P002,70
2025-07-29,ST01,P003,254
2025-07-29,ST01,P004,393
2025-07-29,ST01,P005,408
2025-07-29,ST01,P006,397
2025-07-29,ST01,P007,245
2025-07-29,ST01,P008,87
2025-07-29,ST01,P009,414
2025-07-29,ST01,P010,464
2025-07-29,ST01,P011,328
2025-07-29,ST01,P012,44
2025-07-29,ST01,P013,282
2025-07-29,ST01,P014,149
2025-07-29,ST01,P015,134
2025-07-29,ST01,P016,403
2025-07-29,ST01,P017,98
2025-07-29,ST01,P018,166
2025-07-29,ST01,P019,335
2025-07-29,ST01,P020,288
2025-07-29,ST01,P021,170
2025-07-29,ST01,P022,434
2025-07-29,ST01,P023,338
2025-07-29,ST01,P024,228
2025-07-29,ST01,P025,62
2025-07-29,ST01,P026,197
2025-07-29,ST01,P027,363
2025-07-29,ST01,P028,287
2025-07-29,ST01,P029,322
2025-07-29,ST01,P030,171
2025-07-29,ST02,P001,127
2025-07-29,ST02,P002,345
2025-07-29,ST02,P003,182
2025-07-29,ST02,P004,158
2025-07-29,ST02,P005,418
2025-07-29,ST02,P006,55
2025-07-29,ST02,P007,186
2025-07-29,ST02,P008,128
2025-07-29,ST02,P009,296
2025-07-29,ST02,P010,389
2025-07-29,ST02,P011,268
2025-07-29,ST02,P012,422
2025-07-29,ST02,P013,70
2025-07-29,ST02,P014,155
2025-07-29,ST02,P015,189
2025-07-29,ST02,P016,350
2025-07-29,ST02,P017,299
2025-07-29,ST02,P018,140
2025-07-29,ST02,P019,131
2025-07-29,ST02,P020,401
2025-07-29,ST02,P021,214
2025-07-29,ST02,P022,468
2025-07-29,ST02,P023,183
2025-07-29,ST02,P024,170
2025-07-29,ST02,P025,483
2025-07-29,ST02,P026,269
2025-07-29,ST02,P027,307
2025-07-29,ST02,P028,394
2025-07-29,ST02,P029,105
2025-07-29,ST02,P030,269
2025-07-29,ST03,P001,358
2025-07-29,ST03,P002,241
2025-07-29,ST03,P003,184
2025-07-29,ST03,P004,304
2025-07-29,ST03,P005,349
2025-07-29,ST03,P006,56
2025-07-29,ST03,P007,203
2025-07-29,ST03,P008,189
2025-07-29,ST03,P009,267
2025-07-29,ST03,P010,377
2025-07-29,ST03,P011,334
2025-07-29,ST03,P012,203
2025-07-29,ST03,P013,174
2025-07-29,ST03,P014,318
2025-07-29,ST03,P015,353
2025-07-29,ST03,P016,336
2025-07-29,ST03,P017,290
2025-07-29,ST03,P018,294
2025-07-29,ST03,P019,142
2025-07-29,ST03,P020,61
2025-07-29,ST03,P021,404
2025-07-29,ST03,P022,318
2025-07-29,ST03,P023,138
2025-07-29,ST03,P024,409
2025-07-29,ST03,P025,395
2025-07-29,ST03,P026,114
2025-07-29,ST03,P027,305
2025-07-29,ST03,P028,305
2025-07-29,ST03,P029,183
2025-07-29,ST03,P030,103
2025-07-29,ST04,P001,335
2025-07-29,ST04,P002,392
2025-07-29,ST04,P003,251
2025-07-29,ST04,P004,293
2025-07-29,ST04,P005,271
2025-07-29,ST04,P006,95
2025-07-29,ST04,P007,250
2025-07-29,ST04,P008,84
2025-07-29,ST04,P009,371
2025-07-29,ST04,P010,265
2025-07-29,ST04,P011,269
2025-07-29,ST04,P012,131
2025-07-29,ST04,P013,360
2025-07-29,ST04,P014,400
2025-07-29,ST04,P015,282
2025-07-29,ST04,P016,195
2025-07-29,ST04,P017,353
2025-07-29,ST04,P018,321
2025-07-29,ST04,P019,154
2025-07-29,ST04,P020,267
2025-07-29,ST04,P021,157
2025-07-29,ST04,P022,256
2025-07-29,ST04,P023,326
2025-07-29,ST04,P024,70
2025-07-29,ST04,P025,105
2025-07-29,ST04,P026,116
2025-07-29,ST04,P027,77
2025-07-29,ST04,P028,95
2025-07-29,ST04,P029,399
2025-07-29,ST04,P030,352
2025-07-29,ST05,P001,378
2025-07-29,ST05,P002,258
2025-07-29,ST05,P003,437
2025-07-29,ST05,P004,284
2025-07-29,ST05,P005,62
2025-07-29,ST05,P006,297
2025-07-29,ST05,P007,162
2025-07-29,ST05,P008,226
2025-07-29,ST05,P009,204
2025-07-29,ST05,P010,95
2025-07-29,ST05,P011,41
2025-07-29,ST05,P012,192
2025-07-29,ST05,P013,241
2025-07-29,ST05,P014,458
2025-07-29,ST05,P015,275
2025-07-29,ST05,P016,116
2025-07-29,ST05,P017,232
2025-07-29,ST05,P018,234
2025-07-29,ST05,P019,205
2025-07-29,ST05,P020,398
2025-07-29,ST05,P021,212
2025-07-29,ST05,P022,246
2025-07-29,ST05,P023,175
2025-07-29,ST05,P024,425
2025-07-29,ST05,P025,59
2025-07-29,ST05,P026,334
2025-07-29,ST05,P027,313
2025-07-29,ST05,P028,229
2025-07-29,ST05,P029,244
2025-07-29,ST05,P030,384
2025-07-30,ST01,P001,327
2025-07-30,ST01,P002,60
2025-07-30,ST01,P003,248
2025-07-30,ST01,P004,390
2025-07-30,ST01,P005,405
2025-07-30,ST01,P006,395
2025-07-30,ST01,P007,242
2025-07-30,ST01,P008,78
2025-07-30,ST01,P009,410
2025-07-30,ST01,P010,462
2025-07-30,ST01,P011,327
2025-07-30,ST01,P012,36
2025-07-30,ST01,P013,279
2025-07-30,ST01,P014,139
2025-07-30,ST01,P015,129
2025-07-30,ST01,P016,401
2025-07-30,ST01,P017,90
2025-07-30,ST01,P018,159
2025-07-30,ST01,P019,327
2025-07-30,ST01,P020,284
2025-07-30,ST01,P021,165
2025-07-30,ST01,P022,432
2025-07-30,ST01,P023,332
2025-07-30,ST01,P024,222
2025-07-30,ST01,P025,59
2025-07-30,ST01,P026,186
2025-07-30,ST01,P027,361
2025-07-30,ST01,P028,281
2025-07-30,ST01,P029,319
2025-07-30,ST01,P030,159
2025-07-30,ST02,P001,120
2025-07-30,ST02,P002,341
2025-07-30,ST02,P003,174
2025-07-30,ST02,P004,153
2025-07-30,ST02,P005,415
2025-07-30,ST02,P006,35
2025-07-30,ST02,P007,178
2025-07-30,ST02,P008,122
2025-07-30,ST02,P009,291
2025-07-30,ST02,P010,387
2025-07-30,ST02,P011,266
2025-07-30,ST02,P012,420
2025-07-30,ST02,P013,58
2025-07-30,ST02,P014,147
2025-07-30,ST02,P015,178
2025-07-30,ST02,P016,345
2025-07-30,ST02,P017,298
2025-07-30,ST02,P018,131
2025-07-30,ST02,P019,124
2025-07-30,ST02,P020,399
2025-07-30,ST02,P021,207
2025-07-30,ST02,P022,466
2025-07-30,ST02,P023,177
2025-07-30,ST02,P024,162
2025-07-30,ST02,P025,480
2025-07-30,ST02,P026,263
2025-07-30,ST02,P027,301
2025-07-30,ST02,P028,391
2025-07-30,ST02,P029,97
2025-07-30,ST02,P030,263
2025-07-30,ST03,P001,354
2025-07-30,ST03,P002,235
2025-07-30,ST03,P003,172
2025-07-30,ST03,P004,301
2025-07-30,ST03,P005,345
2025-07-30,ST03,P006,45
2025-07-30,ST03,P007,195
2025-07-30,ST03,P008,185
2025-07-30,ST03,P009,260
2025-07-30,ST03,P010,374
2025-07-30,ST03,P011,328
2025-07-30,ST03,P012,198
2025-07-30,ST03,P013,169
2025-07-30,ST03,P014,315
2025-07-30,ST03,P015,349
2025-07-30,ST03,P016,334
2025-07-30,ST03,P017,281
2025-07-30,ST03,P018,291
2025-07-30,ST03,P019,131
2025-07-30,ST03,P020,54
2025-07-30,ST03,P021,402
2025-07-30,ST03,P022,314
2025-07-30,ST03,P023,132
2025-07-30,ST03,P024,406
2025-07-30,ST03,P025,393
2025-07-30,ST03,P026,108
2025-07-30,ST03,P027,298
2025-07-30,ST03,P028,301
2025-07-30,ST03,P029,179
2025-07-30,ST03,P030,95
2025-07-30,ST04,P001,331
2025-07-30,ST04,P002,390
2025-07-30,ST04,P003,249
2025-07-30,ST04,P004,288
2025-07-30,ST04,P005,265
2025-07-30,ST04,P006,88
2025-07-30,ST04,P007,244
2025-07-30,ST04,P008,76
2025-07-30,ST04,P009,370
2025-07-30,ST04,P010,263
2025-07-30,ST04,P011,265
2025-07-30,ST04,P012,121
2025-07-30,ST04,P013,357
2025-07-30,ST04,P014,398
2025-07-30,ST04,P015,278
2025-07-30,ST04,P016,195
2025-07-30,ST04,P017,353
2025-07-30,ST04,P018,318
2025-07-30,ST04,P019,148
2025-07-30,ST04,P020,263
2025-07-30,ST04,P021,149
2025-07-30,ST04,P022,252
2025-07-30,ST04,P023,324
2025-07-30,ST04,P024,59
2025-07-30,ST04,P025,101
2025-07-30,ST04,P026,112
2025-07-30,ST04,P027,65
2025-07-30,ST04,P028,86
2025-07-30,ST04,P029,397
2025-07-30,ST04,P030,348
2025-07-30,ST05,P001,374
2025-07-30,ST05,P002,254
2025-07-30,ST05,P003,434
2025-07-30,ST05,P004,280
2025-07-30,ST05,P005,52
2025-07-30,ST05,P006,294
2025-07-30,ST05,P007,151
2025-07-30,ST05,P008,221
2025-07-30,ST05,P009,200
2025-07-30,ST05,P010,81
2025-07-30,ST05,P011,30
2025-07-30,ST05,P012,190
2025-07-30,ST05,P013,236
2025-07-30,ST05,P014,455
2025-07-30,ST05,P015,271
2025-07-30,ST05,P016,105
2025-07-30,ST05,P017,224
2025-07-30,ST05,P018,228
2025-07-30,ST05,P019,198
2025-07-30,ST05,P020,396
2025-07-30,ST05,P021,207
2025-07-30,ST05,P022,242
2025-07-30,ST05,P023,161
2025-07-30,ST05,P024,423
2025-07-30,ST05,P025,50
2025-07-30,ST05,P026,333
2025-07-30,ST05,P027,308
2025-07-30,ST05,P028,225
2025-07-30,ST05,P029,235
2025-07-30,ST05,P030,381
2025-07-31,ST01,P001,324
2025-07-31,ST01,P002,49
2025-07-31,ST01,P003,245
2025-07-31,ST01,P004,387
2025-07-31,ST01,P005,403
2025-07-31,ST01,P006,393
2025-07-31,ST01,P007,238
2025-07-31,ST01,P008,71
2025-07-31,ST01,P009,406
2025-07-31,ST01,P010,460
2025-07-31,ST01,P011,324
2025-07-31,ST01,P012,26
2025-07-31,ST01,P013,270
2025-07-31,ST01,P014,136
2025-07-31,ST01,P015,115
2025-07-31,ST01,P016,399
2025-07-31,ST01,P017,80
2025-07-31,ST01,P018,151
2025-07-31,ST01,P019,322
2025-07-31,ST01,P020,282
2025-07-31,ST01,P021,158
2025-07-31,ST01,P022,429
2025-07-31,ST01,P023,329
2025-07-31,ST01,P024,216
2025-07-31,ST01,P025,49
2025-07-31,ST01,P026,179
2025-07-31,ST01,P027,356
2025-07-31,ST01,P028,277
2025-07-31,ST01,P029,317
2025-07-31,ST01,P030,148
2025-07-31,ST02,P001,116
2025-07-31,ST02,P002,338
2025-07-31,ST02,P003,167
2025-07-31,ST02,P004,146
2025-07-31,ST02,P005,411
2025-07-31,ST02,P006,64
2025-07-31,ST02,P007,172
2025-07-31,ST02,P008,116
2025-07-31,ST02,P009,286
2025-07-31,ST02,P010,385
2025-07-31,ST02,P011,261
2025-07-31,ST02,P012,418
2025-07-31,ST02,P013,50
2025-07-31,ST02,P014,142
2025-07-31,ST02,P015,170
2025-07-31,ST02,P016,341
2025-07-31,ST02,P017,296
2025-07-31,ST02,P018,121
2025-07-31,ST02,P019,117
2025-07-31,ST02,P020,397
2025-07-31,ST02,P021,200
2025-07-31,ST02,P022,464
2025-07-31,ST02,P023,174
2025-07-31,ST02,P024,151
2025-07-31,ST02,P025,478
2025-07-31,ST02,P026,257
2025-07-31,ST02,P027,296
2025-07-31,ST02,P028,387
2025-07-31,ST02,P029,85
2025-07-31,ST02,P030,261
2025-07-31,ST03,P001,351
2025-07-31,ST03,P002,231
2025-07-31,ST03,P003,166
2025-07-31,ST03,P004,298
2025-07-31,ST03,P005,340
2025-07-31,ST03,P006,35
2025-07-31,ST03,P007,190
2025-07-31,ST03,P008,178
2025-07-31,ST03,P009,253
2025-07-31,ST03,P010,372
2025-07-31,ST03,P011,325
2025-07-31,ST03,P012,195
2025-07-31,ST03,P013,163
2025-07-31,ST03,P014,312
2025-07-31,ST03,P015,345
2025-07-31,ST03,P016,332
2025-07-31,ST03,P017,275
2025-07-31,ST03,P018,288
2025-07-31,ST03,P019,124
2025-07-31,ST03,P020,44
2025-07-31,ST03,P021,401
2025-07-31,ST03,P022,310
2025-07-31,ST03,P023,124
2025-07-31,ST03,P024,402
2025-07-31,ST03,P025,391
2025-07-31,ST03,P026,96
2025-07-31,ST03,P027,292
2025-07-31,ST03,P028,296
2025-07-31,ST03,P029,171
2025-07-31,ST03,P030,90
2025-07-31,ST04,P001,327
2025-07-31,ST04,P002,387
2025-07-31,ST04,P003,245
2025-07-31,ST04,P004,284
2025-07-31,ST04,P005,256
2025-07-31,ST04,P006,81
2025-07-31,ST04,P007,238
2025-07-31,ST04,P008,71
2025-07-31,ST04,P009,368
2025-07-31,ST04,P010,258
2025-07-31,ST04,P011,262
2025-07-31,ST04,P012,113
2025-07-31,ST04,P013,353
2025-07-31,ST04,P014,395
2025-07-31,ST04,P015,272
2025-07-31,ST04,P016,191
2025-07-31,ST04,P017,350
2025-07-31,ST04,P018,315
2025-07-31,ST04,P019,144
2025-07-31,ST04,P020,257
2025-07-31,ST04,P021,139
2025-07-31,ST04,P022,245
2025-07-31,ST04,P023,322
2025-07-31,ST04,P024,50
2025-07-31,ST04,P025,92
2025-07-31,ST04,P026,96
2025-07-31,ST04,P027,59
2025-07-31,ST04,P028,77
2025-07-31,ST04,P029,394
2025-07-31,ST04,P030,342
2025-07-31,ST05,P001,372
2025-07-31,ST05,P002,247
2025-07-31,ST05,P003,431
2025-07-31,ST05,P004,276
2025-07-31,ST05,P005,38
2025-07-31,ST05,P006,290
2025-07-31,ST05,P007,139
2025-07-31,ST05,P008,216
2025-07-31,ST05,P009,198
2025-07-31,ST05,P010,72
2025-07-31,ST05,P011,22
2025-07-31,ST05,P012,187
2025-07-31,ST05,P013,231
2025-07-31,ST05,P014,452
2025-07-31,ST05,P015,268
2025-07-31,ST05,P016,94
2025-07-31,ST05,P017,221
2025-07-31,ST05,P018,223
2025-07-31,ST05,P019,190
2025-07-31,ST05,P020,394
2025-07-31,ST05,P021,202
2025-07-31,ST05,P022,236
2025-07-31,ST05,P023,156
2025-07-31,ST05,P024,421
2025-07-31,ST05,P025,45
2025-07-31,ST05,P026,330
2025-07-31,ST05,P027,305
2025-07-31,ST05,P028,221
2025-07-31,ST05,P029,229
2025-07-31,ST05,P030,376
2025-08-01,ST01,P001,319
2025-08-01,ST01,P002,42
2025-08-01,ST01,P003,237
2025-08-01,ST01,P004,385
2025-08-01,ST01,P005,401
2025-08-01,ST01,P006,390
2025-08-01,ST01,P007,233
2025-08-01,ST01,P008,65
2025-08-01,ST01,P009,404
2025-08-01,ST01,P010,458
2025-08-01,ST01,P011,319
2025-08-01,ST01,P012,76
2025-08-01,ST01,P013,268
2025-08-01,ST01,P014,127
2025-08-01,ST01,P015,109
2025-08-01,ST01,P016,398
2025-08-01,ST01,P017,72
2025-08-01,ST01,P018,141
2025-08-01,ST01,P019,317
2025-08-01,ST01,P020,279
2025-08-01,ST01,P021,149
2025-08-01,ST01,P022,428
2025-08-01,ST01,P023,326
2025-08-01,ST01,P024,209
2025-08-01,ST01,P025,46
2025-08-01,ST01,P026,170
2025-08-01,ST01,P027,354
2025-08-01,ST01,P028,274
2025-08-01,ST01,P029,316
2025-08-01,ST01,P030,136
2025-08-01,ST02,P001,107
2025-08-01,ST02,P002,336
2025-08-01,ST02,P003,161
2025-08-01,ST02,P004,137
2025-08-01,ST02,P005,409
2025-08-01,ST02,P006,35
2025-08-01,ST02,P007,164
2025-08-01,ST02,P008,110
2025-08-01,ST02,P009,277
2025-08-01,ST02,P010,383
2025-08-01,ST02,P011,257
2025-08-01,ST02,P012,416
2025-08-01,ST02,P013,40
2025-08-01,ST02,P014,138
2025-08-01,ST02,P015,166
2025-08-01,ST02,P016,337
2025-08-01,ST02,P017,294
2025-08-01,ST02,P018,112
2025-08-01,ST02,P019,111
2025-08-01,ST02,P020,395
2025-08-01,ST02,P021,196
2025-08-01,ST02,P022,462
2025-08-01,ST02,P023,168
2025-08-01,ST02,P024,145
2025-08-01,ST02,P025,474
2025-08-01,ST02,P026,251
2025-08-01,ST02,P027,294
2025-08-01,ST02,P028,382
2025-08-01,ST02,P029,80
2025-08-01,ST02,P030,255
2025-08-01,ST03,P001,349
2025-08-01,ST03,P002,225
2025-08-01,ST03,P003,158
2025-08-01,ST03,P004,294
2025-08-01,ST03,P005,336
2025-08-01,ST03,P006,27
2025-08-01,ST03,P007,182
2025-08-01,ST03,P008,172
2025-08-01,ST03,P009,250
2025-08-01,ST03,P010,369
2025-08-01,ST03,P011,320
2025-08-01,ST03,P012,192
2025-08-01,ST03,P013,156
2025-08-01,ST03,P014,308
2025-08-01,ST03,P015,342
2025-08-01,ST03,P016,330
2025-08-01,ST03,P017,266
2025-08-01,ST03,P018,285
2025-08-01,ST03,P019,114
2025-08-01,ST03,P020,33
2025-08-01,ST03,P021,401
2025-08-01,ST03,P022,307
2025-08-01,ST03,P023,118
2025-08-01,ST03,P024,399
2025-08-01,ST03,P025,389
2025-08-01,ST03,P026,95
2025-08-01,ST03,P027,288
2025-08-01,ST03,P028,293
2025-08-01,ST03,P029,162
2025-08-01,ST03,P030,79
2025-08-01,ST04,P001,324
2025-08-01,ST04,P002,384
2025-08-01,ST04,P003,239
2025-08-01,ST04,P004,281
2025-08-01,ST04,P005,250
2025-08-01,ST04,P006,76
2025-08-01,ST04,P007,231
2025-08-01,ST04,P008,61
2025-08-01,ST04,P009,365
2025-08-01,ST04,P010,253
2025-08-01,ST04,P011,254
2025-08-01,ST04,P012,104
2025-08-01,ST04,P013,349
2025-08-01,ST04,P014,392
2025-08-01,ST04,P015,266
2025-08-01,ST04,P016,187
2025-08-01,ST04,P017,346
2025-08-01,ST04,P018,311
2025-08-01,ST04,P019,135
2025-08-01,ST04,P020,252
2025-08-01,ST04,P021,128
2025-08-01,ST04,P022,242
2025-08-01,ST04,P023,320
2025-08-01,ST04,P024,40
2025-08-01,ST04,P025,84
2025-08-01,ST04,P026,90
2025-08-01,ST04,P027,54
2025-08-01,ST04,P028,69
2025-08-01,ST04,P029,391
2025-08-01,ST04,P030,335
2025-08-01,ST05,P001,368
2025-08-01,ST05,P002,244
2025-08-01,ST05,P003,429
2025-08-01,ST05,P004,271
2025-08-01,ST05,P005,31
2025-08-01,ST05,P006,284
2025-08-01,ST05,P007,133
2025-08-01,ST05,P008,213
2025-08-01,ST05,P009,193
2025-08-01,ST05,P010,64
2025-08-01,ST05,P011,83
2025-08-01,ST05,P012,180
2025-08-01,ST05,P013,224
2025-08-01,ST05,P014,449
2025-08-01,ST05,P015,265
2025-08-01,ST05,P016,86
2025-08-01,ST05,P017,213
2025-08-01,ST05,P018,216
2025-08-01,ST05,P019,185
2025-08-01,ST05,P020,392
2025-08-01,ST05,P021,196
2025-08-01,ST05,P022,232
2025-08-01,ST05,P023,151
2025-08-01,ST05,P024,417
2025-08-01,ST05,P025,35
2025-08-01,ST05,P026,328
2025-08-01,ST05,P027,301
2025-08-01,ST05,P028,214
2025-08-01,ST05,P029,221
2025-08-01,ST05,P030,372
2025-08-02,ST01,P001,316
2025-08-02,ST01,P002,32
2025-08-02,ST01,P003,232
2025-08-02,ST01,P004,384
2025-08-02,ST01,P005,400
2025-08-02,ST01,P006,387
2025-08-02,ST01,P007,231
2025-08-02,ST01,P008,55
2025-08-02,ST01,P009,398
2025-08-02,ST01,P010,456
2025-08-02,ST01,P011,314
2025-08-02,ST01,P012,62
2025-08-02,ST01,P013,263
2025-08-02,ST01,P014,125
2025-08-02,ST01,P015,98
2025-08-02,ST01,P016,396
2025-08-02,ST01,P017,66
2025-08-02,ST01,P018,135
2025-08-02,ST01,P019,311
2025-08-02,ST01,P020,274
2025-08-02,ST01,P021,145
2025-08-02,ST01,P022,425
2025-08-02,ST01,P023,322
2025-08-02,ST01,P024,205
2025-08-02,ST01,P025,38
2025-08-02,ST01,P026,161
2025-08-02,ST01,P027,351
2025-08-02,ST01,P028,268
2025-08-02,ST01,P029,314
2025-08-02,ST01,P030,123
2025-08-02,ST02,P001,98
2025-08-02,ST02,P002,333
2025-08-02,ST02,P003,151
2025-08-02,ST02,P004,134
2025-08-02,ST02,P005,406
2025-08-02,ST02,P006,79
2025-08-02,ST02,P007,157
2025-08-02,ST02,P008,105
2025-08-02,ST02,P009,270
2025-08-02,ST02,P010,382
2025-08-02,ST02,P011,252
2025-08-02,ST02,P012,414
2025-08-02,ST02,P013,34
2025-08-02,ST02,P014,126
2025-08-02,ST02,P015,159
2025-08-02,ST02,P016,333
2025-08-02,ST02,P017,292
2025-08-02,ST02,P018,106
2025-08-02,ST02,P019,102
2025-08-02,ST02,P020,393
2025-08-02,ST02,P021,191
2025-08-02,ST02,P022,460
2025-08-02,ST02,P023,162
2025-08-02,ST02,P024,136
2025-08-02,ST02,P025,471
2025-08-02,ST02,P026,249
2025-08-02,ST02,P027,290
2025-08-02,ST02,P028,379
2025-08-02,ST02,P029,74
2025-08-02,ST02,P030,251
2025-08-02,ST03,P001,345
2025-08-02,ST03,P002,219
2025-08-02,ST03,P003,154
2025-08-02,ST03,P004,292
2025-08-02,ST03,P005,332
2025-08-02,ST03,P006,90
2025-08-02,ST03,P007,178
2025-08-02,ST03,P008,166
2025-08-02,ST03,P009,245
2025-08-02,ST03,P010,366
2025-08-02,ST03,P011,316
2025-08-02,ST03,P012,186
2025-08-02,ST03,P013,155
2025-08-02,ST03,P014,305
2025-08-02,ST03,P015,339
2025-08-02,ST03,P016,328
2025-08-02,ST03,P017,259
2025-08-02,ST03,P018,281
2025-08-02,ST03,P019,108
2025-08-02,ST03,P020,71
2025-08-02,ST03,P021,398
2025-08-02,ST03,P022,304
2025-08-02,ST03,P023,112
2025-08-02,ST03,P024,396
2025-08-02,ST03,P025,387
2025-08-02,ST03,P026,86
2025-08-02,ST03,P027,282
2025-08-02,ST03,P028,288
2025-08-02,ST03,P029,157
2025-08-02,ST03,P030,72
2025-08-02,ST04,P001,321
2025-08-02,ST04,P002,382
2025-08-02,ST04,P003,237
2025-08-02,ST04,P004,276
2025-08-02,ST04,P005,246
2025-08-02,ST04,P006,68
2025-08-02,ST04,P007,225
2025-08-02,ST04,P008,50
2025-08-02,ST04,P009,362
2025-08-02,ST04,P010,247
2025-08-02,ST04,P011,250
2025-08-02,ST04,P012,96
2025-08-02,ST04,P013,347
2025-08-02,ST04,P014,387
2025-08-02,ST04,P015,263
2025-08-02,ST04,P016,182
2025-08-02,ST04,P017,341
2025-08-02,ST04,P018,309
2025-08-02,ST04,P019,125
2025-08-02,ST04,P020,247
2025-08-02,ST04,P021,119
2025-08-02,ST04,P022,233
2025-08-02,ST04,P023,317
2025-08-02,ST04,P024,24
2025-08-02,ST04,P025,74
2025-08-02,ST04,P026,84
2025-08-02,ST04,P027,45
2025-08-02,ST04,P028,60
2025-08-02,ST04,P029,388
2025-08-02,ST04,P030,333
2025-08-02,ST05,P001,364
2025-08-02,ST05,P002,241
2025-08-02,ST05,P003,426
2025-08-02,ST05,P004,267
2025-08-02,ST05,P005,17
2025-08-02,ST05,P006,280
2025-08-02,ST05,P007,125
2025-08-02,ST05,P008,208
2025-08-02,ST05,P009,189
2025-08-02,ST05,P010,53
2025-08-02,ST05,P011,76
2025-08-02,ST05,P012,177
2025-08-02,ST05,P013,219
2025-08-02,ST05,P014,445
2025-08-02,ST05,P015,260
2025-08-02,ST05,P016,79
2025-08-02,ST05,P017,206
2025-08-02,ST05,P018,209
2025-08-02,ST05,P019,176
2025-08-02,ST05,P020,389
2025-08-02,ST05,P021,188
2025-08-02,ST05,P022,229
2025-08-02,ST05,P023,145
2025-08-02,ST05,P024,415
2025-08-02,ST05,P025,28
2025-08-02,ST05,P026,326
2025-08-02,ST05,P027,299
2025-08-02,ST05,P028,208
2025-08-02,ST05,P029,215
2025-08-02,ST05,P030,367
2025-08-03,ST01,P001,392
2025-08-03,ST01,P002,71
2025-08-03,ST01,P003,272
2025-08-03,ST01,P004,454
2025-08-03,ST01,P005,473
2025-08-03,ST01,P006,420
2025-08-03,ST01,P007,266
2025-08-03,ST01,P008,76
2025-08-03,ST01,P009,448
2025-08-03,ST01,P010,497
2025-08-03,ST01,P011,378
2025-08-03,ST01,P012,131
2025-08-03,ST01,P013,339
2025-08-03,ST01,P014,166
2025-08-03,ST01,P015,153
2025-08-03,ST01,P016,431
2025-08-03,ST01,P017,111
2025-08-03,ST01,P018,183
2025-08-03,ST01,P019,364
2025-08-03,ST01,P020,313
2025-08-03,ST01,P021,185
2025-08-03,ST01,P022,480
2025-08-03,ST01,P023,383
2025-08-03,ST01,P024,270
2025-08-03,ST01,P025,63
2025-08-03,ST01,P026,228
2025-08-03,ST01,P027,406
2025-08-03,ST01,P028,304
2025-08-03,ST01,P029,374
2025-08-03,ST01,P030,170
2025-08-03,ST02,P001,156
2025-08-03,ST02,P002,364
2025-08-03,ST02,P003,201
2025-08-03,ST02,P004,189
2025-08-03,ST02,P005,462
2025-08-03,ST02,P006,105
2025-08-03,ST02,P007,206
2025-08-03,ST02,P008,173
2025-08-03,ST02,P009,306
2025-08-03,ST02,P010,436
2025-08-03,ST02,P011,316
2025-08-03,ST02,P012,473
2025-08-03,ST02,P013,60
2025-08-03,ST02,P014,189
2025-08-03,ST02,P015,188
2025-08-03,ST02,P016,362
2025-08-03,ST02,P017,334
2025-08-03,ST02,P018,134
2025-08-03,ST02,P019,164
2025-08-03,ST02,P020,465
2025-08-03,ST02,P021,222
2025-08-03,ST02,P022,503
2025-08-03,ST02,P023,202
2025-08-03,ST02,P024,194
2025-08-03,ST02,P025,520
2025-08-03,ST02,P026,311
2025-08-03,ST02,P027,361
2025-08-03,ST02,P028,404
2025-08-03,ST02,P029,138
2025-08-03,ST02,P030,314
2025-08-03,ST03,P001,417
2025-08-03,ST03,P002,258
2025-08-03,ST03,P003,186
2025-08-03,ST03,P004,329
2025-08-03,ST03,P005,359
2025-08-03,ST03,P006,150
2025-08-03,ST03,P007,214
2025-08-03,ST03,P008,207
2025-08-03,ST03,P009,317
2025-08-03,ST03,P010,394
2025-08-03,ST03,P011,382
2025-08-03,ST03,P012,214
2025-08-03,ST03,P013,187
2025-08-03,ST03,P014,334
2025-08-03,ST03,P015,383
2025-08-03,ST03,P016,371
2025-08-03,ST03,P017,293
2025-08-03,ST03,P018,357
2025-08-03,ST03,P019,175
2025-08-03,ST03,P020,113
2025-08-03,ST03,P021,461
2025-08-03,ST03,P022,346
2025-08-03,ST03,P023,165
2025-08-03,ST03,P024,424
2025-08-03,ST03,P025,435
2025-08-03,ST03,P026,142
2025-08-03,ST03,P027,344
2025-08-03,ST03,P028,346
2025-08-03,ST03,P029,223
2025-08-03,ST03,P030,132
2025-08-03,ST04,P001,360
2025-08-03,ST04,P002,452
2025-08-03,ST04,P003,262
2025-08-03,ST04,P004,316
2025-08-03,ST04,P005,300
2025-08-03,ST04,P006,116
2025-08-03,ST04,P007,272
2025-08-03,ST04,P008,110
2025-08-03,ST04,P009,429
2025-08-03,ST04,P010,315
2025-08-03,ST04,P011,312
2025-08-03,ST04,P012,131
2025-08-03,ST04,P013,395
2025-08-03,ST04,P014,438
2025-08-03,ST04,P015,308
2025-08-03,ST04,P016,228
2025-08-03,ST04,P017,411
2025-08-03,ST04,P018,355
2025-08-03,ST04,P019,196
2025-08-03,ST04,P020,302
2025-08-03,ST04,P021,167
2025-08-03,ST04,P022,277
2025-08-03,ST04,P023,388
2025-08-03,ST04,P024,54
2025-08-03,ST04,P025,116
2025-08-03,ST04,P026,144
2025-08-03,ST04,P027,99
2025-08-03,ST04,P028,101
2025-08-03,ST04,P029,444
2025-08-03,ST04,P030,359
2025-08-03,ST05,P001,398
2025-08-03,ST05,P002,267
2025-08-03,ST05,P003,476
2025-08-03,ST05,P004,335
2025-08-03,ST05,P005,46
2025-08-03,ST05,P006,329
2025-08-03,ST05,P007,177
2025-08-03,ST05,P008,277
2025-08-03,ST05,P009,218
2025-08-03,ST05,P010,120
2025-08-03,ST05,P011,110
2025-08-03,ST05,P012,223
2025-08-03,ST05,P013,257
2025-08-03,ST05,P014,475
2025-08-03,ST05,P015,330
2025-08-03,ST05,P016,140
2025-08-03,ST05,P017,237
2025-08-03,ST05,P018,248
2025-08-03,ST05,P019,207
2025-08-03,ST05,P020,453
2025-08-03,ST05,P021,252
2025-08-03,ST05,P022,260
2025-08-03,ST05,P023,176
2025-08-03,ST05,P024,469
2025-08-03,ST05,P025,56
2025-08-03,ST05,P026,373
2025-08-03,ST05,P027,361
2025-08-03,ST05,P028,244
2025-08-03,ST05,P029,268
2025-08-03,ST05,P030,398
2025-08-04,ST01,P001,388
2025-08-04,ST01,P002,60
2025-08-04,ST01,P003,268
2025-08-04,ST01,P004,450
2025-08-04,ST01,P005,471
2025-08-04,ST01,P006,418
2025-08-04,ST01,P007,262
2025-08-04,ST01,P008,68
2025-08-04,ST01,P009,444
2025-08-04,ST01,P010,495
2025-08-04,ST01,P011,377
2025-08-04,ST01,P012,124
2025-08-04,ST01,P013,336
2025-08-04,ST01,P014,155
2025-08-04,ST01,P015,147
2025-08-04,ST01,P016,430
2025-08-04,ST01,P017,104
2025-08-04,ST01,P018,174
2025-08-04,ST01,P019,357
2025-08-04,ST01,P020,309
2025-08-04,ST01,P021,180
2025-08-04,ST01,P022,478
2025-08-04,ST01,P023,378
2025-08-04,ST01,P024,267
2025-08-04,ST01,P025,55
2025-08-04,ST01,P026,220
2025-08-04,ST01,P027,402
2025-08-04,ST01,P028,302
2025-08-04,ST01,P029,371
2025-08-04,ST01,P030,161
2025-08-04,ST02,P001,144
2025-08-04,ST02,P002,360
2025-08-04,ST02,P003,196
2025-08-04,ST02,P004,184
2025-08-04,ST02,P005,459
2025-08-04,ST02,P006,84
2025-08-04,ST02,P007,202
2025-08-04,ST02,P008,165
2025-08-04,ST02,P009,298
2025-08-04,ST02,P010,434
2025-08-04,ST02,P011,313
2025-08-04,ST02,P012,472
2025-08-04,ST02,P013,50
2025-08-04,ST02,P014,180
2025-08-04,ST02,P015,178
2025-08-04,ST02,P016,357
2025-08-04,ST02,P017,332
2025-08-04,ST02,P018,126
2025-08-04,ST02,P019,158
2025-08-04,ST02,P020,464
2025-08-04,ST02,P021,217
2025-08-04,ST02,P022,500
2025-08-04,ST02,P023,195
2025-08-04,ST02,P024,187
2025-08-04,ST02,P025,519
2025-08-04,ST02,P026,306
2025-08-04,ST02,P027,355
2025-08-04,ST02,P028,401
2025-08-04,ST02,P029,131
2025-08-04,ST02,P030,310
2025-08-04,ST03,P001,413
2025-08-04,ST03,P002,252
2025-08-04,ST03,P003,183
2025-08-04,ST03,P004,326
2025-08-04,ST03,P005,356
2025-08-04,ST03,P006,141
2025-08-04,ST03,P007,206
2025-08-04,ST03,P008,201
2025-08-04,ST03,P009,309
2025-08-04,ST03,P010,392
2025-08-04,ST03,P011,378
2025-08-04,ST03,P012,211
2025-08-04,ST03,P013,180
2025-08-04,ST03,P014,332
2025-08-04,ST03,P015,379
2025-08-04,ST03,P016,370
2025-08-04,ST03,P017,289
2025-08-04,ST03,P018,353
2025-08-04,ST03,P019,165
2025-08-04,ST03,P020,101
2025-08-04,ST03,P021,459
2025-08-04,ST03,P022,343
2025-08-04,ST03,P023,159
2025-08-04,ST03,P024,422
2025-08-04,ST03,P025,433
2025-08-04,ST03,P026,133
2025-08-04,ST03,P027,340
2025-08-04,ST03,P028,344
2025-08-04,ST03,P029,219
2025-08-04,ST03,P030,124
2025-08-04,ST04,P001,358
2025-08-04,ST04,P002,449
2025-08-04,ST04,P003,256
2025-08-04,ST04,P004,310
2025-08-04,ST04,P005,295
2025-08-04,ST04,P006,109
2025-08-04,ST04,P007,268
2025-08-04,ST04,P008,100
2025-08-04,ST04,P009,426
2025-08-04,ST04,P010,310
2025-08-04,ST04,P011,310
2025-08-04,ST04,P012,127
2025-08-04,ST04,P013,392
2025-08-04,ST04,P014,435
2025-08-04,ST04,P015,300
2025-08-04,ST04,P016,225
2025-08-04,ST04,P017,409
2025-08-04,ST04,P018,351
2025-08-04,ST04,P019,189
2025-08-04,ST04,P020,293
2025-08-04,ST04,P021,162
2025-08-04,ST04,P022,269
2025-08-04,ST04,P023,387
2025-08-04,ST04,P024,45
2025-08-04,ST04,P025,109
2025-08-04,ST04,P026,138
2025-08-04,ST04,P027,87
2025-08-04,ST04,P028,92
2025-08-04,ST04,P029,442
2025-08-04,ST04,P030,352
2025-08-04,ST05,P001,396
2025-08-04,ST05,P002,261
2025-08-04,ST05,P003,474
2025-08-04,ST05,P004,332
2025-08-04,ST05,P005,37
2025-08-04,ST05,P006,326
2025-08-04,ST05,P007,173
2025-08-04,ST05,P008,270
2025-08-04,ST05,P009,214
2025-08-04,ST05,P010,113
2025-08-04,ST05,P011,105
2025-08-04,ST05,P012,217
2025-08-04,ST05,P013,254
2025-08-04,ST05,P014,473
2025-08-04,ST05,P015,326
2025-08-04,ST05,P016,134
2025-08-04,ST05,P017,230
2025-08-04,ST05,P018,241
2025-08-04,ST05,P019,198
2025-08-04,ST05,P020,451
2025-08-04,ST05,P021,247
2025-08-04,ST05,P022,256
2025-08-04,ST05,P023,164
2025-08-04,ST05,P024,466
2025-08-04,ST05,P025,47
2025-08-04,ST05,P026,371
2025-08-04,ST05,P027,357
2025-08-04,ST05,P028,235
2025-08-04,ST05,P029,265
2025-08-04,ST05,P030,394
2025-08-05,ST01,P001,383
2025-08-05,ST01,P002,52
2025-08-05,ST01,P003,263
2025-08-05,ST01,P004,448
2025-08-05,ST01,P005,469
2025-08-05,ST01,P006,416
2025-08-05,ST01,P007,253
2025-08-05,ST01,P008,63
2025-08-05,ST01,P009,440
2025-08-05,ST01,P010,493
2025-08-05,ST01,P011,373
2025-08-05,ST01,P012,116
2025-08-05,ST01,P013,330
2025-08-05,ST01,P014,147
2025-08-05,ST01,P015,139
2025-08-05,ST01,P016,429
2025-08-05,ST01,P017,95
2025-08-05,ST01,P018,171
2025-08-05,ST01,P019,353
2025-08-05,ST01,P020,304
2025-08-05,ST01,P021,178
2025-08-05,ST01,P022,474
2025-08-05,ST01,P023,374
2025-08-05,ST01,P024,263
2025-08-05,ST01,P025,46
2025-08-05,ST01,P026,209
2025-08-05,ST01,P027,399
2025-08-05,ST01,P028,296
2025-08-05,ST01,P029,367
2025-08-05,ST01,P030,149
2025-08-05,ST02,P001,135
2025-08-05,ST02,P002,357
2025-08-05,ST02,P003,192
2025-08-05,ST02,P004,179
2025-08-05,ST02,P005,457
2025-08-05,ST02,P006,68
2025-08-05,ST02,P007,195
2025-08-05,ST02,P008,162
2025-08-05,ST02,P009,294
2025-08-05,ST02,P010,432
2025-08-05,ST02,P011,310
2025-08-05,ST02,P012,470
2025-08-05,ST02,P013,40
2025-08-05,ST02,P014,168
2025-08-05,ST02,P015,167
2025-08-05,ST02,P016,354
2025-08-05,ST02,P017,331
2025-08-05,ST02,P018,118
2025-08-05,ST02,P019,152
2025-08-05,ST02,P020,462
2025-08-05,ST02,P021,213
2025-08-05,ST02,P022,497
2025-08-05,ST02,P023,189
2025-08-05,ST02,P024,180
2025-08-05,ST02,P025,516
2025-08-05,ST02,P026,300
2025-08-05,ST02,P027,350
2025-08-05,ST02,P028,397
2025-08-05,ST02,P029,119
2025-08-05,ST02,P030,304
2025-08-05,ST03,P001,410
2025-08-05,ST03,P002,246
2025-08-05,ST03,P003,176
2025-08-05,ST03,P004,322
2025-08-05,ST03,P005,353
2025-08-05,ST03,P006,130
2025-08-05,ST03,P007,196
2025-08-05,ST03,P008,197
2025-08-05,ST03,P009,304
2025-08-05,ST03,P010,388
2025-08-05,ST03,P011,373
2025-08-05,ST03,P012,206
2025-08-05,ST03,P013,173
2025-08-05,ST03,P014,329
2025-08-05,ST03,P015,377
2025-08-05,ST03,P016,369
2025-08-05,ST03,P017,281
2025-08-05,ST03,P018,350
2025-08-05,ST03,P019,157
2025-08-05,ST03,P020,93
2025-08-05,ST03,P021,457
2025-08-05,ST03,P022,340
2025-08-05,ST03,P023,157
2025-08-05,ST03,P024,419
2025-08-05,ST03,P025,431
2025-08-05,ST03,P026,124
2025-08-05,ST03,P027,335
2025-08-05,ST03,P028,338
2025-08-05,ST03,P029,214
2025-08-05,ST03,P030,113
2025-08-05,ST04,P001,354
2025-08-05,ST04,P002,446
2025-08-05,ST04,P003,252
2025-08-05,ST04,P004,308
2025-08-05,ST04,P005,292
2025-08-05,ST04,P006,106
2025-08-05,ST04,P007,261
2025-08-05,ST04,P008,90
2025-08-05,ST04,P009,422
2025-08-05,ST04,P010,306
2025-08-05,ST04,P011,307
2025-08-05,ST04,P012,123
2025-08-05,ST04,P013,386
2025-08-05,ST04,P014,432
2025-08-05,ST04,P015,293
2025-08-05,ST04,P016,221
2025-08-05,ST04,P017,406
2025-08-05,ST04,P018,348
2025-08-05,ST04,P019,186
2025-08-05,ST04,P020,289
2025-08-05,ST04,P021,154
2025-08-05,ST04,P022,263
2025-08-05,ST04,P023,384
2025-08-05,ST04,P024,35
2025-08-05,ST04,P025,103
2025-08-05,ST04,P026,131
2025-08-05,ST04,P027,80
2025-08-05,ST04,P028,80
2025-08-05,ST04,P029,439
2025-08-05,ST04,P030,347
2025-08-05,ST05,P001,391
2025-08-05,ST05,P002,256
2025-08-05,ST05,P003,472
2025-08-05,ST05,P004,329
2025-08-05,ST05,P005,26
2025-08-05,ST05,P006,324
2025-08-05,ST05,P007,166
2025-08-05,ST05,P008,267
2025-08-05,ST05,P009,207
2025-08-05,ST05,P010,103
2025-08-05,ST05,P011,97
2025-08-05,ST05,P012,213
2025-08-05,ST05,P013,248
2025-08-05,ST05,P014,470
2025-08-05,ST05,P015,324
2025-08-05,ST05,P016,123
2025-08-05,ST05,P017,222
2025-08-05,ST05,P018,236
2025-08-05,ST05,P019,190
2025-08-05,ST05,P020,448
2025-08-05,ST05,P021,240
2025-08-05,ST05,P022,250
2025-08-05,ST05,P023,158
2025-08-05,ST05,P024,464
2025-08-05,ST05,P025,38
2025-08-05,ST05,P026,370
2025-08-05,ST05,P027,354
2025-08-05,ST05,P028,231
2025-08-05,ST05,P029,258
2025-08-05,ST05,P030,391
2025-08-06,ST01,P001,380
2025-08-06,ST01,P002,48
2025-08-06,ST01,P003,257
2025-08-06,ST01,P004,446
2025-08-06,ST01,P005,467
2025-08-06,ST01,P006,413
2025-08-06,ST01,P007,248
2025-08-06,ST01,P008,53
2025-08-06,ST01,P009,435
2025-08-06,ST01,P010,491
2025-08-06,ST01,P011,370
2025-08-06,ST01,P012,109
2025-08-06,ST01,P013,324
2025-08-06,ST01,P014,137
2025-08-06,ST01,P015,131
2025-08-06,ST01,P016,427
2025-08-06,ST01,P017,91
2025-08-06,ST01,P018,164
2025-08-06,ST01,P019,350
2025-08-06,ST01,P020,299
2025-08-06,ST01,P021,171
2025-08-06,ST01,P022,471
2025-08-06,ST01,P023,367
2025-08-06,ST01,P024,259
2025-08-06,ST01,P025,38
2025-08-06,ST01,P026,198
2025-08-06,ST01,P027,396
2025-08-06,ST01,P028,291
2025-08-06,ST01,P029,364
2025-08-06,ST01,P030,143
2025-08-06,ST02,P001,122
2025-08-06,ST02,P002,352
2025-08-06,ST02,P003,186
2025-08-06,ST02,P004,175
2025-08-06,ST02,P005,454
2025-08-06,ST02,P006,45
2025-08-06,ST02,P007,186
2025-08-06,ST02,P008,150
2025-08-06,ST02,P009,288
2025-08-06,ST02,P010,430
2025-08-06,ST02,P011,306
2025-08-06,ST02,P012,468
2025-08-06,ST02,P013,31
2025-08-06,ST02,P014,161
2025-08-06,ST02,P015,156
2025-08-06,ST02,P016,350
2025-08-06,ST02,P017,329
2025-08-06,ST02,P018,112
2025-08-06,ST02,P019,141
2025-08-06,ST02,P020,459
2025-08-06,ST02,P021,207
2025-08-06,ST02,P022,495
2025-08-06,ST02,P023,185
2025-08-06,ST02,P024,170
2025-08-06,ST02,P025,513
2025-08-06,ST02,P026,294
2025-08-06,ST02,P027,346
2025-08-06,ST02,P028,394
2025-08-06,ST02,P029,109
2025-08-06,ST02,P030,300
2025-08-06,ST03,P001,406
2025-08-06,ST03,P002,240
2025-08-06,ST03,P003,168
2025-08-06,ST03,P004,318
2025-08-06,ST03,P005,348
2025-08-06,ST03,P006,120
2025-08-06,ST03,P007,191
2025-08-06,ST03,P008,193
2025-08-06,ST03,P009,296
2025-08-06,ST03,P010,385
2025-08-06,ST03,P011,368
2025-08-06,ST03,P012,204
2025-08-06,ST03,P013,164
2025-08-06,ST03,P014,327
2025-08-06,ST03,P015,375
2025-08-06,ST03,P016,368
2025-08-06,ST03,P017,277
2025-08-06,ST03,P018,345
2025-08-06,ST03,P019,151
2025-08-06,ST03,P020,84
2025-08-06,ST03,P021,455
2025-08-06,ST03,P022,338
2025-08-06,ST03,P023,150
2025-08-06,ST03,P024,416
2025-08-06,ST03,P025,429
2025-08-06,ST03,P026,113
2025-08-06,ST03,P027,331
2025-08-06,ST03,P028,336
2025-08-06,ST03,P029,204
2025-08-06,ST03,P030,106
2025-08-06,ST04,P001,352
2025-08-06,ST04,P002,444
2025-08-06,ST04,P003,248
2025-08-06,ST04,P004,303
2025-08-06,ST04,P005,289
2025-08-06,ST04,P006,97
2025-08-06,ST04,P007,254
2025-08-06,ST04,P008,82
2025-08-06,ST04,P009,419
2025-08-06,ST04,P010,301
2025-08-06,ST04,P011,302
2025-08-06,ST04,P012,115
2025-08-06,ST04,P013,383
2025-08-06,ST04,P014,428
2025-08-06,ST04,P015,289
2025-08-06,ST04,P016,215
2025-08-06,ST04,P017,403
2025-08-06,ST04,P018,345
2025-08-06,ST04,P019,180
2025-08-06,ST04,P020,286
2025-08-06,ST04,P021,145
2025-08-06,ST04,P022,260
2025-08-06,ST04,P023,382
2025-08-06,ST04,P024,24
2025-08-06,ST04,P025,96
2025-08-06,ST04,P026,120
2025-08-06,ST04,P027,70
2025-08-06,ST04,P028,70
2025-08-06,ST04,P029,437
2025-08-06,ST04,P030,341
2025-08-06,ST05,P001,387
2025-08-06,ST05,P002,252
2025-08-06,ST05,P003,470
2025-08-06,ST05,P004,325
2025-08-06,ST05,P005,58
2025-08-06,ST05,P006,320
2025-08-06,ST05,P007,156
2025-08-06,ST05,P008,263
2025-08-06,ST05,P009,201
2025-08-06,ST05,P010,95
2025-08-06,ST05,P011,88
2025-08-06,ST05,P012,204
2025-08-06,ST05,P013,241
2025-08-06,ST05,P014,466
2025-08-06,ST05,P015,320
2025-08-06,ST05,P016,113
2025-08-06,ST05,P017,214
2025-08-06,ST05,P018,232
2025-08-06,ST05,P019,183
2025-08-06,ST05,P020,445
2025-08-06,ST05,P021,233
2025-08-06,ST05,P022,243
2025-08-06,ST05,P023,152
2025-08-06,ST05,P024,461
2025-08-06,ST05,P025,31
2025-08-06,ST05,P026,368
2025-08-06,ST05,P027,349
2025-08-06,ST05,P028,227
2025-08-06,ST05,P029,251
2025-08-06,ST05,P030,388
2025-08-07,ST01,P001,376
2025-08-07,ST01,P002,43
2025-08-07,ST01,P003,252
2025-08-07,ST01,P004,444
2025-08-07,ST01,P005,465
2025-08-07,ST01,P006,410
2025-08-07,ST01,P007,243
2025-08-07,ST01,P008,46
2025-08-07,ST01,P009,429
2025-08-07,ST01,P010,489
2025-08-07,ST01,P011,368
2025-08-07,ST01,P012,102
2025-08-07,ST01,P013,319
2025-08-07,ST01,P014,129
2025-08-07,ST01,P015,125
2025-08-07,ST01,P016,425
2025-08-07,ST01,P017,81
2025-08-07,ST01,P018,157
2025-08-07,ST01,P019,347
2025-08-07,ST01,P020,293
2025-08-07,ST01,P021,163
2025-08-07,ST01,P022,469
2025-08-07,ST01,P023,361
2025-08-07,ST01,P024,255
2025-08-07,ST01,P025,27
2025-08-07,ST01,P026,189
2025-08-07,ST01,P027,393
2025-08-07,ST01,P028,285
2025-08-07,ST01,P029,361
2025-08-07,ST01,P030,135
2025-08-07,ST02,P001,113
2025-08-07,ST02,P002,347
2025-08-07,ST02,P003,180
2025-08-07,ST02,P004,172
2025-08-07,ST02,P005,451
2025-08-07,ST02,P006,35
2025-08-07,ST02,P007,179
2025-08-07,ST02,P008,143
2025-08-07,ST02,P009,285
2025-08-07,ST02,P010,429
2025-08-07,ST02,P011,301
2025-08-07,ST02,P012,466
2025-08-07,ST02,P013,26
2025-08-07,ST02,P014,158
2025-08-07,ST02,P015,141
2025-08-07,ST02,P016,347
2025-08-07,ST02,P017,329
2025-08-07,ST02,P018,107
2025-08-07,ST02,P019,135
2025-08-07,ST02,P020,458
2025-08-07,ST02,P021,203
2025-08-07,ST02,P022,493
2025-08-07,ST02,P023,175
2025-08-07,ST02,P024,165
2025-08-07,ST02,P025,511
2025-08-07,ST02,P026,290
2025-08-07,ST02,P027,342
2025-08-07,ST02,P028,391
2025-08-07,ST02,P029,100
2025-08-07,ST02,P030,294
2025-08-07,ST03,P001,402
2025-08-07,ST03,P002,235
2025-08-07,ST03,P003,159
2025-08-07,ST03,P004,317
2025-08-07,ST03,P005,344
2025-08-07,ST03,P006,109
2025-08-07,ST03,P007,182
2025-08-07,ST03,P008,189
2025-08-07,ST03,P009,294
2025-08-07,ST03,P010,382
2025-08-07,ST03,P011,365
2025-08-07,ST03,P012,200
2025-08-07,ST03,P013,159
2025-08-07,ST03,P014,324
2025-08-07,ST03,P015,373
2025-08-07,ST03,P016,365
2025-08-07,ST03,P017,270
2025-08-07,ST03,P018,340
2025-08-07,ST03,P019,142
2025-08-07,ST03,P020,72
2025-08-07,ST03,P021,452
2025-08-07,ST03,P022,335
2025-08-07,ST03,P023,143
2025-08-07,ST03,P024,411
2025-08-07,ST03,P025,427
2025-08-07,ST03,P026,108
2025-08-07,ST03,P027,328
2025-08-07,ST03,P028,333
2025-08-07,ST03,P029,197
2025-08-07,ST03,P030,97
2025-08-07,ST04,P001,350
2025-08-07,ST04,P002,441
2025-08-07,ST04,P003,242
2025-08-07,ST04,P004,297
2025-08-07,ST04,P005,283
2025-08-07,ST04,P006,91
2025-08-07,ST04,P007,247
2025-08-07,ST04,P008,70
2025-08-07,ST04,P009,416
2025-08-07,ST04,P010,295
2025-08-07,ST04,P011,298
2025-08-07,ST04,P012,111
2025-08-07,ST04,P013,380
2025-08-07,ST04,P014,425
2025-08-07,ST04,P015,282
2025-08-07,ST04,P016,212
2025-08-07,ST04,P017,399
2025-08-07,ST04,P018,342
2025-08-07,ST04,P019,169
2025-08-07,ST04,P020,280
2025-08-07,ST04,P021,139
2025-08-07,ST04,P022,255
2025-08-07,ST04,P023,380
2025-08-07,ST04,P024,88
2025-08-07,ST04,P025,92
2025-08-07,ST04,P026,113
2025-08-07,ST04,P027,58
2025-08-07,ST04,P028,59
2025-08-07,ST04,P029,433
2025-08-07,ST04,P030,337
2025-08-07,ST05,P001,386
2025-08-07,ST05,P002,250
2025-08-07,ST05,P003,467
2025-08-07,ST05,P004,320
2025-08-07,ST05,P005,51
2025-08-07,ST05,P006,316
2025-08-07,ST05,P007,151
2025-08-07,ST05,P008,257
2025-08-07,ST05,P009,196
2025-08-07,ST05,P010,88
2025-08-07,ST05,P011,80
2025-08-07,ST05,P012,198
2025-08-07,ST05,P013,233
2025-08-07,ST05,P014,462
2025-08-07,ST05,P015,314
2025-08-07,ST05,P016,107
2025-08-07,ST05,P017,205
2025-08-07,ST05,P018,225
2025-08-07,ST05,P019,178
2025-08-07,ST05,P020,443
2025-08-07,ST05,P021,228
2025-08-07,ST05,P022,239
2025-08-07,ST05,P023,147
2025-08-07,ST05,P024,458
2025-08-07,ST05,P025,28
2025-08-07,ST05,P026,367
2025-08-07,ST05,P027,346
2025-08-07,ST05,P028,220
2025-08-07,ST05,P029,246
2025-08-07,ST05,P030,384
2025-08-08,ST01,P001,372
2025-08-08,ST01,P002,36
2025-08-08,ST01,P003,246
2025-08-08,ST01,P004,442
2025-08-08,ST01,P005,463
2025-08-08,ST01,P006,407
2025-08-08,ST01,P007,236
2025-08-08,ST01,P008,37
2025-08-08,ST01,P009,423
2025-08-08,ST01,P010,488
2025-08-08,ST01,P011,363
2025-08-08,ST01,P012,93
2025-08-08,ST01,P013,316
2025-08-08,ST01,P014,121
2025-08-08,ST01,P015,118
2025-08-08,ST01,P016,424
2025-08-08,ST01,P017,74
2025-08-08,ST01,P018,149
2025-08-08,ST01,P019,342
2025-08-08,ST01,P020,288
2025-08-08,ST01,P021,156
2025-08-08,ST01,P022,467
2025-08-08,ST01,P023,353
2025-08-08,ST01,P024,252
2025-08-08,ST01,P025,18
2025-08-08,ST01,P026,186
2025-08-08,ST01,P027,390
2025-08-08,ST01,P028,280
2025-08-08,ST01,P029,358
2025-08-08,ST01,P030,122
2025-08-08,ST02,P001,105
2025-08-08,ST02,P002,344
2025-08-08,ST02,P003,170
2025-08-08,ST02,P004,169
2025-08-08,ST02,P005,450
2025-08-08,ST02,P006,48
2025-08-08,ST02,P007,177
2025-08-08,ST02,P008,135
2025-08-08,ST02,P009,280
2025-08-08,ST02,P010,427
2025-08-08,ST02,P011,296
2025-08-08,ST02,P012,465
2025-08-08,ST02,P013,78
2025-08-08,ST02,P014,149
2025-08-08,ST02,P015,134
2025-08-08,ST02,P016,343
2025-08-08,ST02,P017,327
2025-08-08,ST02,P018,103
2025-08-08,ST02,P019,129
2025-08-08,ST02,P020,456
2025-08-08,ST02,P021,198
2025-08-08,ST02,P022,490
2025-08-08,ST02,P023,164
2025-08-08,ST02,P024,158
2025-08-08,ST02,P025,508
2025-08-08,ST02,P026,284
2025-08-08,ST02,P027,334
2025-08-08,ST02,P028,387
2025-08-08,ST02,P029,92
2025-08-08,ST02,P030,291
2025-08-08,ST03,P001,400
2025-08-08,ST03,P002,230
2025-08-08,ST03,P003,154
2025-08-08,ST03,P004,315
2025-08-08,ST03,P005,340
2025-08-08,ST03,P006,104
2025-08-08,ST03,P007,177
2025-08-08,ST03,P008,181
2025-08-08,ST03,P009,292
2025-08-08,ST03,P010,379
2025-08-08,ST03,P011,362
2025-08-08,ST03,P012,197
2025-08-08,ST03,P013,158
2025-08-08,ST03,P014,322
2025-08-08,ST03,P015,370
2025-08-08,ST03,P016,363
2025-08-08,ST03,P017,264
2025-08-08,ST03,P018,337
2025-08-08,ST03,P019,132
2025-08-08,ST03,P020,62
2025-08-08,ST03,P021,449
2025-08-08,ST03,P022,332
2025-08-08,ST03,P023,137
2025-08-08,ST03,P024,407
2025-08-08,ST03,P025,424
2025-08-08,ST03,P026,103
2025-08-08,ST03,P027,322
2025-08-08,ST03,P028,327
2025-08-08,ST03,P029,186
2025-08-08,ST03,P030,93
2025-08-08,ST04,P001,346
2025-08-08,ST04,P002,440
2025-08-08,ST04,P003,237
2025-08-08,ST04,P004,292
2025-08-08,ST04,P005,279
2025-08-08,ST04,P006,85
2025-08-08,ST04,P007,240
2025-08-08,ST04,P008,59
2025-08-08,ST04,P009,414
2025-08-08,ST04,P010,289
2025-08-08,ST04,P011,295
2025-08-08,ST04,P012,105
2025-08-08,ST04,P013,378
2025-08-08,ST04,P014,422
2025-08-08,ST04,P015,277
2025-08-08,ST04,P016,206
2025-08-08,ST04,P017,395
2025-08-08,ST04,P018,338
2025-08-08,ST04,P019,165
2025-08-08,ST04,P020,275
2025-08-08,ST04,P021,133
2025-08-08,ST04,P022,248
2025-08-08,ST04,P023,378
2025-08-08,ST04,P024,79
2025-08-08,ST04,P025,81
2025-08-08,ST04,P026,101
2025-08-08,ST04,P027,49
2025-08-08,ST04,P028,53
2025-08-08,ST04,P029,430
2025-08-08,ST04,P030,332
2025-08-08,ST05,P001,383
2025-08-08,ST05,P002,246
2025-08-08,ST05,P003,466
2025-08-08,ST05,P004,315
2025-08-08,ST05,P005,39
2025-08-08,ST05,P006,311
2025-08-08,ST05,P007,145
2025-08-08,ST05,P008,255
2025-08-08,ST05,P009,194
2025-08-08,ST05,P010,79
2025-08-08,ST05,P011,74
2025-08-08,ST05,P012,192
2025-08-08,ST05,P013,226
2025-08-08,ST05,P014,459
2025-08-08,ST05,P015,313
2025-08-08,ST05,P016,98
2025-08-08,ST05,P017,199
2025-08-08,ST05,P018,220
2025-08-08,ST05,P019,171
2025-08-08,ST05,P020,442
2025-08-08,ST05,P021,223
2025-08-08,ST05,P022,232
2025-08-08,ST05,P023,141
2025-08-08,ST05,P024,455
2025-08-08,ST05,P025,18
2025-08-08,ST05,P026,365
2025-08-08,ST05,P027,343
2025-08-08,ST05,P028,216
2025-08-08,ST05,P029,239
2025-08-08,ST05,P030,382
2025-08-09,ST01,P001,370
2025-08-09,ST01,P002,25
2025-08-09,ST01,P003,240
2025-08-09,ST01,P004,439
2025-08-09,ST01,P005,462
2025-08-09,ST01,P006,406
2025-08-09,ST01,P007,231
2025-08-09,ST01,P008,31
2025-08-09,ST01,P009,419
2025-08-09,ST01,P010,486
2025-08-09,ST01,P011,359
2025-08-09,ST01,P012,89
2025-08-09,ST01,P013,308
2025-08-09,ST01,P014,110
2025-08-09,ST01,P015,107
2025-08-09,ST01,P016,423
2025-08-09,ST01,P017,70
2025-08-09,ST01,P018,143
2025-08-09,ST01,P019,338
2025-08-09,ST01,P020,285
2025-08-09,ST01,P021,149
2025-08-09,ST01,P022,464
2025-08-09,ST01,P023,351
2025-08-09,ST01,P024,248
2025-08-09,ST01,P025,62
2025-08-09,ST01,P026,174
2025-08-09,ST01,P027,387
2025-08-09,ST01,P028,274
2025-08-09,ST01,P029,355
2025-08-09,ST01,P030,120
2025-08-09,ST02,P001,96
2025-08-09,ST02,P002,340
2025-08-09,ST02,P003,163
2025-08-09,ST02,P004,163
2025-08-09,ST02,P005,448
2025-08-09,ST02,P006,24
2025-08-09,ST02,P007,171
2025-08-09,ST02,P008,126
2025-08-09,ST02,P009,274
2025-08-09,ST02,P010,425
2025-08-09,ST02,P011,292
2025-08-09,ST02,P012,463
2025-08-09,ST02,P013,66
2025-08-09,ST02,P014,138
2025-08-09,ST02,P015,127
2025-08-09,ST02,P016,340
2025-08-09,ST02,P017,325
2025-08-09,ST02,P018,97
2025-08-09,ST02,P019,120
2025-08-09,ST02,P020,454
2025-08-09,ST02,P021,193
2025-08-09,ST02,P022,489
2025-08-09,ST02,P023,157
2025-08-09,ST02,P024,151
2025-08-09,ST02,P025,505
2025-08-09,ST02,P026,281
2025-08-09,ST02,P027,327
2025-08-09,ST02,P028,382
2025-08-09,ST02,P029,84
2025-08-09,ST02,P030,287
2025-08-09,ST03,P001,398
2025-08-09,ST03,P002,225
2025-08-09,ST03,P003,148
2025-08-09,ST03,P004,311
2025-08-09,ST03,P005,335
2025-08-09,ST03,P006,95
2025-08-09,ST03,P007,170
2025-08-09,ST03,P008,175
2025-08-09,ST03,P009,288
2025-08-09,ST03,P010,377
2025-08-09,ST03,P011,359
2025-08-09,ST03,P012,192
2025-08-09,ST03,P013,157
2025-08-09,ST03,P014,319
2025-08-09,ST03,P015,369
2025-08-09,ST03,P016,361
2025-08-09,ST03,P017,259
2025-08-09,ST03,P018,334
2025-08-09,ST03,P019,121
2025-08-09,ST03,P020,54
2025-08-09,ST03,P021,447
2025-08-09,ST03,P022,328
2025-08-09,ST03,P023,131
2025-08-09,ST03,P024,404
2025-08-09,ST03,P025,421
2025-08-09,ST03,P026,88
2025-08-09,ST03,P027,317
2025-08-09,ST03,P028,321
2025-08-09,ST03,P029,181
2025-08-09,ST03,P030,83
2025-08-09,ST04,P001,344
2025-08-09,ST04,P002,438
2025-08-09,ST04,P003,231
2025-08-09,ST04,P004,291
2025-08-09,ST04,P005,273
2025-08-09,ST04,P006,77
2025-08-09,ST04,P007,232
2025-08-09,ST04,P008,52
2025-08-09,ST04,P009,412
2025-08-09,ST04,P010,284
2025-08-09,ST04,P011,292
2025-08-09,ST04,P012,99
2025-08-09,ST04,P013,375
2025-08-09,ST04,P014,420
2025-08-09,ST04,P015,272
2025-08-09,ST04,P016,199
2025-08-09,ST04,P017,391
2025-08-09,ST04,P018,334
2025-08-09,ST04,P019,157
2025-08-09,ST04,P020,269
2025-08-09,ST04,P021,126
2025-08-09,ST04,P022,240
2025-08-09,ST04,P023,376
2025-08-09,ST04,P024,70
2025-08-09,ST04,P025,75
2025-08-09,ST04,P026,96
2025-08-09,ST04,P027,40
2025-08-09,ST04,P028,48
2025-08-09,ST04,P029,428
2025-08-09,ST04,P030,325
2025-08-09,ST05,P001,381
2025-08-09,ST05,P002,240
2025-08-09,ST05,P003,465
2025-08-09,ST05,P004,311
2025-08-09,ST05,P005,29
2025-08-09,ST05,P006,308
2025-08-09,ST05,P007,135
2025-08-09,ST05,P008,249
2025-08-09,ST05,P009,191
2025-08-09,ST05,P010,67
2025-08-09,ST05,P011,63
2025-08-09,ST05,P012,184
2025-08-09,ST05,P013,218
2025-08-09,ST05,P014,456
2025-08-09,ST05,P015,309
2025-08-09,ST05,P016,89
2025-08-09,ST05,P017,194
2025-08-09,ST05,P018,214
2025-08-09,ST05,P019,163
2025-08-09,ST05,P020,441
2025-08-09,ST05,P021,217
2025-08-09,ST05,P022,229
2025-08-09,ST05,P023,135
2025-08-09,ST05,P024,452
2025-08-09,ST05,P025,84
2025-08-09,ST05,P026,363
2025-08-09,ST05,P027,340
2025-08-09,ST05,P028,208
2025-08-09,ST05,P029,230
2025-08-09,ST05,P030,380
2025-08-10,ST01,P001,439
2025-08-10,ST01,P002,57
2025-08-10,ST01,P003,286
2025-08-10,ST01,P004,501
2025-08-10,ST01,P005,504
2025-08-10,ST01,P006,455
2025-08-10,ST01,P007,260
2025-08-10,ST01,P008,65
2025-08-10,ST01,P009,447
2025-08-10,ST01,P010,534
2025-08-10,ST01,P011,389
2025-08-10,ST01,P012,109
2025-08-10,ST01,P013,377
2025-08-10,ST01,P014,136
2025-08-10,ST01,P015,134
2025-08-10,ST01,P016,491
2025-08-10,ST01,P017,116
2025-08-10,ST01,P018,206
2025-08-10,ST01,P019,404
2025-08-10,ST01,P020,312
2025-08-10,ST01,P021,198
2025-08-10,ST01,P022,529
2025-08-10,ST01,P023,425
2025-08-10,ST01,P024,299
2025-08-10,ST01,P025,121
2025-08-10,ST01,P026,239
2025-08-10,ST01,P027,419
2025-08-10,ST01,P028,343
2025-08-10,ST01,P029,418
2025-08-10,ST01,P030,146
2025-08-10,ST02,P001,157
2025-08-10,ST02,P002,414
2025-08-10,ST02,P003,226
2025-08-10,ST02,P004,223
2025-08-10,ST02,P005,515
2025-08-10,ST02,P006,72
2025-08-10,ST02,P007,194
2025-08-10,ST02,P008,199
2025-08-10,ST02,P009,337
2025-08-10,ST02,P010,462
2025-08-10,ST02,P011,317
2025-08-10,ST02,P012,511
2025-08-10,ST02,P013,90
2025-08-10,ST02,P014,189
2025-08-10,ST02,P015,178
2025-08-10,ST02,P016,387
2025-08-10,ST02,P017,368
2025-08-10,ST02,P018,150
2025-08-10,ST02,P019,190
2025-08-10,ST02,P020,511
2025-08-10,ST02,P021,240
2025-08-10,ST02,P022,549
2025-08-10,ST02,P023,190
2025-08-10,ST02,P024,182
2025-08-10,ST02,P025,576
2025-08-10,ST02,P026,316
2025-08-10,ST02,P027,381
2025-08-10,ST02,P028,454
2025-08-10,ST02,P029,140
2025-08-10,ST02,P030,341
2025-08-10,ST03,P001,448
2025-08-10,ST03,P002,279
2025-08-10,ST03,P003,198
2025-08-10,ST03,P004,352
2025-08-10,ST03,P005,375
2025-08-10,ST03,P006,144
2025-08-10,ST03,P007,197
2025-08-10,ST03,P008,210
2025-08-10,ST03,P009,314
2025-08-10,ST03,P010,441
2025-08-10,ST03,P011,409
2025-08-10,ST03,P012,233
2025-08-10,ST03,P013,204
2025-08-10,ST03,P014,348
2025-08-10,ST03,P015,422
2025-08-10,ST03,P016,392
2025-08-10,ST03,P017,297
2025-08-10,ST03,P018,401
2025-08-10,ST03,P019,141
2025-08-10,ST03,P020,120
2025-08-10,ST03,P021,513
2025-08-10,ST03,P022,385
2025-08-10,ST03,P023,198
2025-08-10,ST03,P024,479
2025-08-10,ST03,P025,472
2025-08-10,ST03,P026,111
2025-08-10,ST03,P027,388
2025-08-10,ST03,P028,395
2025-08-10,ST03,P029,207
2025-08-10,ST03,P030,127
2025-08-10,ST04,P001,399
2025-08-10,ST04,P002,506
2025-08-10,ST04,P003,291
2025-08-10,ST04,P004,335
2025-08-10,ST04,P005,336
2025-08-10,ST04,P006,147
2025-08-10,ST04,P007,272
2025-08-10,ST04,P008,118
2025-08-10,ST04,P009,485
2025-08-10,ST04,P010,329
2025-08-10,ST04,P011,346
2025-08-10,ST04,P012,148
2025-08-10,ST04,P013,405
2025-08-10,ST04,P014,460
2025-08-10,ST04,P015,342
2025-08-10,ST04,P016,243
2025-08-10,ST04,P017,433
2025-08-10,ST04,P018,398
2025-08-10,ST04,P019,189
2025-08-10,ST04,P020,333
2025-08-10,ST04,P021,148
2025-08-10,ST04,P022,287
2025-08-10,ST04,P023,425
2025-08-10,ST04,P024,118
2025-08-10,ST04,P025,137
2025-08-10,ST04,P026,148
2025-08-10,ST04,P027,68
2025-08-10,ST04,P028,113
2025-08-10,ST04,P029,495
2025-08-10,ST04,P030,350
2025-08-10,ST05,P001,421
2025-08-10,ST05,P002,308
2025-08-10,ST05,P003,539
2025-08-10,ST05,P004,351
2025-08-10,ST05,P005,64
2025-08-10,ST05,P006,380
2025-08-10,ST05,P007,161
2025-08-10,ST05,P008,299
2025-08-10,ST05,P009,225
2025-08-10,ST05,P010,126
2025-08-10,ST05,P011,97
2025-08-10,ST05,P012,224
2025-08-10,ST05,P013,258
2025-08-10,ST05,P014,500
2025-08-10,ST05,P015,367
2025-08-10,ST05,P016,134
2025-08-10,ST05,P017,261
2025-08-10,ST05,P018,272
2025-08-10,ST05,P019,199
2025-08-10,ST05,P020,471
2025-08-10,ST05,P021,248
2025-08-10,ST05,P022,288
2025-08-10,ST05,P023,191
2025-08-10,ST05,P024,502
2025-08-10,ST05,P025,126
2025-08-10,ST05,P026,405
2025-08-10,ST05,P027,403
2025-08-10,ST05,P028,275
2025-08-10,ST05,P029,302
2025-08-10,ST05,P030,420
2025-08-11,ST01,P001,436
2025-08-11,ST01,P002,45
2025-08-11,ST01,P003,280
2025-08-11,ST01,P004,499
2025-08-11,ST01,P005,502
2025-08-11,ST01,P006,453
2025-08-11,ST01,P007,252
2025-08-11,ST01,P008,55
2025-08-11,ST01,P009,443
2025-08-11,ST01,P010,532
2025-08-11,ST01,P011,385
2025-08-11,ST01,P012,100
2025-08-11,ST01,P013,372
2025-08-11,ST01,P014,131
2025-08-11,ST01,P015,126
2025-08-11,ST01,P016,489
2025-08-11,ST01,P017,111
2025-08-11,ST01,P018,199
2025-08-11,ST01,P019,399
2025-08-11,ST01,P020,309
2025-08-11,ST01,P021,190
2025-08-11,ST01,P022,527
2025-08-11,ST01,P023,421
2025-08-11,ST01,P024,294
2025-08-11,ST01,P025,108
2025-08-11,ST01,P026,230
2025-08-11,ST01,P027,417
2025-08-11,ST01,P028,337
2025-08-11,ST01,P029,416
2025-08-11,ST01,P030,137
2025-08-11,ST02,P001,148
2025-08-11,ST02,P002,411
2025-08-11,ST02,P003,221
2025-08-11,ST02,P004,216
2025-08-11,ST02,P005,513
2025-08-11,ST02,P006,57
2025-08-11,ST02,P007,185
2025-08-11,ST02,P008,192
2025-08-11,ST02,P009,331
2025-08-11,ST02,P010,462
2025-08-11,ST02,P011,314
2025-08-11,ST02,P012,509
2025-08-11,ST02,P013,81
2025-08-11,ST02,P014,187
2025-08-11,ST02,P015,171
2025-08-11,ST02,P016,383
2025-08-11,ST02,P017,367
2025-08-11,ST02,P018,142
2025-08-11,ST02,P019,176
2025-08-11,ST02,P020,510
2025-08-11,ST02,P021,234
2025-08-11,ST02,P022,547
2025-08-11,ST02,P023,179
2025-08-11,ST02,P024,175
2025-08-11,ST02,P025,573
2025-08-11,ST02,P026,310
2025-08-11,ST02,P027,371
2025-08-11,ST02,P028,451
2025-08-11,ST02,P029,133
2025-08-11,ST02,P030,334
2025-08-11,ST03,P001,445
2025-08-11,ST03,P002,275
2025-08-11,ST03,P003,191
2025-08-11,ST03,P004,349
2025-08-11,ST03,P005,370
2025-08-11,ST03,P006,131
2025-08-11,ST03,P007,191
2025-08-11,ST03,P008,205
2025-08-11,ST03,P009,309
2025-08-11,ST03,P010,438
2025-08-11,ST03,P011,405
2025-08-11,ST03,P012,228
2025-08-11,ST03,P013,204
2025-08-11,ST03,P014,346
2025-08-11,ST03,P015,420
2025-08-11,ST03,P016,389
2025-08-11,ST03,P017,292
2025-08-11,ST03,P018,397
2025-08-11,ST03,P019,134
2025-08-11,ST03,P020,115
2025-08-11,ST03,P021,510
2025-08-11,ST03,P022,382
2025-08-11,ST03,P023,190
2025-08-11,ST03,P024,477
2025-08-11,ST03,P025,469
2025-08-11,ST03,P026,104
2025-08-11,ST03,P027,380
2025-08-11,ST03,P028,388
2025-08-11,ST03,P029,197
2025-08-11,ST03,P030,117
2025-08-11,ST04,P001,395
2025-08-11,ST04,P002,505
2025-08-11,ST04,P003,286
2025-08-11,ST04,P004,332
2025-08-11,ST04,P005,331
2025-08-11,ST04,P006,140
2025-08-11,ST04,P007,269
2025-08-11,ST04,P008,109
2025-08-11,ST04,P009,483
2025-08-11,ST04,P010,325
2025-08-11,ST04,P011,344
2025-08-11,ST04,P012,143
2025-08-11,ST04,P013,402
2025-08-11,ST04,P014,456
2025-08-11,ST04,P015,336
2025-08-11,ST04,P016,240
2025-08-11,ST04,P017,429
2025-08-11,ST04,P018,397
2025-08-11,ST04,P019,181
2025-08-11,ST04,P020,329
2025-08-11,ST04,P021,139
2025-08-11,ST04,P022,280
2025-08-11,ST04,P023,424
2025-08-11,ST04,P024,108
2025-08-11,ST04,P025,131
2025-08-11,ST04,P026,142
2025-08-11,ST04,P027,60
2025-08-11,ST04,P028,103
2025-08-11,ST04,P029,492
2025-08-11,ST04,P030,345
2025-08-11,ST05,P001,417
2025-08-11,ST05,P002,304
2025-08-11,ST05,P003,537
2025-08-11,ST05,P004,345
2025-08-11,ST05,P005,54
2025-08-11,ST05,P006,378
2025-08-11,ST05,P007,151
2025-08-11,ST05,P008,293
2025-08-11,ST05,P009,218
2025-08-11,ST05,P010,114
2025-08-11,ST05,P011,88
2025-08-11,ST05,P012,219
2025-08-11,ST05,P013,252
2025-08-11,ST05,P014,496
2025-08-11,ST05,P015,364
2025-08-11,ST05,P016,123
2025-08-11,ST05,P017,260
2025-08-11,ST05,P018,266
2025-08-11,ST05,P019,195
2025-08-11,ST05,P020,468
2025-08-11,ST05,P021,243
2025-08-11,ST05,P022,282
2025-08-11,ST05,P023,185
2025-08-11,ST05,P024,500
2025-08-11,ST05,P025,116
2025-08-11,ST05,P026,404
2025-08-11,ST05,P027,401
2025-08-11,ST05,P028,268
2025-08-11,ST05,P029,297
2025-08-11,ST05,P030,416
2025-08-12,ST01,P001,434
2025-08-12,ST01,P002,32
2025-08-12,ST01,P003,273
2025-08-12,ST01,P004,497
2025-08-12,ST01,P005,501
2025-08-12,ST01,P006,450
2025-08-12,ST01,P007,245
2025-08-12,ST01,P008,46
2025-08-12,ST01,P009,437
2025-08-12,ST01,P010,530
2025-08-12,ST01,P011,380
2025-08-12,ST01,P012,86
2025-08-12,ST01,P013,367
2025-08-12,ST01,P014,125
2025-08-12,ST01,P015,116
2025-08-12,ST01,P016,487
2025-08-12,ST01,P017,102
2025-08-12,ST01,P018,191
2025-08-12,ST01,P019,396
2025-08-12,ST01,P020,304
2025-08-12,ST01,P021,184
2025-08-12,ST01,P022,525
2025-08-12,ST01,P023,417
2025-08-12,ST01,P024,288
2025-08-12,ST01,P025,98
2025-08-12,ST01,P026,225
2025-08-12,ST01,P027,413
2025-08-12,ST01,P028,330
2025-08-12,ST01,P029,412
2025-08-12,ST01,P030,128
2025-08-12,ST02,P001,142
2025-08-12,ST02,P002,408
2025-08-12,ST02,P003,215
2025-08-12,ST02,P004,210
2025-08-12,ST02,P005,510
2025-08-12,ST02,P006,41
2025-08-12,ST02,P007,179
2025-08-12,ST02,P008,184
2025-08-12,ST02,P009,326
2025-08-12,ST02,P010,461
2025-08-12,ST02,P011,311
2025-08-12,ST02,P012,507
2025-08-12,ST02,P013,69
2025-08-12,ST02,P014,180
2025-08-12,ST02,P015,163
2025-08-12,ST02,P016,377
2025-08-12,ST02,P017,365
2025-08-12,ST02,P018,137
2025-08-12,ST02,P019,170
2025-08-12,ST02,P020,508
2025-08-12,ST02,P021,228
2025-08-12,ST02,P022,545
2025-08-12,ST02,P023,168
2025-08-12,ST02,P024,163
2025-08-12,ST02,P025,572
2025-08-12,ST02,P026,307
2025-08-12,ST02,P027,369
2025-08-12,ST02,P028,446
2025-08-12,ST02,P029,120
2025-08-12,ST02,P030,328
2025-08-12,ST03,P001,442
2025-08-12,ST03,P002,271
2025-08-12,ST03,P003,179
2025-08-12,ST03,P004,346
2025-08-12,ST03,P005,366
2025-08-12,ST03,P006,118
2025-08-12,ST03,P007,182
2025-08-12,ST03,P008,202
2025-08-12,ST03,P009,304
2025-08-12,ST03,P010,435
2025-08-12,ST03,P011,402
2025-08-12,ST03,P012,223
2025-08-12,ST03,P013,204
2025-08-12,ST03,P014,342
2025-08-12,ST03,P015,416
2025-08-12,ST03,P016,387
2025-08-12,ST03,P017,285
2025-08-12,ST03,P018,395
2025-08-12,ST03,P019,130
2025-08-12,ST03,P020,106
2025-08-12,ST03,P021,509
2025-08-12,ST03,P022,378
2025-08-12,ST03,P023,183
2025-08-12,ST03,P024,475
2025-08-12,ST03,P025,467
2025-08-12,ST03,P026,99
2025-08-12,ST03,P027,372
2025-08-12,ST03,P028,384
2025-08-12,ST03,P029,190
2025-08-12,ST03,P030,107
2025-08-12,ST04,P001,391
2025-08-12,ST04,P002,503
2025-08-12,ST04,P003,280
2025-08-12,ST04,P004,327
2025-08-12,ST04,P005,329
2025-08-12,ST04,P006,136
2025-08-12,ST04,P007,263
2025-08-12,ST04,P008,98
2025-08-12,ST04,P009,480
2025-08-12,ST04,P010,320
2025-08-12,ST04,P011,339
2025-08-12,ST04,P012,134
2025-08-12,ST04,P013,399
2025-08-12,ST04,P014,455
2025-08-12,ST04,P015,333
2025-08-12,ST04,P016,236
2025-08-12,ST04,P017,426
2025-08-12,ST04,P018,393
2025-08-12,ST04,P019,172
2025-08-12,ST04,P020,324
2025-08-12,ST04,P021,132
2025-08-12,ST04,P022,273
2025-08-12,ST04,P023,423
2025-08-12,ST04,P024,98
2025-08-12,ST04,P025,123
2025-08-12,ST04,P026,135
2025-08-12,ST04,P027,53
2025-08-12,ST04,P028,98
2025-08-12,ST04,P029,489
2025-08-12,ST04,P030,339
2025-08-12,ST05,P001,412
2025-08-12,ST05,P002,302
2025-08-12,ST05,P003,536
2025-08-12,ST05,P004,342
2025-08-12,ST05,P005,46
2025-08-12,ST05,P006,374
2025-08-12,ST05,P007,142
2025-08-12,ST05,P008,288
2025-08-12,ST05,P009,214
2025-08-12,ST05,P010,103
2025-08-12,ST05,P011,79
2025-08-12,ST05,P012,214
2025-08-12,ST05,P013,246
2025-08-12,ST05,P014,494
2025-08-12,ST05,P015,361
2025-08-12,ST05,P016,112
2025-08-12,ST05,P017,254
2025-08-12,ST05,P018,260
2025-08-12,ST05,P019,185
2025-08-12,ST05,P020,466
2025-08-12,ST05,P021,238
2025-08-12,ST05,P022,277
2025-08-12,ST05,P023,176
2025-08-12,ST05,P024,498
2025-08-12,ST05,P025,111
2025-08-12,ST05,P026,403
2025-08-12,ST05,P027,398
2025-08-12,ST05,P028,261
2025-08-12,ST05,P029,288
2025-08-12,ST05,P030,413
2025-08-13,ST01,P001,431
2025-08-13,ST01,P002,22
2025-08-13,ST01,P003,267
2025-08-13,ST01,P004,496
2025-08-13,ST01,P005,500
2025-08-13,ST01,P006,447
2025-08-13,ST01,P007,239
2025-08-13,ST01,P008,41
2025-08-13,ST01,P009,433
2025-08-13,ST01,P010,528
2025-08-13,ST01,P011,376
2025-08-13,ST01,P012,76
2025-08-13,ST01,P013,358
2025-08-13,ST01,P014,121
2025-08-13,ST01,P015,108
2025-08-13,ST01,P016,486
2025-08-13,ST01,P017,97
2025-08-13,ST01,P018,185
2025-08-13,ST01,P019,389
2025-08-13,ST01,P020,301
2025-08-13,ST01,P021,181
2025-08-13,ST01,P022,522
2025-08-13,ST01,P023,415
2025-08-13,ST01,P024,282
2025-08-13,ST01,P025,88
2025-08-13,ST01,P026,215
2025-08-13,ST01,P027,410
2025-08-13,ST01,P028,325
2025-08-13,ST01,P029,410
2025-08-13,ST01,P030,119
2025-08-13,ST02,P001,132
2025-08-13,ST02,P002,405
2025-08-13,ST02,P003,212
2025-08-13,ST02,P004,208
2025-08-13,ST02,P005,508
2025-08-13,ST02,P006,85
2025-08-13,ST02,P007,173
2025-08-13,ST02,P008,174
2025-08-13,ST02,P009,321
2025-08-13,ST02,P010,460
2025-08-13,ST02,P011,308
2025-08-13,ST02,P012,506
2025-08-13,ST02,P013,57
2025-08-13,ST02,P014,171
2025-08-13,ST02,P015,154
2025-08-13,ST02,P016,372
2025-08-13,ST02,P017,364
2025-08-13,ST02,P018,134
2025-08-13,ST02,P019,158
2025-08-13,ST02,P020,506
2025-08-13,ST02,P021,222
2025-08-13,ST02,P022,544
2025-08-13,ST02,P023,162
2025-08-13,ST02,P024,156
2025-08-13,ST02,P025,569
2025-08-13,ST02,P026,303
2025-08-13,ST02,P027,364
2025-08-13,ST02,P028,443
2025-08-13,ST02,P029,116
2025-08-13,ST02,P030,323
2025-08-13,ST03,P001,439
2025-08-13,ST03,P002,265
2025-08-13,ST03,P003,172
2025-08-13,ST03,P004,343
2025-08-13,ST03,P005,363
2025-08-13,ST03,P006,110
2025-08-13,ST03,P007,176
2025-08-13,ST03,P008,199
2025-08-13,ST03,P009,299
2025-08-13,ST03,P010,432
2025-08-13,ST03,P011,400
2025-08-13,ST03,P012,219
2025-08-13,ST03,P013,203
2025-08-13,ST03,P014,341
2025-08-13,ST03,P015,411
2025-08-13,ST03,P016,386
2025-08-13,ST03,P017,279
2025-08-13,ST03,P018,390
2025-08-13,ST03,P019,118
2025-08-13,ST03,P020,96
2025-08-13,ST03,P021,507
2025-08-13,ST03,P022,376
2025-08-13,ST03,P023,179
2025-08-13,ST03,P024,472
2025-08-13,ST03,P025,465
2025-08-13,ST03,P026,88
2025-08-13,ST03,P027,363
2025-08-13,ST03,P028,380
2025-08-13,ST03,P029,186
2025-08-13,ST03,P030,100
2025-08-13,ST04,P001,390
2025-08-13,ST04,P002,502
2025-08-13,ST04,P003,276
2025-08-13,ST04,P004,324
2025-08-13,ST04,P005,324
2025-08-13,ST04,P006,130
2025-08-13,ST04,P007,255
2025-08-13,ST04,P008,94
2025-08-13,ST04,P009,478
2025-08-13,ST04,P010,316
2025-08-13,ST04,P011,337
2025-08-13,ST04,P012,123
2025-08-13,ST04,P013,396
2025-08-13,ST04,P014,453
2025-08-13,ST04,P015,328
2025-08-13,ST04,P016,232
2025-08-13,ST04,P017,421
2025-08-13,ST04,P018,391
2025-08-13,ST04,P019,168
2025-08-13,ST04,P020,320
2025-08-13,ST04,P021,124
2025-08-13,ST04,P022,269
2025-08-13,ST04,P023,421
2025-08-13,ST04,P024,90
2025-08-13,ST04,P025,115
2025-08-13,ST04,P026,123
2025-08-13,ST04,P027,45
2025-08-13,ST04,P028,88
2025-08-13,ST04,P029,487
2025-08-13,ST04,P030,335
2025-08-13,ST05,P001,409
2025-08-13,ST05,P002,300
2025-08-13,ST05,P003,534
2025-08-13,ST05,P004,339
2025-08-13,ST05,P005,38
2025-08-13,ST05,P006,371
2025-08-13,ST05,P007,136
2025-08-13,ST05,P008,283
2025-08-13,ST05,P009,209
2025-08-13,ST05,P010,94
2025-08-13,ST05,P011,68
2025-08-13,ST05,P012,207
2025-08-13,ST05,P013,235
2025-08-13,ST05,P014,491
2025-08-13,ST05,P015,359
2025-08-13,ST05,P016,105
2025-08-13,ST05,P017,249
2025-08-13,ST05,P018,252
2025-08-13,ST05,P019,180
2025-08-13,ST05,P020,464
2025-08-13,ST05,P021,233
2025-08-13,ST05,P022,274
2025-08-13,ST05,P023,166
2025-08-13,ST05,P024,494
2025-08-13,ST05,P025,100
2025-08-13,ST05,P026,400
2025-08-13,ST05,P027,395
2025-08-13,ST05,P028,256
2025-08-13,ST05,P029,281
2025-08-13,ST05,P030,408
2025-08-14,ST01,P001,428
2025-08-14,ST01,P002,44
2025-08-14,ST01,P003,262
2025-08-14,ST01,P004,493
2025-08-14,ST01,P005,498
2025-08-14,ST01,P006,447
2025-08-14,ST01,P007,235
2025-08-14,ST01,P008,32
2025-08-14,ST01,P009,428
2025-08-14,ST01,P010,526
2025-08-14,ST01,P011,370
2025-08-14,ST01,P012,63
2025-08-14,ST01,P013,353
2025-08-14,ST01,P014,110
2025-08-14,ST01,P015,98
2025-08-14,ST01,P016,485
2025-08-14,ST01,P017,89
2025-08-14,ST01,P018,176
2025-08-14,ST01,P019,382
2025-08-14,ST01,P020,296
2025-08-14,ST01,P021,170
2025-08-14,ST01,P022,520
2025-08-14,ST01,P023,411
2025-08-14,ST01,P024,276
2025-08-14,ST01,P025,79
2025-08-14,ST01,P026,205
2025-08-14,ST01,P027,406
2025-08-14,ST01,P028,322
2025-08-14,ST01,P029,408
2025-08-14,ST01,P030,113
2025-08-14,ST02,P001,129
2025-08-14,ST02,P002,401
2025-08-14,ST02,P003,203
2025-08-14,ST02,P004,204
2025-08-14,ST02,P005,505
2025-08-14,ST02,P006,73
2025-08-14,ST02,P007,169
2025-08-14,ST02,P008,167
2025-08-14,ST02,P009,315
2025-08-14,ST02,P010,458
2025-08-14,ST02,P011,305
2025-08-14,ST02,P012,504
2025-08-14,ST02,P013,49
2025-08-14,ST02,P014,162
2025-08-14,ST02,P015,149
2025-08-14,ST02,P016,369
2025-08-14,ST02,P017,362
2025-08-14,ST02,P018,131
2025-08-14,ST02,P019,149
2025-08-14,ST02,P020,504
2025-08-14,ST02,P021,218
2025-08-14,ST02,P022,542
2025-08-14,ST02,P023,155
2025-08-14,ST02,P024,145
2025-08-14,ST02,P025,567
2025-08-14,ST02,P026,300
2025-08-14,ST02,P027,358
2025-08-14,ST02,P028,438
2025-08-14,ST02,P029,109
2025-08-14,ST02,P030,318
2025-08-14,ST03,P001,437
2025-08-14,ST03,P002,261
2025-08-14,ST03,P003,164
2025-08-14,ST03,P004,340
2025-08-14,ST03,P005,359
2025-08-14,ST03,P006,102
2025-08-14,ST03,P007,168
2025-08-14,ST03,P008,195
2025-08-14,ST03,P009,293
2025-08-14,ST03,P010,429
2025-08-14,ST03,P011,398
2025-08-14,ST03,P012,216
2025-08-14,ST03,P013,203
2025-08-14,ST03,P014,338
2025-08-14,ST03,P015,408
2025-08-14,ST03,P016,384
2025-08-14,ST03,P017,274
2025-08-14,ST03,P018,387
2025-08-14,ST03,P019,109
2025-08-14,ST03,P020,87
2025-08-14,ST03,P021,505
2025-08-14,ST03,P022,372
2025-08-14,ST03,P023,172
2025-08-14,ST03,P024,468
2025-08-14,ST03,P025,463
2025-08-14,ST03,P026,81
2025-08-14,ST03,P027,357
2025-08-14,ST03,P028,376
2025-08-14,ST03,P029,176
2025-08-14,ST03,P030,95
2025-08-14,ST04,P001,387
2025-08-14,ST04,P002,499
2025-08-14,ST04,P003,272
2025-08-14,ST04,P004,320
2025-08-14,ST04,P005,316
2025-08-14,ST04,P006,123
2025-08-14,ST04,P007,250
2025-08-14,ST04,P008,87
2025-08-14,ST04,P009,475
2025-08-14,ST04,P010,310
2025-08-14,ST04,P011,336
2025-08-14,ST04,P012,116
2025-08-14,ST04,P013,393
2025-08-14,ST04,P014,448
2025-08-14,ST04,P015,323
2025-08-14,ST04,P016,226
2025-08-14,ST04,P017,418
2025-08-14,ST04,P018,388
2025-08-14,ST04,P019,166
2025-08-14,ST04,P020,314
2025-08-14,ST04,P021,113
2025-08-14,ST04,P022,264
2025-08-14,ST04,P023,420
2025-08-14,ST04,P024,74
2025-08-14,ST04,P025,109
2025-08-14,ST04,P026,114
2025-08-14,ST04,P027,34
2025-08-14,ST04,P028,79
2025-08-14,ST04,P029,485
2025-08-14,ST04,P030,327
2025-08-14,ST05,P001,407
2025-08-14,ST05,P002,295
2025-08-14,ST05,P003,532
2025-08-14,ST05,P004,335
2025-08-14,ST05,P005,28
2025-08-14,ST05,P006,369
2025-08-14,ST05,P007,128
2025-08-14,ST05,P008,276
2025-08-14,ST05,P009,205
2025-08-14,ST05,P010,82
2025-08-14,ST05,P011,57
2025-08-14,ST05,P012,200
2025-08-14,ST05,P013,230
2025-08-14,ST05,P014,489
2025-08-14,ST05,P015,355
2025-08-14,ST05,P016,95
2025-08-14,ST05,P017,243
2025-08-14,ST05,P018,249
2025-08-14,ST05,P019,171
2025-08-14,ST05,P020,463
2025-08-14,ST05,P021,225
2025-08-14,ST05,P022,265
2025-08-14,ST05,P023,155
2025-08-14,ST05,P024,491
2025-08-14,ST05,P025,90
2025-08-14,ST05,P026,399
2025-08-14,ST05,P027,392
2025-08-14,ST05,P028,246
2025-08-14,ST05,P029,278
2025-08-14,ST05,P030,404
2025-08-15,ST01,P001,425
2025-08-15,ST01,P002,34
2025-08-15,ST01,P003,257
2025-08-15,ST01,P004,490
2025-08-15,ST01,P005,496
2025-08-15,ST01,P006,445
2025-08-15,ST01,P007,230
2025-08-15,ST01,P008,80
2025-08-15,ST01,P009,420
2025-08-15,ST01,P010,524
2025-08-15,ST01,P011,364
2025-08-15,ST01,P012,53
2025-08-15,ST01,P013,348
2025-08-15,ST01,P014,102
2025-08-15,ST01,P015,92
2025-08-15,ST01,P016,483
2025-08-15,ST01,P017,82
2025-08-15,ST01,P018,171
2025-08-15,ST01,P019,377
2025-08-15,ST01,P020,293
2025-08-15,ST01,P021,163
2025-08-15,ST01,P022,518
2025-08-15,ST01,P023,407
2025-08-15,ST01,P024,270
2025-08-15,ST01,P025,74
2025-08-15,ST01,P026,198
2025-08-15,ST01,P027,402
2025-08-15,ST01,P028,319
2025-08-15,ST01,P029,406
2025-08-15,ST01,P030,104
2025-08-15,ST02,P001,120
2025-08-15,ST02,P002,397
2025-08-15,ST02,P003,197
2025-08-15,ST02,P004,202
2025-08-15,ST02,P005,504
2025-08-15,ST02,P006,61
2025-08-15,ST02,P007,161
2025-08-15,ST02,P008,161
2025-08-15,ST02,P009,313
2025-08-15,ST02,P010,456
2025-08-15,ST02,P011,301
2025-08-15,ST02,P012,503
2025-08-15,ST02,P013,37
2025-08-15,ST02,P014,154
2025-08-15,ST02,P015,141
2025-08-15,ST02,P016,365
2025-08-15,ST02,P017,360
2025-08-15,ST02,P018,120
2025-08-15,ST02,P019,142
2025-08-15,ST02,P020,502
2025-08-15,ST02,P021,216
2025-08-15,ST02,P022,540
2025-08-15,ST02,P023,142
2025-08-15,ST02,P024,135
2025-08-15,ST02,P025,565
2025-08-15,ST02,P026,298
2025-08-15,ST02,P027,351
2025-08-15,ST02,P028,436
2025-08-15,ST02,P029,104
2025-08-15,ST02,P030,314
2025-08-15,ST03,P001,435
2025-08-15,ST03,P002,255
2025-08-15,ST03,P003,160
2025-08-15,ST03,P004,337
2025-08-15,ST03,P005,357
2025-08-15,ST03,P006,95
2025-08-15,ST03,P007,162
2025-08-15,ST03,P008,191
2025-08-15,ST03,P009,287
2025-08-15,ST03,P010,428
2025-08-15,ST03,P011,395
2025-08-15,ST03,P012,214
2025-08-15,ST03,P013,202
2025-08-15,ST03,P014,335
2025-08-15,ST03,P015,405
2025-08-15,ST03,P016,383
2025-08-15,ST03,P017,267
2025-08-15,ST03,P018,383
2025-08-15,ST03,P019,100
2025-08-15,ST03,P020,77
2025-08-15,ST03,P021,502
2025-08-15,ST03,P022,366
2025-08-15,ST03,P023,166
2025-08-15,ST03,P024,464
2025-08-15,ST03,P025,460
2025-08-15,ST03,P026,73
2025-08-15,ST03,P027,352
2025-08-15,ST03,P028,372
2025-08-15,ST03,P029,167
2025-08-15,ST03,P030,91
2025-08-15,ST04,P001,384
2025-08-15,ST04,P002,497
2025-08-15,ST04,P003,266
2025-08-15,ST04,P004,315
2025-08-15,ST04,P005,316
2025-08-15,ST04,P006,119
2025-08-15,ST04,P007,240
2025-08-15,ST04,P008,79
2025-08-15,ST04,P009,473
2025-08-15,ST04,P010,304
2025-08-15,ST04,P011,332
2025-08-15,ST04,P012,106
2025-08-15,ST04,P013,389
2025-08-15,ST04,P014,445
2025-08-15,ST04,P015,317
2025-08-15,ST04,P016,220
2025-08-15,ST04,P017,414
2025-08-15,ST04,P018,384
2025-08-15,ST04,P019,162
2025-08-15,ST04,P020,309
2025-08-15,ST04,P021,107
2025-08-15,ST04,P022,259
2025-08-15,ST04,P023,418
2025-08-15,ST04,P024,66
2025-08-15,ST04,P025,98
2025-08-15,ST04,P026,103
2025-08-15,ST04,P027,101
2025-08-15,ST04,P028,74
2025-08-15,ST04,P029,482
2025-08-15,ST04,P030,321
2025-08-15,ST05,P001,403
2025-08-15,ST05,P002,289
2025-08-15,ST05,P003,531
2025-08-15,ST05,P004,330
2025-08-15,ST05,P005,20
2025-08-15,ST05,P006,368
2025-08-15,ST05,P007,119
2025-08-15,ST05,P008,272
2025-08-15,ST05,P009,201
2025-08-15,ST05,P010,70
2025-08-15,ST05,P011,48
2025-08-15,ST05,P012,194
2025-08-15,ST05,P013,224
2025-08-15,ST05,P014,486
2025-08-15,ST05,P015,350
2025-08-15,ST05,P016,89
2025-08-15,ST05,P017,237
2025-08-15,ST05,P018,245
2025-08-15,ST05,P019,165
2025-08-15,ST05,P020,461
2025-08-15,ST05,P021,217
2025-08-15,ST05,P022,263
2025-08-15,ST05,P023,144
2025-08-15,ST05,P024,489
2025-08-15,ST05,P025,83
2025-08-15,ST05,P026,397
2025-08-15,ST05,P027,389
2025-08-15,ST05,P028,239
2025-08-15,ST05,P029,269
2025-08-15,ST05,P030,400
2025-08-16,ST01,P001,422
2025-08-16,ST01,P002,25
2025-08-16,ST01,P003,251
2025-08-16,ST01,P004,487
2025-08-16,ST01,P005,493
2025-08-16,ST01,P006,442
2025-08-16,ST01,P007,221
2025-08-16,ST01,P008,74
2025-08-16,ST01,P009,415
2025-08-16,ST01,P010,522
2025-08-16,ST01,P011,359
2025-08-16,ST01,P012,44
2025-08-16,ST01,P013,340
2025-08-16,ST01,P014,95
2025-08-16,ST01,P015,79
2025-08-16,ST01,P016,481
2025-08-16,ST01,P017,74
2025-08-16,ST01,P018,165
2025-08-16,ST01,P019,371
2025-08-16,ST01,P020,290
2025-08-16,ST01,P021,154
2025-08-16,ST01,P022,517
2025-08-16,ST01,P023,402
2025-08-16,ST01,P024,265
2025-08-16,ST01,P025,67
2025-08-16,ST01,P026,189
2025-08-16,ST01,P027,398
2025-08-16,ST01,P028,316
2025-08-16,ST01,P029,402
2025-08-16,ST01,P030,91
2025-08-16,ST02,P001,115
2025-08-16,ST02,P002,393
2025-08-16,ST02,P003,192
2025-08-16,ST02,P004,196
2025-08-16,ST02,P005,501
2025-08-16,ST02,P006,25
2025-08-16,ST02,P007,156
2025-08-16,ST02,P008,156
2025-08-16,ST02,P009,306
2025-08-16,ST02,P010,455
2025-08-16,ST02,P011,297
2025-08-16,ST02,P012,501
2025-08-16,ST02,P013,31
2025-08-16,ST02,P014,146
2025-08-16,ST02,P015,139
2025-08-16,ST02,P016,361
2025-08-16,ST02,P017,358
2025-08-16,ST02,P018,112
2025-08-16,ST02,P019,139
2025-08-16,ST02,P020,499
2025-08-16,ST02,P021,210
2025-08-16,ST02,P022,538
2025-08-16,ST02,P023,135
2025-08-16,ST02,P024,127
2025-08-16,ST02,P025,562
2025-08-16,ST02,P026,294
2025-08-16,ST02,P027,345
2025-08-16,ST02,P028,431
2025-08-16,ST02,P029,99
2025-08-16,ST02,P030,311
2025-08-16,ST03,P001,432
2025-08-16,ST03,P002,250
2025-08-16,ST03,P003,150
2025-08-16,ST03,P004,334
2025-08-16,ST03,P005,353
2025-08-16,ST03,P006,87
2025-08-16,ST03,P007,155
2025-08-16,ST03,P008,187
2025-08-16,ST03,P009,280
2025-08-16,ST03,P010,426
2025-08-16,ST03,P011,391
2025-08-16,ST03,P012,209
2025-08-16,ST03,P013,201
2025-08-16,ST03,P014,331
2025-08-16,ST03,P015,401
2025-08-16,ST03,P016,380
2025-08-16,ST03,P017,261
2025-08-16,ST03,P018,378
2025-08-16,ST03,P019,91
2025-08-16,ST03,P020,71
2025-08-16,ST03,P021,500
2025-08-16,ST03,P022,362
2025-08-16,ST03,P023,157
2025-08-16,ST03,P024,460
2025-08-16,ST03,P025,458
2025-08-16,ST03,P026,67
2025-08-16,ST03,P027,344
2025-08-16,ST03,P028,368
2025-08-16,ST03,P029,158
2025-08-16,ST03,P030,83
2025-08-16,ST04,P001,382
2025-08-16,ST04,P002,494
2025-08-16,ST04,P003,260
2025-08-16,ST04,P004,312
2025-08-16,ST04,P005,311
2025-08-16,ST04,P006,112
2025-08-16,ST04,P007,231
2025-08-16,ST04,P008,70
2025-08-16,ST04,P009,471
2025-08-16,ST04,P010,300
2025-08-16,ST04,P011,329
2025-08-16,ST04,P012,96
2025-08-16,ST04,P013,386
2025-08-16,ST04,P014,443
2025-08-16,ST04,P015,312
2025-08-16,ST04,P016,215
2025-08-16,ST04,P017,411
2025-08-16,ST04,P018,380
2025-08-16,ST04,P019,154
2025-08-16,ST04,P020,304
2025-08-16,ST04,P021,96
2025-08-16,ST04,P022,254
2025-08-16,ST04,P023,417
2025-08-16,ST04,P024,54
2025-08-16,ST04,P025,95
2025-08-16,ST04,P026,92
2025-08-16,ST04,P027,93
2025-08-16,ST04,P028,66
2025-08-16,ST04,P029,481
2025-08-16,ST04,P030,315
2025-08-16,ST05,P001,400
2025-08-16,ST05,P002,283
2025-08-16,ST05,P003,530
2025-08-16,ST05,P004,326
2025-08-16,ST05,P005,73
2025-08-16,ST05,P006,365
2025-08-16,ST05,P007,112
2025-08-16,ST05,P008,270
2025-08-16,ST05,P009,196
2025-08-16,ST05,P010,60
2025-08-16,ST05,P011,35
2025-08-16,ST05,P012,185
2025-08-16,ST05,P013,217
2025-08-16,ST05,P014,483
2025-08-16,ST05,P015,345
2025-08-16,ST05,P016,79
2025-08-16,ST05,P017,231
2025-08-16,ST05,P018,240
2025-08-16,ST05,P019,158
2025-08-16,ST05,P020,459
2025-08-16,ST05,P021,212
2025-08-16,ST05,P022,259
2025-08-16,ST05,P023,133
2025-08-16,ST05,P024,487
2025-08-16,ST05,P025,78
2025-08-16,ST05,P026,395
2025-08-16,ST05,P027,385
2025-08-16,ST05,P028,235
2025-08-16,ST05,P029,261
2025-08-16,ST05,P030,396
2025-08-17,ST01,P001,452
2025-08-17,ST01,P002,96
2025-08-17,ST01,P003,277
2025-08-17,ST01,P004,565
2025-08-17,ST01,P005,530
2025-08-17,ST01,P006,509
2025-08-17,ST01,P007,252
2025-08-17,ST01,P008,121
2025-08-17,ST01,P009,471
2025-08-17,ST01,P010,571
2025-08-17,ST01,P011,420
2025-08-17,ST01,P012,85
2025-08-17,ST01,P013,405
2025-08-17,ST01,P014,132
2025-08-17,ST01,P015,119
2025-08-17,ST01,P016,550
2025-08-17,ST01,P017,118
2025-08-17,ST01,P018,204
2025-08-17,ST01,P019,427
2025-08-17,ST01,P020,364
2025-08-17,ST01,P021,222
2025-08-17,ST01,P022,566
2025-08-17,ST01,P023,477
2025-08-17,ST01,P024,314
2025-08-17,ST01,P025,123
2025-08-17,ST01,P026,219
2025-08-17,ST01,P027,429
2025-08-17,ST01,P028,345
2025-08-17,ST01,P029,452
2025-08-17,ST01,P030,132
2025-08-17,ST02,P001,145
2025-08-17,ST02,P002,451
2025-08-17,ST02,P003,246
2025-08-17,ST02,P004,229
2025-08-17,ST02,P005,577
2025-08-17,ST02,P006,31
2025-08-17,ST02,P007,213
2025-08-17,ST02,P008,213
2025-08-17,ST02,P009,363
2025-08-17,ST02,P010,517
2025-08-17,ST02,P011,356
2025-08-17,ST02,P012,543
2025-08-17,ST02,P013,66
2025-08-17,ST02,P014,199
2025-08-17,ST02,P015,199
2025-08-17,ST02,P016,426
2025-08-17,ST02,P017,434
2025-08-17,ST02,P018,180
2025-08-17,ST02,P019,196
2025-08-17,ST02,P020,553
2025-08-17,ST02,P021,259
2025-08-17,ST02,P022,584
2025-08-17,ST02,P023,186
2025-08-17,ST02,P024,178
2025-08-17,ST02,P025,609
2025-08-17,ST02,P026,319
2025-08-17,ST02,P027,409
2025-08-17,ST02,P028,476
2025-08-17,ST02,P029,158
2025-08-17,ST02,P030,338
2025-08-17,ST03,P001,467
2025-08-17,ST03,P002,304
2025-08-17,ST03,P003,186
2025-08-17,ST03,P004,387
2025-08-17,ST03,P005,404
2025-08-17,ST03,P006,149
2025-08-17,ST03,P007,181
2025-08-17,ST03,P008,224
2025-08-17,ST03,P009,328
2025-08-17,ST03,P010,461
2025-08-17,ST03,P011,461
2025-08-17,ST03,P012,246
2025-08-17,ST03,P013,248
2025-08-17,ST03,P014,405
2025-08-17,ST03,P015,461
2025-08-17,ST03,P016,426
2025-08-17,ST03,P017,326
2025-08-17,ST03,P018,435
2025-08-17,ST03,P019,119
2025-08-17,ST03,P020,125
2025-08-17,ST03,P021,532
2025-08-17,ST03,P022,438
2025-08-17,ST03,P023,196
2025-08-17,ST03,P024,489
2025-08-17,ST03,P025,494
2025-08-17,ST03,P026,125
2025-08-17,ST03,P027,415
2025-08-17,ST03,P028,437
2025-08-17,ST03,P029,197
2025-08-17,ST03,P030,121
2025-08-17,ST04,P001,455
2025-08-17,ST04,P002,560
2025-08-17,ST04,P003,298
2025-08-17,ST04,P004,380
2025-08-17,ST04,P005,365
2025-08-17,ST04,P006,161
2025-08-17,ST04,P007,303
2025-08-17,ST04,P008,108
2025-08-17,ST04,P009,514
2025-08-17,ST04,P010,367
2025-08-17,ST04,P011,372
2025-08-17,ST04,P012,140
2025-08-17,ST04,P013,443
2025-08-17,ST04,P014,485
2025-08-17,ST04,P015,365
2025-08-17,ST04,P016,283
2025-08-17,ST04,P017,483
2025-08-17,ST04,P018,434
2025-08-17,ST04,P019,204
2025-08-17,ST04,P020,368
2025-08-17,ST04,P021,147
2025-08-17,ST04,P022,281
2025-08-17,ST04,P023,496
2025-08-17,ST04,P024,118
2025-08-17,ST04,P025,121
2025-08-17,ST04,P026,162
2025-08-17,ST04,P027,159
2025-08-17,ST04,P028,123
2025-08-17,ST04,P029,556
2025-08-17,ST04,P030,341
2025-08-17,ST05,P001,457
2025-08-17,ST05,P002,343
2025-08-17,ST05,P003,583
2025-08-17,ST05,P004,392
2025-08-17,ST05,P005,95
2025-08-17,ST05,P006,406
2025-08-17,ST05,P007,156
2025-08-17,ST05,P008,301
2025-08-17,ST05,P009,223
2025-08-17,ST05,P010,125
2025-08-17,ST05,P011,83
2025-08-17,ST05,P012,251
2025-08-17,ST05,P013,258
2025-08-17,ST05,P014,526
2025-08-17,ST05,P015,401
2025-08-17,ST05,P016,144
2025-08-17,ST05,P017,304
2025-08-17,ST05,P018,275
2025-08-17,ST05,P019,215
2025-08-17,ST05,P020,527
2025-08-17,ST05,P021,259
2025-08-17,ST05,P022,331
2025-08-17,ST05,P023,158
2025-08-17,ST05,P024,537
2025-08-17,ST05,P025,115
2025-08-17,ST05,P026,442
2025-08-17,ST05,P027,458
2025-08-17,ST05,P028,265
2025-08-17,ST05,P029,317
2025-08-17,ST05,P030,463
2025-08-18,ST01,P001,448
2025-08-18,ST01,P002,85
2025-08-18,ST01,P003,272
2025-08-18,ST01,P004,562
2025-08-18,ST01,P005,529
2025-08-18,ST01,P006,506
2025-08-18,ST01,P007,243
2025-08-18,ST01,P008,116
2025-08-18,ST01,P009,465
2025-08-18,ST01,P010,569
2025-08-18,ST01,P011,414
2025-08-18,ST01,P012,74
2025-08-18,ST01,P013,397
2025-08-18,ST01,P014,125
2025-08-18,ST01,P015,115
2025-08-18,ST01,P016,549
2025-08-18,ST01,P017,113
2025-08-18,ST01,P018,198
2025-08-18,ST01,P019,422
2025-08-18,ST01,P020,361
2025-08-18,ST01,P021,214
2025-08-18,ST01,P022,563
2025-08-18,ST01,P023,471
2025-08-18,ST01,P024,310
2025-08-18,ST01,P025,115
2025-08-18,ST01,P026,207
2025-08-18,ST01,P027,427
2025-08-18,ST01,P028,340
2025-08-18,ST01,P029,449
2025-08-18,ST01,P030,124
2025-08-18,ST02,P001,133
2025-08-18,ST02,P002,448
2025-08-18,ST02,P003,239
2025-08-18,ST02,P004,224
2025-08-18,ST02,P005,575
2025-08-18,ST02,P006,55
2025-08-18,ST02,P007,208
2025-08-18,ST02,P008,205
2025-08-18,ST02,P009,360
2025-08-18,ST02,P010,516
2025-08-18,ST02,P011,352
2025-08-18,ST02,P012,541
2025-08-18,ST02,P013,54
2025-08-18,ST02,P014,197
2025-08-18,ST02,P015,191
2025-08-18,ST02,P016,421
2025-08-18,ST02,P017,432
2025-08-18,ST02,P018,173
2025-08-18,ST02,P019,185
2025-08-18,ST02,P020,551
2025-08-18,ST02,P021,252
2025-08-18,ST02,P022,582
2025-08-18,ST02,P023,178
2025-08-18,ST02,P024,173
2025-08-18,ST02,P025,607
2025-08-18,ST02,P026,315
2025-08-18,ST02,P027,406
2025-08-18,ST02,P028,471
2025-08-18,ST02,P029,153
2025-08-18,ST02,P030,334
2025-08-18,ST03,P001,462
2025-08-18,ST03,P002,301
2025-08-18,ST03,P003,179
2025-08-18,ST03,P004,385
2025-08-18,ST03,P005,398
2025-08-18,ST03,P006,141
2025-08-18,ST03,P007,175
2025-08-18,ST03,P008,218
2025-08-18,ST03,P009,320
2025-08-18,ST03,P010,460
2025-08-18,ST03,P011,458
2025-08-18,ST03,P012,241
2025-08-18,ST03,P013,247
2025-08-18,ST03,P014,402
2025-08-18,ST03,P015,456
2025-08-18,ST03,P016,425
2025-08-18,ST03,P017,320
2025-08-18,ST03,P018,431
2025-08-18,ST03,P019,106
2025-08-18,ST03,P020,112
2025-08-18,ST03,P021,530
2025-08-18,ST03,P022,436
2025-08-18,ST03,P023,191
2025-08-18,ST03,P024,486
2025-08-18,ST03,P025,491
2025-08-18,ST03,P026,120
2025-08-18,ST03,P027,410
2025-08-18,ST03,P028,434
2025-08-18,ST03,P029,191
2025-08-18,ST03,P030,116
2025-08-18,ST04,P001,451
2025-08-18,ST04,P002,558
2025-08-18,ST04,P003,294
2025-08-18,ST04,P004,376
2025-08-18,ST04,P005,361
2025-08-18,ST04,P006,156
2025-08-18,ST04,P007,301
2025-08-18,ST04,P008,97
2025-08-18,ST04,P009,511
2025-08-18,ST04,P010,361
2025-08-18,ST04,P011,368
2025-08-18,ST04,P012,132
2025-08-18,ST04,P013,441
2025-08-18,ST04,P014,481
2025-08-18,ST04,P015,359
2025-08-18,ST04,P016,277
2025-08-18,ST04,P017,478
2025-08-18,ST04,P018,430
2025-08-18,ST04,P019,201
2025-08-18,ST04,P020,365
2025-08-18,ST04,P021,140
2025-08-18,ST04,P022,278
2025-08-18,ST04,P023,495
2025-08-18,ST04,P024,109
2025-08-18,ST04,P025,107
2025-08-18,ST04,P026,156
2025-08-18,ST04,P027,150
2025-08-18,ST04,P028,113
2025-08-18,ST04,P029,554
2025-08-18,ST04,P030,336
2025-08-18,ST05,P001,454
2025-08-18,ST05,P002,337
2025-08-18,ST05,P003,580
2025-08-18,ST05,P004,390
2025-08-18,ST05,P005,84
2025-08-18,ST05,P006,401
2025-08-18,ST05,P007,149
2025-08-18,ST05,P008,297
2025-08-18,ST05,P009,216
2025-08-18,ST05,P010,116
2025-08-18,ST05,P011,75
2025-08-18,ST05,P012,247
2025-08-18,ST05,P013,247
2025-08-18,ST05,P014,522
2025-08-18,ST05,P015,398
2025-08-18,ST05,P016,137
2025-08-18,ST05,P017,299
2025-08-18,ST05,P018,272
2025-08-18,ST05,P019,208
2025-08-18,ST05,P020,524
2025-08-18,ST05,P021,253
2025-08-18,ST05,P022,327
2025-08-18,ST05,P023,149
2025-08-18,ST05,P024,533
2025-08-18,ST05,P025,108
2025-08-18,ST05,P026,440
2025-08-18,ST05,P027,453
2025-08-18,ST05,P028,257
2025-08-18,ST05,P029,315
2025-08-18,ST05,P030,461
2025-08-19,ST01,P001,446
2025-08-19,ST01,P002,74
2025-08-19,ST01,P003,267
2025-08-19,ST01,P004,560
2025-08-19,ST01,P005,527
2025-08-19,ST01,P006,503
2025-08-19,ST01,P007,239
2025-08-19,ST01,P008,106
2025-08-19,ST01,P009,459
2025-08-19,ST01,P010,568
2025-08-19,ST01,P011,409
2025-08-19,ST01,P012,63
2025-08-19,ST01,P013,391
2025-08-19,ST01,P014,109
2025-08-19,ST01,P015,109
2025-08-19,ST01,P016,548
2025-08-19,ST01,P017,106
2025-08-19,ST01,P018,194
2025-08-19,ST01,P019,414
2025-08-19,ST01,P020,357
2025-08-19,ST01,P021,207
2025-08-19,ST01,P022,561
2025-08-19,ST01,P023,467
2025-08-19,ST01,P024,304
2025-08-19,ST01,P025,103
2025-08-19,ST01,P026,200
2025-08-19,ST01,P027,422
2025-08-19,ST01,P028,335
2025-08-19,ST01,P029,444
2025-08-19,ST01,P030,115
2025-08-19,ST02,P001,129
2025-08-19,ST02,P002,445
2025-08-19,ST02,P003,232
2025-08-19,ST02,P004,218
2025-08-19,ST02,P005,573
2025-08-19,ST02,P006,36
2025-08-19,ST02,P007,202
2025-08-19,ST02,P008,196
2025-08-19,ST02,P009,352
2025-08-19,ST02,P010,515
2025-08-19,ST02,P011,349
2025-08-19,ST02,P012,540
2025-08-19,ST02,P013,42
2025-08-19,ST02,P014,191
2025-08-19,ST02,P015,182
2025-08-19,ST02,P016,418
2025-08-19,ST02,P017,429
2025-08-19,ST02,P018,161
2025-08-19,ST02,P019,176
2025-08-19,ST02,P020,549
2025-08-19,ST02,P021,251
2025-08-19,ST02,P022,580
2025-08-19,ST02,P023,167
2025-08-19,ST02,P024,167
2025-08-19,ST02,P025,605
2025-08-19,ST02,P026,309
2025-08-19,ST02,P027,401
2025-08-19,ST02,P028,467
2025-08-19,ST02,P029,150
2025-08-19,ST02,P030,330
2025-08-19,ST03,P001,460
2025-08-19,ST03,P002,295
2025-08-19,ST03,P003,167
2025-08-19,ST03,P004,382
2025-08-19,ST03,P005,392
2025-08-19,ST03,P006,134
2025-08-19,ST03,P007,170
2025-08-19,ST03,P008,214
2025-08-19,ST03,P009,315
2025-08-19,ST03,P010,457
2025-08-19,ST03,P011,456
2025-08-19,ST03,P012,237
2025-08-19,ST03,P013,247
2025-08-19,ST03,P014,398
2025-08-19,ST03,P015,453
2025-08-19,ST03,P016,423
2025-08-19,ST03,P017,315
2025-08-19,ST03,P018,427
2025-08-19,ST03,P019,93
2025-08-19,ST03,P020,107
2025-08-19,ST03,P021,527
2025-08-19,ST03,P022,435
2025-08-19,ST03,P023,185
2025-08-19,ST03,P024,485
2025-08-19,ST03,P025,488
2025-08-19,ST03,P026,110
2025-08-19,ST03,P027,405
2025-08-19,ST03,P028,430
2025-08-19,ST03,P029,186
2025-08-19,ST03,P030,109
2025-08-19,ST04,P001,449
2025-08-19,ST04,P002,556
2025-08-19,ST04,P003,290
2025-08-19,ST04,P004,372
2025-08-19,ST04,P005,357
2025-08-19,ST04,P006,147
2025-08-19,ST04,P007,293
2025-08-19,ST04,P008,82
2025-08-19,ST04,P009,509
2025-08-19,ST04,P010,356
2025-08-19,ST04,P011,364
2025-08-19,ST04,P012,124
2025-08-19,ST04,P013,437
2025-08-19,ST04,P014,477
2025-08-19,ST04,P015,355
2025-08-19,ST04,P016,273
2025-08-19,ST04,P017,473
2025-08-19,ST04,P018,427
2025-08-19,ST04,P019,192
2025-08-19,ST04,P020,362
2025-08-19,ST04,P021,133
2025-08-19,ST04,P022,272
2025-08-19,ST04,P023,493
2025-08-19,ST04,P024,101
2025-08-19,ST04,P025,103
2025-08-19,ST04,P026,150
2025-08-19,ST04,P027,145
2025-08-19,ST04,P028,106
2025-08-19,ST04,P029,551
2025-08-19,ST04,P030,333
2025-08-19,ST05,P001,450
2025-08-19,ST05,P002,332
2025-08-19,ST05,P003,577
2025-08-19,ST05,P004,383
2025-08-19,ST05,P005,70
2025-08-19,ST05,P006,397
2025-08-19,ST05,P007,139
2025-08-19,ST05,P008,294
2025-08-19,ST05,P009,212
2025-08-19,ST05,P010,108
2025-08-19,ST05,P011,69
2025-08-19,ST05,P012,239
2025-08-19,ST05,P013,239
2025-08-19,ST05,P014,520
2025-08-19,ST05,P015,392
2025-08-19,ST05,P016,130
2025-08-19,ST05,P017,293
2025-08-19,ST05,P018,267
2025-08-19,ST05,P019,200
2025-08-19,ST05,P020,522
2025-08-19,ST05,P021,247
2025-08-19,ST05,P022,322
2025-08-19,ST05,P023,140
2025-08-19,ST05,P024,531
2025-08-19,ST05,P025,101
2025-08-19,ST05,P026,439
2025-08-19,ST05,P027,449
2025-08-19,ST05,P028,251
2025-08-19,ST05,P029,307
2025-08-19,ST05,P030,459
2025-08-20,ST01,P001,440
2025-08-20,ST01,P002,66
2025-08-20,ST01,P003,261
2025-08-20,ST01,P004,558
2025-08-20,ST01,P005,525
2025-08-20,ST01,P006,501
2025-08-20,ST01,P007,232
2025-08-20,ST01,P008,97
2025-08-20,ST01,P009,456
2025-08-20,ST01,P010,567
2025-08-20,ST01,P011,406
2025-08-20,ST01,P012,52
2025-08-20,ST01,P013,384
2025-08-20,ST01,P014,103
2025-08-20,ST01,P015,100
2025-08-20,ST01,P016,545
2025-08-20,ST01,P017,99
2025-08-20,ST01,P018,189
2025-08-20,ST01,P019,409
2025-08-20,ST01,P020,355
2025-08-20,ST01,P021,202
2025-08-20,ST01,P022,558
2025-08-20,ST01,P023,460
2025-08-20,ST01,P024,301
2025-08-20,ST01,P025,98
2025-08-20,ST01,P026,192
2025-08-20,ST01,P027,419
2025-08-20,ST01,P028,331
2025-08-20,ST01,P029,441
2025-08-20,ST01,P030,109
2025-08-20,ST02,P001,122
2025-08-20,ST02,P002,442
2025-08-20,ST02,P003,226
2025-08-20,ST02,P004,213
2025-08-20,ST02,P005,570
2025-08-20,ST02,P006,60
2025-08-20,ST02,P007,197
2025-08-20,ST02,P008,189
2025-08-20,ST02,P009,347
2025-08-20,ST02,P010,515
2025-08-20,ST02,P011,345
2025-08-20,ST02,P012,539
2025-08-20,ST02,P013,34
2025-08-20,ST02,P014,181
2025-08-20,ST02,P015,173
2025-08-20,ST02,P016,415
2025-08-20,ST02,P017,427
2025-08-20,ST02,P018,155
2025-08-20,ST02,P019,166
2025-08-20,ST02,P020,547
2025-08-20,ST02,P021,243
2025-08-20,ST02,P022,577
2025-08-20,ST02,P023,159
2025-08-20,ST02,P024,157
2025-08-20,ST02,P025,602
2025-08-20,ST02,P026,304
2025-08-20,ST02,P027,395
2025-08-20,ST02,P028,463
2025-08-20,ST02,P029,143
2025-08-20,ST02,P030,325
2025-08-20,ST03,P001,457
2025-08-20,ST03,P002,290
2025-08-20,ST03,P003,162
2025-08-20,ST03,P004,379
2025-08-20,ST03,P005,388
2025-08-20,ST03,P006,128
2025-08-20,ST03,P007,163
2025-08-20,ST03,P008,211
2025-08-20,ST03,P009,314
2025-08-20,ST03,P010,455
2025-08-20,ST03,P011,453
2025-08-20,ST03,P012,235
2025-08-20,ST03,P013,247
2025-08-20,ST03,P014,395
2025-08-20,ST03,P015,449
2025-08-20,ST03,P016,420
2025-08-20,ST03,P017,309
2025-08-20,ST03,P018,423
2025-08-20,ST03,P019,90
2025-08-20,ST03,P020,98
2025-08-20,ST03,P021,524
2025-08-20,ST03,P022,431
2025-08-20,ST03,P023,176
2025-08-20,ST03,P024,482
2025-08-20,ST03,P025,485
2025-08-20,ST03,P026,98
2025-08-20,ST03,P027,401
2025-08-20,ST03,P028,423
2025-08-20,ST03,P029,176
2025-08-20,ST03,P030,101
2025-08-20,ST04,P001,445
2025-08-20,ST04,P002,555
2025-08-20,ST04,P003,285
2025-08-20,ST04,P004,367
2025-08-20,ST04,P005,353
2025-08-20,ST04,P006,141
2025-08-20,ST04,P007,286
2025-08-20,ST04,P008,72
2025-08-20,ST04,P009,507
2025-08-20,ST04,P010,352
2025-08-20,ST04,P011,360
2025-08-20,ST04,P012,120
2025-08-20,ST04,P013,434
2025-08-20,ST04,P014,474
2025-08-20,ST04,P015,348
2025-08-20,ST04,P016,270
2025-08-20,ST04,P017,469
2025-08-20,ST04,P018,424
2025-08-20,ST04,P019,181
2025-08-20,ST04,P020,357
2025-08-20,ST04,P021,129
2025-08-20,ST04,P022,268
2025-08-20,ST04,P023,491
2025-08-20,ST04,P024,93
2025-08-20,ST04,P025,96
2025-08-20,ST04,P026,141
2025-08-20,ST04,P027,135
2025-08-20,ST04,P028,101
2025-08-20,ST04,P029,549
2025-08-20,ST04,P030,329
2025-08-20,ST05,P001,447
2025-08-20,ST05,P002,329
2025-08-20,ST05,P003,575
2025-08-20,ST05,P004,379
2025-08-20,ST05,P005,63
2025-08-20,ST05,P006,393
2025-08-20,ST05,P007,128
2025-08-20,ST05,P008,289
2025-08-20,ST05,P009,210
2025-08-20,ST05,P010,99
2025-08-20,ST05,P011,65
2025-08-20,ST05,P012,232
2025-08-20,ST05,P013,232
2025-08-20,ST05,P014,517
2025-08-20,ST05,P015,389
2025-08-20,ST05,P016,128
2025-08-20,ST05,P017,288
2025-08-20,ST05,P018,261
2025-08-20,ST05,P019,191
2025-08-20,ST05,P020,519
2025-08-20,ST05,P021,242
2025-08-20,ST05,P022,316
2025-08-20,ST05,P023,130
2025-08-20,ST05,P024,528
2025-08-20,ST05,P025,89
2025-08-20,ST05,P026,438
2025-08-20,ST05,P027,446
2025-08-20,ST05,P028,245
2025-08-20,ST05,P029,301
2025-08-20,ST05,P030,456
2025-08-21,ST01,P001,438
2025-08-21,ST01,P002,54
2025-08-21,ST01,P003,257
2025-08-21,ST01,P004,556
2025-08-21,ST01,P005,523
2025-08-21,ST01,P006,499
2025-08-21,ST01,P007,227
2025-08-21,ST01,P008,87
2025-08-21,ST01,P009,450
2025-08-21,ST01,P010,564
2025-08-21,ST01,P011,402
2025-08-21,ST01,P012,39
2025-08-21,ST01,P013,382
2025-08-21,ST01,P014,97
2025-08-21,ST01,P015,93
2025-08-21,ST01,P016,544
2025-08-21,ST01,P017,94
2025-08-21,ST01,P018,181
2025-08-21,ST01,P019,402
2025-08-21,ST01,P020,353
2025-08-21,ST01,P021,197
2025-08-21,ST01,P022,555
2025-08-21,ST01,P023,456
2025-08-21,ST01,P024,295
2025-08-21,ST01,P025,92
2025-08-21,ST01,P026,185
2025-08-21,ST01,P027,413
2025-08-21,ST01,P028,328
2025-08-21,ST01,P029,438
2025-08-21,ST01,P030,103
2025-08-21,ST02,P001,113
2025-08-21,ST02,P002,437
2025-08-21,ST02,P003,218
2025-08-21,ST02,P004,209
2025-08-21,ST02,P005,567
2025-08-21,ST02,P006,41
2025-08-21,ST02,P007,191
2025-08-21,ST02,P008,182
2025-08-21,ST02,P009,341
2025-08-21,ST02,P010,513
2025-08-21,ST02,P011,339
2025-08-21,ST02,P012,536
2025-08-21,ST02,P013,27
2025-08-21,ST02,P014,177
2025-08-21,ST02,P015,167
2025-08-21,ST02,P016,412
2025-08-21,ST02,P017,425
2025-08-21,ST02,P018,148
2025-08-21,ST02,P019,158
2025-08-21,ST02,P020,544
2025-08-21,ST02,P021,238
2025-08-21,ST02,P022,576
2025-08-21,ST02,P023,155
2025-08-21,ST02,P024,150
2025-08-21,ST02,P025,599
2025-08-21,ST02,P026,301
2025-08-21,ST02,P027,390
2025-08-21,ST02,P028,460
2025-08-21,ST02,P029,134
2025-08-21,ST02,P030,320
2025-08-21,ST03,P001,452
2025-08-21,ST03,P002,284
2025-08-21,ST03,P003,154
2025-08-21,ST03,P004,377
2025-08-21,ST03,P005,382
2025-08-21,ST03,P006,116
2025-08-21,ST03,P007,159
2025-08-21,ST03,P008,204
2025-08-21,ST03,P009,307
2025-08-21,ST03,P010,453
2025-08-21,ST03,P011,449
2025-08-21,ST03,P012,230
2025-08-21,ST03,P013,247
2025-08-21,ST03,P014,390
2025-08-21,ST03,P015,447
2025-08-21,ST03,P016,418
2025-08-21,ST03,P017,302
2025-08-21,ST03,P018,419
2025-08-21,ST03,P019,81
2025-08-21,ST03,P020,91
2025-08-21,ST03,P021,522
2025-08-21,ST03,P022,428
2025-08-21,ST03,P023,166
2025-08-21,ST03,P024,478
2025-08-21,ST03,P025,483
2025-08-21,ST03,P026,88
2025-08-21,ST03,P027,397
2025-08-21,ST03,P028,420
2025-08-21,ST03,P029,169
2025-08-21,ST03,P030,89
2025-08-21,ST04,P001,442
2025-08-21,ST04,P002,552
2025-08-21,ST04,P003,277
2025-08-21,ST04,P004,363
2025-08-21,ST04,P005,348
2025-08-21,ST04,P006,134
2025-08-21,ST04,P007,278
2025-08-21,ST04,P008,65
2025-08-21,ST04,P009,506
2025-08-21,ST04,P010,347
2025-08-21,ST04,P011,359
2025-08-21,ST04,P012,116
2025-08-21,ST04,P013,431
2025-08-21,ST04,P014,470
2025-08-21,ST04,P015,345
2025-08-21,ST04,P016,266
2025-08-21,ST04,P017,464
2025-08-21,ST04,P018,420
2025-08-21,ST04,P019,174
2025-08-21,ST04,P020,353
2025-08-21,ST04,P021,122
2025-08-21,ST04,P022,262
2025-08-21,ST04,P023,489
2025-08-21,ST04,P024,83
2025-08-21,ST04,P025,91
2025-08-21,ST04,P026,135
2025-08-21,ST04,P027,125
2025-08-21,ST04,P028,94
2025-08-21,ST04,P029,544
2025-08-21,ST04,P030,325
2025-08-21,ST05,P001,443
2025-08-21,ST05,P002,323
2025-08-21,ST05,P003,573
2025-08-21,ST05,P004,372
2025-08-21,ST05,P005,54
2025-08-21,ST05,P006,390
2025-08-21,ST05,P007,118
2025-08-21,ST05,P008,284
2025-08-21,ST05,P009,207
2025-08-21,ST05,P010,93
2025-08-21,ST05,P011,53
2025-08-21,ST05,P012,226
2025-08-21,ST05,P013,225
2025-08-21,ST05,P014,513
2025-08-21,ST05,P015,383
2025-08-21,ST05,P016,120
2025-08-21,ST05,P017,281
2025-08-21,ST05,P018,255
2025-08-21,ST05,P019,182
2025-08-21,ST05,P020,516
2025-08-21,ST05,P021,237
2025-08-21,ST05,P022,312
2025-08-21,ST05,P023,120
2025-08-21,ST05,P024,525
2025-08-21,ST05,P025,82
2025-08-21,ST05,P026,434
2025-08-21,ST05,P027,444
2025-08-21,ST05,P028,241
2025-08-21,ST05,P029,295
2025-08-21,ST05,P030,453
2025-08-22,ST01,P001,433
2025-08-22,ST01,P002,49
2025-08-22,ST01,P003,250
2025-08-22,ST01,P004,554
2025-08-22,ST01,P005,521
2025-08-22,ST01,P006,496
2025-08-22,ST01,P007,223
2025-08-22,ST01,P008,79
2025-08-22,ST01,P009,446
2025-08-22,ST01,P010,562
2025-08-22,ST01,P011,399
2025-08-22,ST01,P012,28
2025-08-22,ST01,P013,382
2025-08-22,ST01,P014,89
2025-08-22,ST01,P015,88
2025-08-22,ST01,P016,542
2025-08-22,ST01,P017,86
2025-08-22,ST01,P018,173
2025-08-22,ST01,P019,397
2025-08-22,ST01,P020,349
2025-08-22,ST01,P021,191
2025-08-22,ST01,P022,552
2025-08-22,ST01,P023,453
2025-08-22,ST01,P024,289
2025-08-22,ST01,P025,81
2025-08-22,ST01,P026,182
2025-08-22,ST01,P027,408
2025-08-22,ST01,P028,325
2025-08-22,ST01,P029,435
2025-08-22,ST01,P030,94
2025-08-22,ST02,P001,105
2025-08-22,ST02,P002,434
2025-08-22,ST02,P003,211
2025-08-22,ST02,P004,202
2025-08-22,ST02,P005,565
2025-08-22,ST02,P006,21
2025-08-22,ST02,P007,185
2025-08-22,ST02,P008,174
2025-08-22,ST02,P009,336
2025-08-22,ST02,P010,512
2025-08-22,ST02,P011,336
2025-08-22,ST02,P012,533
2025-08-22,ST02,P013,74
2025-08-22,ST02,P014,168
2025-08-22,ST02,P015,161
2025-08-22,ST02,P016,409
2025-08-22,ST02,P017,423
2025-08-22,ST02,P018,143
2025-08-22,ST02,P019,148
2025-08-22,ST02,P020,542
2025-08-22,ST02,P021,230
2025-08-22,ST02,P022,575
2025-08-22,ST02,P023,146
2025-08-22,ST02,P024,140
2025-08-22,ST02,P025,596
2025-08-22,ST02,P026,295
2025-08-22,ST02,P027,385
2025-08-22,ST02,P028,457
2025-08-22,ST02,P029,126
2025-08-22,ST02,P030,317
2025-08-22,ST03,P001,449
2025-08-22,ST03,P002,279
2025-08-22,ST03,P003,146
2025-08-22,ST03,P004,375
2025-08-22,ST03,P005,380
2025-08-22,ST03,P006,107
2025-08-22,ST03,P007,156
2025-08-22,ST03,P008,199
2025-08-22,ST03,P009,304
2025-08-22,ST03,P010,451
2025-08-22,ST03,P011,447
2025-08-22,ST03,P012,225
2025-08-22,ST03,P013,246
2025-08-22,ST03,P014,386
2025-08-22,ST03,P015,444
2025-08-22,ST03,P016,415
2025-08-22,ST03,P017,297
2025-08-22,ST03,P018,416
2025-08-22,ST03,P019,70
2025-08-22,ST03,P020,80
2025-08-22,ST03,P021,520
2025-08-22,ST03,P022,423
2025-08-22,ST03,P023,159
2025-08-22,ST03,P024,476
2025-08-22,ST03,P025,482
2025-08-22,ST03,P026,76
2025-08-22,ST03,P027,392
2025-08-22,ST03,P028,413
2025-08-22,ST03,P029,163
2025-08-22,ST03,P030,83
2025-08-22,ST04,P001,439
2025-08-22,ST04,P002,549
2025-08-22,ST04,P003,272
2025-08-22,ST04,P004,358
2025-08-22,ST04,P005,341
2025-08-22,ST04,P006,129
2025-08-22,ST04,P007,272
2025-08-22,ST04,P008,55
2025-08-22,ST04,P009,503
2025-08-22,ST04,P010,342
2025-08-22,ST04,P011,355
2025-08-22,ST04,P012,109
2025-08-22,ST04,P013,428
2025-08-22,ST04,P014,468
2025-08-22,ST04,P015,342
2025-08-22,ST04,P016,264
2025-08-22,ST04,P017,463
2025-08-22,ST04,P018,416
2025-08-22,ST04,P019,167
2025-08-22,ST04,P020,349
2025-08-22,ST04,P021,113
2025-08-22,ST04,P022,260
2025-08-22,ST04,P023,487
2025-08-22,ST04,P024,77
2025-08-22,ST04,P025,80
2025-08-22,ST04,P026,127
2025-08-22,ST04,P027,117
2025-08-22,ST04,P028,88
2025-08-22,ST04,P029,542
2025-08-22,ST04,P030,318
2025-08-22,ST05,P001,440
2025-08-22,ST05,P002,318
2025-08-22,ST05,P003,572
2025-08-22,ST05,P004,368
2025-08-22,ST05,P005,45
2025-08-22,ST05,P006,387
2025-08-22,ST05,P007,109
2025-08-22,ST05,P008,277
2025-08-22,ST05,P009,205
2025-08-22,ST05,P010,81
2025-08-22,ST05,P011,46
2025-08-22,ST05,P012,218
2025-08-22,ST05,P013,216
2025-08-22,ST05,P014,511
2025-08-22,ST05,P015,378
2025-08-22,ST05,P016,113
2025-08-22,ST05,P017,274
2025-08-22,ST05,P018,247
2025-08-22,ST05,P019,179
2025-08-22,ST05,P020,513
2025-08-22,ST05,P021,229
2025-08-22,ST05,P022,309
2025-08-22,ST05,P023,116
2025-08-22,ST05,P024,521
2025-08-22,ST05,P025,72
2025-08-22,ST05,P026,431
2025-08-22,ST05,P027,443
2025-08-22,ST05,P028,234
2025-08-22,ST05,P029,288
2025-08-22,ST05,P030,450
2025-08-23,ST01,P001,429
2025-08-23,ST01,P002,41
2025-08-23,ST01,P003,243
2025-08-23,ST01,P004,552
2025-08-23,ST01,P005,519
2025-08-23,ST01,P006,493
2025-08-23,ST01,P007,218
2025-08-23,ST01,P008,72
2025-08-23,ST01,P009,440
2025-08-23,ST01,P010,561
2025-08-23,ST01,P011,395
2025-08-23,ST01,P012,85
2025-08-23,ST01,P013,377
2025-08-23,ST01,P014,83
2025-08-23,ST01,P015,79
2025-08-23,ST01,P016,541
2025-08-23,ST01,P017,78
2025-08-23,ST01,P018,167
2025-08-23,ST01,P019,391
2025-08-23,ST01,P020,346
2025-08-23,ST01,P021,186
2025-08-23,ST01,P022,549
2025-08-23,ST01,P023,448
2025-08-23,ST01,P024,283
2025-08-23,ST01,P025,68
2025-08-23,ST01,P026,175
2025-08-23,ST01,P027,405
2025-08-23,ST01,P028,320
2025-08-23,ST01,P029,432
2025-08-23,ST01,P030,84
2025-08-23,ST02,P001,99
2025-08-23,ST02,P002,432
2025-08-23,ST02,P003,206
2025-08-23,ST02,P004,196
2025-08-23,ST02,P005,562
2025-08-23,ST02,P006,76
2025-08-23,ST02,P007,181
2025-08-23,ST02,P008,164
2025-08-23,ST02,P009,329
2025-08-23,ST02,P010,510
2025-08-23,ST02,P011,332
2025-08-23,ST02,P012,531
2025-08-23,ST02,P013,67
2025-08-23,ST02,P014,159
2025-08-23,ST02,P015,150
2025-08-23,ST02,P016,406
2025-08-23,ST02,P017,420
2025-08-23,ST02,P018,138
2025-08-23,ST02,P019,143
2025-08-23,ST02,P020,541
2025-08-23,ST02,P021,226
2025-08-23,ST02,P022,573
2025-08-23,ST02,P023,141
2025-08-23,ST02,P024,130
2025-08-23,ST02,P025,594
2025-08-23,ST02,P026,293
2025-08-23,ST02,P027,377
2025-08-23,ST02,P028,454
2025-08-23,ST02,P029,123
2025-08-23,ST02,P030,314
2025-08-23,ST03,P001,446
2025-08-23,ST03,P002,276
2025-08-23,ST03,P003,138
2025-08-23,ST03,P004,373
2025-08-23,ST03,P005,378
2025-08-23,ST03,P006,100
2025-08-23,ST03,P007,151
2025-08-23,ST03,P008,191
2025-08-23,ST03,P009,299
2025-08-23,ST03,P010,448
2025-08-23,ST03,P011,444
2025-08-23,ST03,P012,220
2025-08-23,ST03,P013,246
2025-08-23,ST03,P014,382
2025-08-23,ST03,P015,439
2025-08-23,ST03,P016,413
2025-08-23,ST03,P017,289
2025-08-23,ST03,P018,412
2025-08-23,ST03,P019,60
2025-08-23,ST03,P020,68
2025-08-23,ST03,P021,518
2025-08-23,ST03,P022,421
2025-08-23,ST03,P023,152
2025-08-23,ST03,P024,474
2025-08-23,ST03,P025,479
2025-08-23,ST03,P026,67
2025-08-23,ST03,P027,388
2025-08-23,ST03,P028,406
2025-08-23,ST03,P029,159
2025-08-23,ST03,P030,77
2025-08-23,ST04,P001,435
2025-08-23,ST04,P002,547
2025-08-23,ST04,P003,268
2025-08-23,ST04,P004,351
2025-08-23,ST04,P005,335
2025-08-23,ST04,P006,118
2025-08-23,ST04,P007,264
2025-08-23,ST04,P008,41
2025-08-23,ST04,P009,501
2025-08-23,ST04,P010,338
2025-08-23,ST04,P011,349
2025-08-23,ST04,P012,99
2025-08-23,ST04,P013,426
2025-08-23,ST04,P014,465
2025-08-23,ST04,P015,337
2025-08-23,ST04,P016,258
2025-08-23,ST04,P017,460
2025-08-23,ST04,P018,415
2025-08-23,ST04,P019,159
2025-08-23,ST04,P020,343
2025-08-23,ST04,P021,105
2025-08-23,ST04,P022,254
2025-08-23,ST04,P023,485
2025-08-23,ST04,P024,70
2025-08-23,ST04,P025,75
2025-08-23,ST04,P026,115
2025-08-23,ST04,P027,106
2025-08-23,ST04,P028,80
2025-08-23,ST04,P029,540
2025-08-23,ST04,P030,312
2025-08-23,ST05,P001,438
2025-08-23,ST05,P002,313
2025-08-23,ST05,P003,569
2025-08-23,ST05,P004,364
2025-08-23,ST05,P005,35
2025-08-23,ST05,P006,382
2025-08-23,ST05,P007,102
2025-08-23,ST05,P008,270
2025-08-23,ST05,P009,200
2025-08-23,ST05,P010,72
2025-08-23,ST05,P011,35
2025-08-23,ST05,P012,212
2025-08-23,ST05,P013,210
2025-08-23,ST05,P014,508
2025-08-23,ST05,P015,374
2025-08-23,ST05,P016,106
2025-08-23,ST05,P017,266
2025-08-23,ST05,P018,241
2025-08-23,ST05,P019,172
2025-08-23,ST05,P020,511
2025-08-23,ST05,P021,225
2025-08-23,ST05,P022,305
2025-08-23,ST05,P023,109
2025-08-23,ST05,P024,519
2025-08-23,ST05,P025,63
2025-08-23,ST05,P026,429
2025-08-23,ST05,P027,441
2025-08-23,ST05,P028,228
2025-08-23,ST05,P029,282
2025-08-23,ST05,P030,448
2025-08-24,ST01,P001,461
2025-08-24,ST01,P002,96
2025-08-24,ST01,P003,271
2025-08-24,ST01,P004,627
2025-08-24,ST01,P005,552
2025-08-24,ST01,P006,546
2025-08-24,ST01,P007,267
2025-08-24,ST01,P008,128
2025-08-24,ST01,P009,514
2025-08-24,ST01,P010,614
2025-08-24,ST01,P011,426
2025-08-24,ST01,P012,122
2025-08-24,ST01,P013,418
2025-08-24,ST01,P014,118
2025-08-24,ST01,P015,136
2025-08-24,ST01,P016,570
2025-08-24,ST01,P017,111
2025-08-24,ST01,P018,219
2025-08-24,ST01,P019,428
2025-08-24,ST01,P020,381
2025-08-24,ST01,P021,229
2025-08-24,ST01,P022,597
2025-08-24,ST01,P023,500
2025-08-24,ST01,P024,308
2025-08-24,ST01,P025,92
2025-08-24,ST01,P026,239
2025-08-24,ST01,P027,436
2025-08-24,ST01,P028,348
2025-08-24,ST01,P029,473
2025-08-24,ST01,P030,142
2025-08-24,ST02,P001,128
2025-08-24,ST02,P002,495
2025-08-24,ST02,P003,238
2025-08-24,ST02,P004,246
2025-08-24,ST02,P005,629
2025-08-24,ST02,P006,122
2025-08-24,ST02,P007,229
2025-08-24,ST02,P008,220
2025-08-24,ST02,P009,404
2025-08-24,ST02,P010,576
2025-08-24,ST02,P011,374
2025-08-24,ST02,P012,584
2025-08-24,ST02,P013,88
2025-08-24,ST02,P014,208
2025-08-24,ST02,P015,207
2025-08-24,ST02,P016,482
2025-08-24,ST02,P017,450
2025-08-24,ST02,P018,183
2025-08-24,ST02,P019,176
2025-08-24,ST02,P020,582
2025-08-24,ST02,P021,270
2025-08-24,ST02,P022,646
2025-08-24,ST02,P023,185
2025-08-24,ST02,P024,180
2025-08-24,ST02,P025,637
2025-08-24,ST02,P026,353
2025-08-24,ST02,P027,412
2025-08-24,ST02,P028,514
2025-08-24,ST02,P029,156
2025-08-24,ST02,P030,360
2025-08-24,ST03,P001,496
2025-08-24,ST03,P002,343
2025-08-24,ST03,P003,202
2025-08-24,ST03,P004,446
2025-08-24,ST03,P005,438
2025-08-24,ST03,P006,156
2025-08-24,ST03,P007,191
2025-08-24,ST03,P008,216
2025-08-24,ST03,P009,327
2025-08-24,ST03,P010,516
2025-08-24,ST03,P011,488
2025-08-24,ST03,P012,246
2025-08-24,ST03,P013,312
2025-08-24,ST03,P014,418
2025-08-24,ST03,P015,506
2025-08-24,ST03,P016,453
2025-08-24,ST03,P017,333
2025-08-24,ST03,P018,443
2025-08-24,ST03,P019,101
2025-08-24,ST03,P020,136
2025-08-24,ST03,P021,555
2025-08-24,ST03,P022,464
2025-08-24,ST03,P023,193
2025-08-24,ST03,P024,507
2025-08-24,ST03,P025,548
2025-08-24,ST03,P026,141
2025-08-24,ST03,P027,438
2025-08-24,ST03,P028,441
2025-08-24,ST03,P029,196
2025-08-24,ST03,P030,128
2025-08-24,ST04,P001,496
2025-08-24,ST04,P002,592
2025-08-24,ST04,P003,324
2025-08-24,ST04,P004,378
2025-08-24,ST04,P005,364
2025-08-24,ST04,P006,167
2025-08-24,ST04,P007,319
2025-08-24,ST04,P008,90
2025-08-24,ST04,P009,528
2025-08-24,ST04,P010,401
2025-08-24,ST04,P011,423
2025-08-24,ST04,P012,140
2025-08-24,ST04,P013,465
2025-08-24,ST04,P014,510
2025-08-24,ST04,P015,373
2025-08-24,ST04,P016,298
2025-08-24,ST04,P017,528
2025-08-24,ST04,P018,445
2025-08-24,ST04,P019,204
2025-08-24,ST04,P020,405
2025-08-24,ST04,P021,138
2025-08-24,ST04,P022,324
2025-08-24,ST04,P023,536
2025-08-24,ST04,P024,97
2025-08-24,ST04,P025,129
2025-08-24,ST04,P026,172
2025-08-24,ST04,P027,149
2025-08-24,ST04,P028,145
2025-08-24,ST04,P029,615
2025-08-24,ST04,P030,377
2025-08-24,ST05,P001,490
2025-08-24,ST05,P002,361
2025-08-24,ST05,P003,616
2025-08-24,ST05,P004,398
2025-08-24,ST05,P005,85
2025-08-24,ST05,P006,453
2025-08-24,ST05,P007,154
2025-08-24,ST05,P008,300
2025-08-24,ST05,P009,249
2025-08-24,ST05,P010,119
2025-08-24,ST05,P011,92
2025-08-24,ST05,P012,281
2025-08-24,ST05,P013,265
2025-08-24,ST05,P014,575
2025-08-24,ST05,P015,440
2025-08-24,ST05,P016,172
2025-08-24,ST05,P017,296
2025-08-24,ST05,P018,313
2025-08-24,ST05,P019,199
2025-08-24,ST05,P020,564
2025-08-24,ST05,P021,279
2025-08-24,ST05,P022,335
2025-08-24,ST05,P023,150
2025-08-24,ST05,P024,581
2025-08-24,ST05,P025,99
2025-08-24,ST05,P026,500
2025-08-24,ST05,P027,475
2025-08-24,ST05,P028,274
2025-08-24,ST05,P029,341
2025-08-24,ST05,P030,501
2025-08-25,ST01,P001,460
2025-08-25,ST01,P002,88
2025-08-25,ST01,P003,265
2025-08-25,ST01,P004,624
2025-08-25,ST01,P005,551
2025-08-25,ST01,P006,543
2025-08-25,ST01,P007,259
2025-08-25,ST01,P008,119
2025-08-25,ST01,P009,512
2025-08-25,ST01,P010,612
2025-08-25,ST01,P011,421
2025-08-25,ST01,P012,114
2025-08-25,ST01,P013,410
2025-08-25,ST01,P014,109
2025-08-25,ST01,P015,129
2025-08-25,ST01,P016,568
2025-08-25,ST01,P017,104
2025-08-25,ST01,P018,212
2025-08-25,ST01,P019,421
2025-08-25,ST01,P020,378
2025-08-25,ST01,P021,226
2025-08-25,ST01,P022,594
2025-08-25,ST01,P023,496
2025-08-25,ST01,P024,303
2025-08-25,ST01,P025,83
2025-08-25,ST01,P026,231
2025-08-25,ST01,P027,432
2025-08-25,ST01,P028,343
2025-08-25,ST01,P029,470
2025-08-25,ST01,P030,130
2025-08-25,ST02,P001,118
2025-08-25,ST02,P002,491
2025-08-25,ST02,P003,230
2025-08-25,ST02,P004,241
2025-08-25,ST02,P005,627
2025-08-25,ST02,P006,94
2025-08-25,ST02,P007,224
2025-08-25,ST02,P008,214
2025-08-25,ST02,P009,399
2025-08-25,ST02,P010,574
2025-08-25,ST02,P011,371
2025-08-25,ST02,P012,582
2025-08-25,ST02,P013,83
2025-08-25,ST02,P014,199
2025-08-25,ST02,P015,197
2025-08-25,ST02,P016,478
2025-08-25,ST02,P017,448
2025-08-25,ST02,P018,174
2025-08-25,ST02,P019,163
2025-08-25,ST02,P020,580
2025-08-25,ST02,P021,264
2025-08-25,ST02,P022,644
2025-08-25,ST02,P023,179
2025-08-25,ST02,P024,173
2025-08-25,ST02,P025,635
2025-08-25,ST02,P026,350
2025-08-25,ST02,P027,409
2025-08-25,ST02,P028,508
2025-08-25,ST02,P029,149
2025-08-25,ST02,P030,355
2025-08-25,ST03,P001,492
2025-08-25,ST03,P002,337
2025-08-25,ST03,P003,193
2025-08-25,ST03,P004,444
2025-08-25,ST03,P005,435
2025-08-25,ST03,P006,147
2025-08-25,ST03,P007,185
2025-08-25,ST03,P008,213
2025-08-25,ST03,P009,320
2025-08-25,ST03,P010,514
2025-08-25,ST03,P011,485
2025-08-25,ST03,P012,243
2025-08-25,ST03,P013,312
2025-08-25,ST03,P014,415
2025-08-25,ST03,P015,503
2025-08-25,ST03,P016,450
2025-08-25,ST03,P017,326
2025-08-25,ST03,P018,440
2025-08-25,ST03,P019,93
2025-08-25,ST03,P020,128
2025-08-25,ST03,P021,552
2025-08-25,ST03,P022,459
2025-08-25,ST03,P023,186
2025-08-25,ST03,P024,506
2025-08-25,ST03,P025,546
2025-08-25,ST03,P026,131
2025-08-25,ST03,P027,435
2025-08-25,ST03,P028,435
2025-08-25,ST03,P029,192
2025-08-25,ST03,P030,117
2025-08-25,ST04,P001,493
2025-08-25,ST04,P002,590
2025-08-25,ST04,P003,321
2025-08-25,ST04,P004,374
2025-08-25,ST04,P005,362
2025-08-25,ST04,P006,160
2025-08-25,ST04,P007,313
2025-08-25,ST04,P008,80
2025-08-25,ST04,P009,526
2025-08-25,ST04,P010,395
2025-08-25,ST04,P011,418
2025-08-25,ST04,P012,131
2025-08-25,ST04,P013,461
2025-08-25,ST04,P014,508
2025-08-25,ST04,P015,368
2025-08-25,ST04,P016,293
2025-08-25,ST04,P017,524
2025-08-25,ST04,P018,443
2025-08-25,ST04,P019,192
2025-08-25,ST04,P020,402
2025-08-25,ST04,P021,129
2025-08-25,ST04,P022,318
2025-08-25,ST04,P023,535
2025-08-25,ST04,P024,85
2025-08-25,ST04,P025,120
2025-08-25,ST04,P026,165
2025-08-25,ST04,P027,144
2025-08-25,ST04,P028,136
2025-08-25,ST04,P029,612
2025-08-25,ST04,P030,372
2025-08-25,ST05,P001,486
2025-08-25,ST05,P002,355
2025-08-25,ST05,P003,613
2025-08-25,ST05,P004,394
2025-08-25,ST05,P005,78
2025-08-25,ST05,P006,449
2025-08-25,ST05,P007,147
2025-08-25,ST05,P008,295
2025-08-25,ST05,P009,246
2025-08-25,ST05,P010,111
2025-08-25,ST05,P011,84
2025-08-25,ST05,P012,276
2025-08-25,ST05,P013,260
2025-08-25,ST05,P014,572
2025-08-25,ST05,P015,437
2025-08-25,ST05,P016,164
2025-08-25,ST05,P017,289
2025-08-25,ST05,P018,307
2025-08-25,ST05,P019,190
2025-08-25,ST05,P020,562
2025-08-25,ST05,P021,276
2025-08-25,ST05,P022,328
2025-08-25,ST05,P023,138
2025-08-25,ST05,P024,579
2025-08-25,ST05,P025,89
2025-08-25,ST05,P026,498
2025-08-25,ST05,P027,473
2025-08-25,ST05,P028,269
2025-08-25,ST05,P029,341
2025-08-25,ST05,P030,497
2025-08-26,ST01,P001,457
2025-08-26,ST01,P002,78
2025-08-26,ST01,P003,257
2025-08-26,ST01,P004,621
2025-08-26,ST01,P005,549
2025-08-26,ST01,P006,540
2025-08-26,ST01,P007,254
2025-08-26,ST01,P008,112
2025-08-26,ST01,P009,507
2025-08-26,ST01,P010,610
2025-08-26,ST01,P011,417
2025-08-26,ST01,P012,105
2025-08-26,ST01,P013,402
2025-08-26,ST01,P014,99
2025-08-26,ST01,P015,118
2025-08-26,ST01,P016,566
2025-08-26,ST01,P017,97
2025-08-26,ST01,P018,206
2025-08-26,ST01,P019,415
2025-08-26,ST01,P020,375
2025-08-26,ST01,P021,216
2025-08-26,ST01,P022,592
2025-08-26,ST01,P023,491
2025-08-26,ST01,P024,299
2025-08-26,ST01,P025,77
2025-08-26,ST01,P026,222
2025-08-26,ST01,P027,428
2025-08-26,ST01,P028,337
2025-08-26,ST01,P029,468
2025-08-26,ST01,P030,124
2025-08-26,ST02,P001,110
2025-08-26,ST02,P002,488
2025-08-26,ST02,P003,222
2025-08-26,ST02,P004,233
2025-08-26,ST02,P005,624
2025-08-26,ST02,P006,73
2025-08-26,ST02,P007,223
2025-08-26,ST02,P008,207
2025-08-26,ST02,P009,395
2025-08-26,ST02,P010,573
2025-08-26,ST02,P011,367
2025-08-26,ST02,P012,581
2025-08-26,ST02,P013,76
2025-08-26,ST02,P014,190
2025-08-26,ST02,P015,189
2025-08-26,ST02,P016,474
2025-08-26,ST02,P017,447
2025-08-26,ST02,P018,164
2025-08-26,ST02,P019,154
2025-08-26,ST02,P020,578
2025-08-26,ST02,P021,261
2025-08-26,ST02,P022,643
2025-08-26,ST02,P023,174
2025-08-26,ST02,P024,164
2025-08-26,ST02,P025,632
2025-08-26,ST02,P026,347
2025-08-26,ST02,P027,402
2025-08-26,ST02,P028,503
2025-08-26,ST02,P029,140
2025-08-26,ST02,P030,353
2025-08-26,ST03,P001,490
2025-08-26,ST03,P002,334
2025-08-26,ST03,P003,184
2025-08-26,ST03,P004,440
2025-08-26,ST03,P005,432
2025-08-26,ST03,P006,134
2025-08-26,ST03,P007,179
2025-08-26,ST03,P008,208
2025-08-26,ST03,P009,314
2025-08-26,ST03,P010,511
2025-08-26,ST03,P011,481
2025-08-26,ST03,P012,239
2025-08-26,ST03,P013,312
2025-08-26,ST03,P014,412
2025-08-26,ST03,P015,501
2025-08-26,ST03,P016,448
2025-08-26,ST03,P017,318
2025-08-26,ST03,P018,439
2025-08-26,ST03,P019,86
2025-08-26,ST03,P020,117
2025-08-26,ST03,P021,550
2025-08-26,ST03,P022,455
2025-08-26,ST03,P023,177
2025-08-26,ST03,P024,503
2025-08-26,ST03,P025,545
2025-08-26,ST03,P026,119
2025-08-26,ST03,P027,430
2025-08-26,ST03,P028,432
2025-08-26,ST03,P029,182
2025-08-26,ST03,P030,111
2025-08-26,ST04,P001,491
2025-08-26,ST04,P002,589
2025-08-26,ST04,P003,317
2025-08-26,ST04,P004,369
2025-08-26,ST04,P005,358
2025-08-26,ST04,P006,153
2025-08-26,ST04,P007,309
2025-08-26,ST04,P008,72
2025-08-26,ST04,P009,524
2025-08-26,ST04,P010,389
2025-08-26,ST04,P011,414
2025-08-26,ST04,P012,121
2025-08-26,ST04,P013,459
2025-08-26,ST04,P014,505
2025-08-26,ST04,P015,360
2025-08-26,ST04,P016,290
2025-08-26,ST04,P017,521
2025-08-26,ST04,P018,440
2025-08-26,ST04,P019,185
2025-08-26,ST04,P020,395
2025-08-26,ST04,P021,123
2025-08-26,ST04,P022,313
2025-08-26,ST04,P023,533
2025-08-26,ST04,P024,73
2025-08-26,ST04,P025,114
2025-08-26,ST04,P026,160
2025-08-26,ST04,P027,134
2025-08-26,ST04,P028,129
2025-08-26,ST04,P029,609
2025-08-26,ST04,P030,368
2025-08-26,ST05,P001,483
2025-08-26,ST05,P002,352
2025-08-26,ST05,P003,612
2025-08-26,ST05,P004,390
2025-08-26,ST05,P005,68
2025-08-26,ST05,P006,447
2025-08-26,ST05,P007,138
2025-08-26,ST05,P008,288
2025-08-26,ST05,P009,240
2025-08-26,ST05,P010,105
2025-08-26,ST05,P011,74
2025-08-26,ST05,P012,267
2025-08-26,ST05,P013,252
2025-08-26,ST05,P014,570
2025-08-26,ST05,P015,434
2025-08-26,ST05,P016,158
2025-08-26,ST05,P017,283
2025-08-26,ST05,P018,300
2025-08-26,ST05,P019,183
2025-08-26,ST05,P020,559
2025-08-26,ST05,P021,271
2025-08-26,ST05,P022,323
2025-08-26,ST05,P023,132
2025-08-26,ST05,P024,577
2025-08-26,ST05,P025,76
2025-08-26,ST05,P026,496
2025-08-26,ST05,P027,470
2025-08-26,ST05,P028,263
2025-08-26,ST05,P029,333
2025-08-26,ST05,P030,492
2025-08-27,ST01,P001,453
2025-08-27,ST01,P002,70
2025-08-27,ST01,P003,250
2025-08-27,ST01,P004,619
2025-08-27,ST01,P005,547
2025-08-27,ST01,P006,537
2025-08-27,ST01,P007,248
2025-08-27,ST01,P008,104
2025-08-27,ST01,P009,506
2025-08-27,ST01,P010,607
2025-08-27,ST01,P011,414
2025-08-27,ST01,P012,98
2025-08-27,ST01,P013,397
2025-08-27,ST01,P014,89
2025-08-27,ST01,P015,109
2025-08-27,ST01,P016,564
2025-08-27,ST01,P017,90
2025-08-27,ST01,P018,200
2025-08-27,ST01,P019,409
2025-08-27,ST01,P020,372
2025-08-27,ST01,P021,211
2025-08-27,ST01,P022,590
2025-08-27,ST01,P023,486
2025-08-27,ST01,P024,297
2025-08-27,ST01,P025,69
2025-08-27,ST01,P026,215
2025-08-27,ST01,P027,423
2025-08-27,ST01,P028,333
2025-08-27,ST01,P029,464
2025-08-27,ST01,P030,116
2025-08-27,ST02,P001,103
2025-08-27,ST02,P002,485
2025-08-27,ST02,P003,217
2025-08-27,ST02,P004,226
2025-08-27,ST02,P005,622
2025-08-27,ST02,P006,56
2025-08-27,ST02,P007,218
2025-08-27,ST02,P008,197
2025-08-27,ST02,P009,389
2025-08-27,ST02,P010,572
2025-08-27,ST02,P011,364
2025-08-27,ST02,P012,579
2025-08-27,ST02,P013,67
2025-08-27,ST02,P014,178
2025-08-27,ST02,P015,181
2025-08-27,ST02,P016,471
2025-08-27,ST02,P017,446
2025-08-27,ST02,P018,160
2025-08-27,ST02,P019,142
2025-08-27,ST02,P020,575
2025-08-27,ST02,P021,255
2025-08-27,ST02,P022,641
2025-08-27,ST02,P023,168
2025-08-27,ST02,P024,157
2025-08-27,ST02,P025,629
2025-08-27,ST02,P026,343
2025-08-27,ST02,P027,397
2025-08-27,ST02,P028,499
2025-08-27,ST02,P029,131
2025-08-27,ST02,P030,347
2025-08-27,ST03,P001,486
2025-08-27,ST03,P002,328
2025-08-27,ST03,P003,178
2025-08-27,ST03,P004,436
2025-08-27,ST03,P005,429
2025-08-27,ST03,P006,127
2025-08-27,ST03,P007,172
2025-08-27,ST03,P008,203
2025-08-27,ST03,P009,306
2025-08-27,ST03,P010,508
2025-08-27,ST03,P011,479
2025-08-27,ST03,P012,234
2025-08-27,ST03,P013,312
2025-08-27,ST03,P014,408
2025-08-27,ST03,P015,499
2025-08-27,ST03,P016,445
2025-08-27,ST03,P017,312
2025-08-27,ST03,P018,434
2025-08-27,ST03,P019,82
2025-08-27,ST03,P020,109
2025-08-27,ST03,P021,548
2025-08-27,ST03,P022,452
2025-08-27,ST03,P023,173
2025-08-27,ST03,P024,500
2025-08-27,ST03,P025,542
2025-08-27,ST03,P026,113
2025-08-27,ST03,P027,426
2025-08-27,ST03,P028,425
2025-08-27,ST03,P029,177
2025-08-27,ST03,P030,106
2025-08-27,ST04,P001,489
2025-08-27,ST04,P002,586
2025-08-27,ST04,P003,312
2025-08-27,ST04,P004,363
2025-08-27,ST04,P005,354
2025-08-27,ST04,P006,145
2025-08-27,ST04,P007,303
2025-08-27,ST04,P008,61
2025-08-27,ST04,P009,522
2025-08-27,ST04,P010,385
2025-08-27,ST04,P011,407
2025-08-27,ST04,P012,112
2025-08-27,ST04,P013,456
2025-08-27,ST04,P014,501
2025-08-27,ST04,P015,358
2025-08-27,ST04,P016,285
2025-08-27,ST04,P017,518
2025-08-27,ST04,P018,436
2025-08-27,ST04,P019,179
2025-08-27,ST04,P020,389
2025-08-27,ST04,P021,116
2025-08-27,ST04,P022,311
2025-08-27,ST04,P023,531
2025-08-27,ST04,P024,63
2025-08-27,ST04,P025,106
2025-08-27,ST04,P026,149
2025-08-27,ST04,P027,123
2025-08-27,ST04,P028,121
2025-08-27,ST04,P029,605
2025-08-27,ST04,P030,360
2025-08-27,ST05,P001,481
2025-08-27,ST05,P002,349
2025-08-27,ST05,P003,610
2025-08-27,ST05,P004,388
2025-08-27,ST05,P005,57
2025-08-27,ST05,P006,444
2025-08-27,ST05,P007,131
2025-08-27,ST05,P008,284
2025-08-27,ST05,P009,235
2025-08-27,ST05,P010,97
2025-08-27,ST05,P011,65
2025-08-27,ST05,P012,262
2025-08-27,ST05,P013,241
2025-08-27,ST05,P014,566
2025-08-27,ST05,P015,431
2025-08-27,ST05,P016,149
2025-08-27,ST05,P017,276
2025-08-27,ST05,P018,295
2025-08-27,ST05,P019,175
2025-08-27,ST05,P020,557
2025-08-27,ST05,P021,266
2025-08-27,ST05,P022,316
2025-08-27,ST05,P023,124
2025-08-27,ST05,P024,574
2025-08-27,ST05,P025,64
2025-08-27,ST05,P026,494
2025-08-27,ST05,P027,467
2025-08-27,ST05,P028,261
2025-08-27,ST05,P029,325
2025-08-27,ST05,P030,489
2025-08-28,ST01,P001,452
2025-08-28,ST01,P002,63
2025-08-28,ST01,P003,244
2025-08-28,ST01,P004,617
2025-08-28,ST01,P005,545
2025-08-28,ST01,P006,535
2025-08-28,ST01,P007,242
2025-08-28,ST01,P008,97
2025-08-28,ST01,P009,499
2025-08-28,ST01,P010,604
2025-08-28,ST01,P011,409
2025-08-28,ST01,P012,88
2025-08-28,ST01,P013,394
2025-08-28,ST01,P014,79
2025-08-28,ST01,P015,101
2025-08-28,ST01,P016,563
2025-08-28,ST01,P017,82
2025-08-28,ST01,P018,194
2025-08-28,ST01,P019,400
2025-08-28,ST01,P020,368
2025-08-28,ST01,P021,204
2025-08-28,ST01,P022,589
2025-08-28,ST01,P023,480
2025-08-28,ST01,P024,292
2025-08-28,ST01,P025,59
2025-08-28,ST01,P026,206
2025-08-28,ST01,P027,419
2025-08-28,ST01,P028,327
2025-08-28,ST01,P029,460
2025-08-28,ST01,P030,104
2025-08-28,ST02,P001,93
2025-08-28,ST02,P002,483
2025-08-28,ST02,P003,211
2025-08-28,ST02,P004,219
2025-08-28,ST02,P005,619
2025-08-28,ST02,P006,30
2025-08-28,ST02,P007,212
2025-08-28,ST02,P008,187
2025-08-28,ST02,P009,384
2025-08-28,ST02,P010,571
2025-08-28,ST02,P011,360
2025-08-28,ST02,P012,577
2025-08-28,ST02,P013,63
2025-08-28,ST02,P014,169
2025-08-28,ST02,P015,174
2025-08-28,ST02,P016,468
2025-08-28,ST02,P017,445
2025-08-28,ST02,P018,153
2025-08-28,ST02,P019,140
2025-08-28,ST02,P020,573
2025-08-28,ST02,P021,249
2025-08-28,ST02,P022,639
2025-08-28,ST02,P023,164
2025-08-28,ST02,P024,152
2025-08-28,ST02,P025,627
2025-08-28,ST02,P026,340
2025-08-28,ST02,P027,393
2025-08-28,ST02,P028,496
2025-08-28,ST02,P029,126
2025-08-28,ST02,P030,342
2025-08-28,ST03,P001,483
2025-08-28,ST03,P002,324
2025-08-28,ST03,P003,173
2025-08-28,ST03,P004,433
2025-08-28,ST03,P005,426
2025-08-28,ST03,P006,115
2025-08-28,ST03,P007,167
2025-08-28,ST03,P008,197
2025-08-28,ST03,P009,302
2025-08-28,ST03,P010,505
2025-08-28,ST03,P011,476
2025-08-28,ST03,P012,230
2025-08-28,ST03,P013,312
2025-08-28,ST03,P014,404
2025-08-28,ST03,P015,495
2025-08-28,ST03,P016,442
2025-08-28,ST03,P017,305
2025-08-28,ST03,P018,432
2025-08-28,ST03,P019,75
2025-08-28,ST03,P020,103
2025-08-28,ST03,P021,546
2025-08-28,ST03,P022,449
2025-08-28,ST03,P023,166
2025-08-28,ST03,P024,496
2025-08-28,ST03,P025,540
2025-08-28,ST03,P026,104
2025-08-28,ST03,P027,424
2025-08-28,ST03,P028,419
2025-08-28,ST03,P029,172
2025-08-28,ST03,P030,98
2025-08-28,ST04,P001,484
2025-08-28,ST04,P002,583
2025-08-28,ST04,P003,305
2025-08-28,ST04,P004,360
2025-08-28,ST04,P005,349
2025-08-28,ST04,P006,137
2025-08-28,ST04,P007,298
2025-08-28,ST04,P008,52
2025-08-28,ST04,P009,520
2025-08-28,ST04,P010,382
2025-08-28,ST04,P011,404
2025-08-28,ST04,P012,105
2025-08-28,ST04,P013,454
2025-08-28,ST04,P014,498
2025-08-28,ST04,P015,350
2025-08-28,ST04,P016,281
2025-08-28,ST04,P017,515
2025-08-28,ST04,P018,433
2025-08-28,ST04,P019,169
2025-08-28,ST04,P020,381
2025-08-28,ST04,P021,104
2025-08-28,ST04,P022,301
2025-08-28,ST04,P023,529
2025-08-28,ST04,P024,51
2025-08-28,ST04,P025,98
2025-08-28,ST04,P026,140
2025-08-28,ST04,P027,114
2025-08-28,ST04,P028,110
2025-08-28,ST04,P029,601
2025-08-28,ST04,P030,355
2025-08-28,ST05,P001,478
2025-08-28,ST05,P002,346
2025-08-28,ST05,P003,608
2025-08-28,ST05,P004,384
2025-08-28,ST05,P005,45
2025-08-28,ST05,P006,440
2025-08-28,ST05,P007,122
2025-08-28,ST05,P008,278
2025-08-28,ST05,P009,233
2025-08-28,ST05,P010,88
2025-08-28,ST05,P011,51
2025-08-28,ST05,P012,256
2025-08-28,ST05,P013,234
2025-08-28,ST05,P014,564
2025-08-28,ST05,P015,425
2025-08-28,ST05,P016,137
2025-08-28,ST05,P017,269
2025-08-28,ST05,P018,290
2025-08-28,ST05,P019,169
2025-08-28,ST05,P020,556
2025-08-28,ST05,P021,260
2025-08-28,ST05,P022,312
2025-08-28,ST05,P023,113
2025-08-28,ST05,P024,570
2025-08-28,ST05,P025,53
2025-08-28,ST05,P026,492
2025-08-28,ST05,P027,464
2025-08-28,ST05,P028,255
2025-08-28,ST05,P029,320
2025-08-28,ST05,P030,483
2025-08-29,ST01,P001,448
2025-08-29,ST01,P002,51
2025-08-29,ST01,P003,241
2025-08-29,ST01,P004,614
2025-08-29,ST01,P005,543
2025-08-29,ST01,P006,532
2025-08-29,ST01,P007,236
2025-08-29,ST01,P008,85
2025-08-29,ST01,P009,494
2025-08-29,ST01,P010,602
2025-08-29,ST01,P011,404
2025-08-29,ST01,P012,81
2025-08-29,ST01,P013,389
2025-08-29,ST01,P014,70
2025-08-29,ST01,P015,100
2025-08-29,ST01,P016,561
2025-08-29,ST01,P017,73
2025-08-29,ST01,P018,188
2025-08-29,ST01,P019,393
2025-08-29,ST01,P020,364
2025-08-29,ST01,P021,196
2025-08-29,ST01,P022,587
2025-08-29,ST01,P023,472
2025-08-29,ST01,P024,287
2025-08-29,ST01,P025,48
2025-08-29,ST01,P026,198
2025-08-29,ST01,P027,418
2025-08-29,ST01,P028,323
2025-08-29,ST01,P029,457
2025-08-29,ST01,P030,98
2025-08-29,ST02,P001,86
2025-08-29,ST02,P002,480
2025-08-29,ST02,P003,206
2025-08-29,ST02,P004,216
2025-08-29,ST02,P005,617
2025-08-29,ST02,P006,80
2025-08-29,ST02,P007,206
2025-08-29,ST02,P008,181
2025-08-29,ST02,P009,378
2025-08-29,ST02,P010,570
2025-08-29,ST02,P011,356
2025-08-29,ST02,P012,574
2025-08-29,ST02,P013,57
2025-08-29,ST02,P014,155
2025-08-29,ST02,P015,166
2025-08-29,ST02,P016,464
2025-08-29,ST02,P017,444
2025-08-29,ST02,P018,147
2025-08-29,ST02,P019,132
2025-08-29,ST02,P020,570
2025-08-29,ST02,P021,247
2025-08-29,ST02,P022,637
2025-08-29,ST02,P023,156
2025-08-29,ST02,P024,139
2025-08-29,ST02,P025,625
2025-08-29,ST02,P026,335
2025-08-29,ST02,P027,386
2025-08-29,ST02,P028,492
2025-08-29,ST02,P029,121
2025-08-29,ST02,P030,336
2025-08-29,ST03,P001,481
2025-08-29,ST03,P002,318
2025-08-29,ST03,P003,165
2025-08-29,ST03,P004,430
2025-08-29,ST03,P005,425
2025-08-29,ST03,P006,105
2025-08-29,ST03,P007,159
2025-08-29,ST03,P008,192
2025-08-29,ST03,P009,295
2025-08-29,ST03,P010,503
2025-08-29,ST03,P011,473
2025-08-29,ST03,P012,227
2025-08-29,ST03,P013,312
2025-08-29,ST03,P014,401
2025-08-29,ST03,P015,491
2025-08-29,ST03,P016,440
2025-08-29,ST03,P017,298
2025-08-29,ST03,P018,427
2025-08-29,ST03,P019,73
2025-08-29,ST03,P020,95
2025-08-29,ST03,P021,544
2025-08-29,ST03,P022,446
2025-08-29,ST03,P023,159
2025-08-29,ST03,P024,494
2025-08-29,ST03,P025,538
2025-08-29,ST03,P026,96
2025-08-29,ST03,P027,417
2025-08-29,ST03,P028,413
2025-08-29,ST03,P029,165
2025-08-29,ST03,P030,90
2025-08-29,ST04,P001,480
2025-08-29,ST04,P002,580
2025-08-29,ST04,P003,298
2025-08-29,ST04,P004,355
2025-08-29,ST04,P005,345
2025-08-29,ST04,P006,130
2025-08-29,ST04,P007,288
2025-08-29,ST04,P008,44
2025-08-29,ST04,P009,519
2025-08-29,ST04,P010,381
2025-08-29,ST04,P011,399
2025-08-29,ST04,P012,97
2025-08-29,ST04,P013,449
2025-08-29,ST04,P014,493
2025-08-29,ST04,P015,347
2025-08-29,ST04,P016,275
2025-08-29,ST04,P017,511
2025-08-29,ST04,P018,430
2025-08-29,ST04,P019,161
2025-08-29,ST04,P020,376
2025-08-29,ST04,P021,94
2025-08-29,ST04,P022,296
2025-08-29,ST04,P023,526
2025-08-29,ST04,P024,41
2025-08-29,ST04,P025,87
2025-08-29,ST04,P026,132
2025-08-29,ST04,P027,105
2025-08-29,ST04,P028,104
2025-08-29,ST04,P029,598
2025-08-29,ST04,P030,349
2025-08-29,ST05,P001,474
2025-08-29,ST05,P002,342
2025-08-29,ST05,P003,607
2025-08-29,ST05,P004,381
2025-08-29,ST05,P005,41
2025-08-29,ST05,P006,437
2025-08-29,ST05,P007,115
2025-08-29,ST05,P008,273
2025-08-29,ST05,P009,229
2025-08-29,ST05,P010,81
2025-08-29,ST05,P011,45
2025-08-29,ST05,P012,252
2025-08-29,ST05,P013,225
2025-08-29,ST05,P014,561
2025-08-29,ST05,P015,421
2025-08-29,ST05,P016,129
2025-08-29,ST05,P017,262
2025-08-29,ST05,P018,286
2025-08-29,ST05,P019,163
2025-08-29,ST05,P020,555
2025-08-29,ST05,P021,255
2025-08-29,ST05,P022,305
2025-08-29,ST05,P023,106
2025-08-29,ST05,P024,566
2025-08-29,ST05,P025,48
2025-08-29,ST05,P026,489
2025-08-29,ST05,P027,461
2025-08-29,ST05,P028,244
2025-08-29,ST05,P029,314
2025-08-29,ST05,P030,479
2025-08-30,ST01,P001,445
2025-08-30,ST01,P002,40
2025-08-30,ST01,P003,235
2025-08-30,ST01,P004,612
2025-08-30,ST01,P005,541
2025-08-30,ST01,P006,530
2025-08-30,ST01,P007,228
2025-08-30,ST01,P008,76
2025-08-30,ST01,P009,489
2025-08-30,ST01,P010,600
2025-08-30,ST01,P011,399
2025-08-30,ST01,P012,76
2025-08-30,ST01,P013,386
2025-08-30,ST01,P014,63
2025-08-30,ST01,P015,93
2025-08-30,ST01,P016,559
2025-08-30,ST01,P017,69
2025-08-30,ST01,P018,185
2025-08-30,ST01,P019,390
2025-08-30,ST01,P020,361
2025-08-30,ST01,P021,188
2025-08-30,ST01,P022,585
2025-08-30,ST01,P023,468
2025-08-30,ST01,P024,282
2025-08-30,ST01,P025,38
2025-08-30,ST01,P026,189
2025-08-30,ST01,P027,414
2025-08-30,ST01,P028,318
2025-08-30,ST01,P029,454
2025-08-30,ST01,P030,91
2025-08-30,ST02,P001,77
2025-08-30,ST02,P002,475
2025-08-30,ST02,P003,201
2025-08-30,ST02,P004,211
2025-08-30,ST02,P005,615
2025-08-30,ST02,P006,62
2025-08-30,ST02,P007,199
2025-08-30,ST02,P008,172
2025-08-30,ST02,P009,371
2025-08-30,ST02,P010,569
2025-08-30,ST02,P011,353
2025-08-30,ST02,P012,571
2025-08-30,ST02,P013,52
2025-08-30,ST02,P014,148
2025-08-30,ST02,P015,154
2025-08-30,ST02,P016,460
2025-08-30,ST02,P017,441
2025-08-30,ST02,P018,140
2025-08-30,ST02,P019,131
2025-08-30,ST02,P020,568
2025-08-30,ST02,P021,240
2025-08-30,ST02,P022,634
2025-08-30,ST02,P023,149
2025-08-30,ST02,P024,129
2025-08-30,ST02,P025,621
2025-08-30,ST02,P026,331
2025-08-30,ST02,P027,381
2025-08-30,ST02,P028,490
2025-08-30,ST02,P029,113
2025-08-30,ST02,P030,333
2025-08-30,ST03,P001,478
2025-08-30,ST03,P002,315
2025-08-30,ST03,P003,158
2025-08-30,ST03,P004,427
2025-08-30,ST03,P005,423
2025-08-30,ST03,P006,95
2025-08-30,ST03,P007,154
2025-08-30,ST03,P008,187
2025-08-30,ST03,P009,291
2025-08-30,ST03,P010,500
2025-08-30,ST03,P011,470
2025-08-30,ST03,P012,224
2025-08-30,ST03,P013,312
2025-08-30,ST03,P014,398
2025-08-30,ST03,P015,487
2025-08-30,ST03,P016,438
2025-08-30,ST03,P017,293
2025-08-30,ST03,P018,424
2025-08-30,ST03,P019,60
2025-08-30,ST03,P020,88
2025-08-30,ST03,P021,543
2025-08-30,ST03,P022,442
2025-08-30,ST03,P023,155
2025-08-30,ST03,P024,491
2025-08-30,ST03,P025,535
2025-08-30,ST03,P026,88
2025-08-30,ST03,P027,412
2025-08-30,ST03,P028,407
2025-08-30,ST03,P029,160
2025-08-30,ST03,P030,85
2025-08-30,ST04,P001,479
2025-08-30,ST04,P002,578
2025-08-30,ST04,P003,290
2025-08-30,ST04,P004,352
2025-08-30,ST04,P005,341
2025-08-30,ST04,P006,124
2025-08-30,ST04,P007,282
2025-08-30,ST04,P008,32
2025-08-30,ST04,P009,517
2025-08-30,ST04,P010,376
2025-08-30,ST04,P011,395
2025-08-30,ST04,P012,90
2025-08-30,ST04,P013,445
2025-08-30,ST04,P014,488
2025-08-30,ST04,P015,342
2025-08-30,ST04,P016,269
2025-08-30,ST04,P017,508
2025-08-30,ST04,P018,427
2025-08-30,ST04,P019,150
2025-08-30,ST04,P020,372
2025-08-30,ST04,P021,88
2025-08-30,ST04,P022,289
2025-08-30,ST04,P023,523
2025-08-30,ST04,P024,33
2025-08-30,ST04,P025,80
2025-08-30,ST04,P026,118
2025-08-30,ST04,P027,99
2025-08-30,ST04,P028,97
2025-08-30,ST04,P029,597
2025-08-30,ST04,P030,344
2025-08-30,ST05,P001,471
2025-08-30,ST05,P002,339
2025-08-30,ST05,P003,605
2025-08-30,ST05,P004,375
2025-08-30,ST05,P005,25
2025-08-30,ST05,P006,433
2025-08-30,ST05,P007,107
2025-08-30,ST05,P008,266
2025-08-30,ST05,P009,224
2025-08-30,ST05,P010,71
2025-08-30,ST05,P011,35
2025-08-30,ST05,P012,241
2025-08-30,ST05,P013,220
2025-08-30,ST05,P014,559
2025-08-30,ST05,P015,418
2025-08-30,ST05,P016,121
2025-08-30,ST05,P017,256
2025-08-30,ST05,P018,281
2025-08-30,ST05,P019,159
2025-08-30,ST05,P020,554
2025-08-30,ST05,P021,248
2025-08-30,ST05,P022,300
2025-08-30,ST05,P023,98
2025-08-30,ST05,P024,564
2025-08-30,ST05,P025,41
2025-08-30,ST05,P026,488
2025-08-30,ST05,P027,460
2025-08-30,ST05,P028,236
2025-08-30,ST05,P029,307
2025-08-30,ST05,P030,475
2025-08-31,ST01,P001,489
2025-08-31,ST01,P002,91
2025-08-31,ST01,P003,264
2025-08-31,ST01,P004,650
2025-08-31,ST01,P005,568
2025-08-31,ST01,P006,574
2025-08-31,ST01,P007,297
2025-08-31,ST01,P008,114
2025-08-31,ST01,P009,542
2025-08-31,ST01,P010,649
2025-08-31,ST01,P011,472
2025-08-31,ST01,P012,128
2025-08-31,ST01,P013,453
2025-08-31,ST01,P014,123
2025-08-31,ST01,P015,165
2025-08-31,ST01,P016,592
2025-08-31,ST01,P017,105
2025-08-31,ST01,P018,241
2025-08-31,ST01,P019,451
2025-08-31,ST01,P020,438
2025-08-31,ST01,P021,221
2025-08-31,ST01,P022,624
2025-08-31,ST01,P023,538
2025-08-31,ST01,P024,340
2025-08-31,ST01,P025,105
2025-08-31,ST01,P026,244
2025-08-31,ST01,P027,465
2025-08-31,ST01,P028,392
2025-08-31,ST01,P029,513
2025-08-31,ST01,P030,163
2025-08-31,ST02,P001,110
2025-08-31,ST02,P002,541
2025-08-31,ST02,P003,274
2025-08-31,ST02,P004,281
2025-08-31,ST02,P005,654
2025-08-31,ST02,P006,101
2025-08-31,ST02,P007,256
2025-08-31,ST02,P008,245
2025-08-31,ST02,P009,420
2025-08-31,ST02,P010,609
2025-08-31,ST02,P011,391
2025-08-31,ST02,P012,599
2025-08-31,ST02,P013,116
2025-08-31,ST02,P014,193
2025-08-31,ST02,P015,178
2025-08-31,ST02,P016,507
2025-08-31,ST02,P017,475
2025-08-31,ST02,P018,201
2025-08-31,ST02,P019,194
2025-08-31,ST02,P020,604
2025-08-31,ST02,P021,302
2025-08-31,ST02,P022,708
2025-08-31,ST02,P023,174
2025-08-31,ST02,P024,203
2025-08-31,ST02,P025,667
2025-08-31,ST02,P026,391
2025-08-31,ST02,P027,411
2025-08-31,ST02,P028,520
2025-08-31,ST02,P029,140
2025-08-31,ST02,P030,403
2025-08-31,ST03,P001,514
2025-08-31,ST03,P002,355
2025-08-31,ST03,P003,186
2025-08-31,ST03,P004,486
2025-08-31,ST03,P005,497
2025-08-31,ST03,P006,133
2025-08-31,ST03,P007,196
2025-08-31,ST03,P008,232
2025-08-31,ST03,P009,323
2025-08-31,ST03,P010,560
2025-08-31,ST03,P011,521
2025-08-31,ST03,P012,258
2025-08-31,ST03,P013,362
2025-08-31,ST03,P014,444
2025-08-31,ST03,P015,526
2025-08-31,ST03,P016,503
2025-08-31,ST03,P017,333
2025-08-31,ST03,P018,470
2025-08-31,ST03,P019,114
2025-08-31,ST03,P020,118
2025-08-31,ST03,P021,607
2025-08-31,ST03,P022,514
2025-08-31,ST03,P023,225
2025-08-31,ST03,P024,537
2025-08-31,ST03,P025,564
2025-08-31,ST03,P026,127
2025-08-31,ST03,P027,477
2025-08-31,ST03,P028,454
2025-08-31,ST03,P029,187
2025-08-31,ST03,P030,113
2025-08-31,ST04,P001,511
2025-08-31,ST04,P002,636
2025-08-31,ST04,P003,338
2025-08-31,ST04,P004,411
2025-08-31,ST04,P005,400
2025-08-31,ST04,P006,196
2025-08-31,ST04,P007,316
2025-08-31,ST04,P008,92
2025-08-31,ST04,P009,550
2025-08-31,ST04,P010,443
2025-08-31,ST04,P011,466
2025-08-31,ST04,P012,160
2025-08-31,ST04,P013,513
2025-08-31,ST04,P014,546
2025-08-31,ST04,P015,410
2025-08-31,ST04,P016,326
2025-08-31,ST04,P017,579
2025-08-31,ST04,P018,504
2025-08-31,ST04,P019,185
2025-08-31,ST04,P020,402
2025-08-31,ST04,P021,137
2025-08-31,ST04,P022,324
2025-08-31,ST04,P023,559
2025-08-31,ST04,P024,81
2025-08-31,ST04,P025,137
2025-08-31,ST04,P026,158
2025-08-31,ST04,P027,128
2025-08-31,ST04,P028,161
2025-08-31,ST04,P029,656
2025-08-31,ST04,P030,368
2025-08-31,ST05,P001,509
2025-08-31,ST05,P002,412
2025-08-31,ST05,P003,644
2025-08-31,ST05,P004,441
2025-08-31,ST05,P005,67
2025-08-31,ST05,P006,469
2025-08-31,ST05,P007,145
2025-08-31,ST05,P008,339
2025-08-31,ST05,P009,274
2025-08-31,ST05,P010,100
2025-08-31,ST05,P011,61
2025-08-31,ST05,P012,302
2025-08-31,ST05,P013,249
2025-08-31,ST05,P014,630
2025-08-31,ST05,P015,457
2025-08-31,ST05,P016,170
2025-08-31,ST05,P017,328
2025-08-31,ST05,P018,310
2025-08-31,ST05,P019,207
2025-08-31,ST05,P020,606
2025-08-31,ST05,P021,302
2025-08-31,ST05,P022,369
2025-08-31,ST05,P023,132
2025-08-31,ST05,P024,614
2025-08-31,ST05,P025,107
2025-08-31,ST05,P026,530
2025-08-31,ST05,P027,516
2025-08-31,ST05,P028,263
2025-08-31,ST05,P029,340
2025-08-31,ST05,P030,504
2025-09-01,ST01,P001,486
2025-09-01,ST01,P002,87
2025-09-01,ST01,P003,259
2025-09-01,ST01,P004,649
2025-09-01,ST01,P005,566
2025-09-01,ST01,P006,571
2025-09-01,ST01,P007,291
2025-09-01,ST01,P008,105
2025-09-01,ST01,P009,536
2025-09-01,ST01,P010,646
2025-09-01,ST01,P011,470
2025-09-01,ST01,P012,118
2025-09-01,ST01,P013,446
2025-09-01,ST01,P014,113
2025-09-01,ST01,P015,158
2025-09-01,ST01,P016,590
2025-09-01,ST01,P017,97
2025-09-01,ST01,P018,231
2025-09-01,ST01,P019,443
2025-09-01,ST01,P020,437
2025-09-01,ST01,P021,215
2025-09-01,ST01,P022,621
2025-09-01,ST01,P023,534
2025-09-01,ST01,P024,335
2025-09-01,ST01,P025,96
2025-09-01,ST01,P026,239
2025-09-01,ST01,P027,464
2025-09-01,ST01,P028,384
2025-09-01,ST01,P029,511
2025-09-01,ST01,P030,156
2025-09-01,ST02,P001,101
2025-09-01,ST02,P002,537
2025-09-01,ST02,P003,269
2025-09-01,ST02,P004,274
2025-09-01,ST02,P005,650
2025-09-01,ST02,P006,68
2025-09-01,ST02,P007,252
2025-09-01,ST02,P008,238
2025-09-01,ST02,P009,415
2025-09-01,ST02,P010,607
2025-09-01,ST02,P011,387
2025-09-01,ST02,P012,597
2025-09-01,ST02,P013,106
2025-09-01,ST02,P014,186
2025-09-01,ST02,P015,170
2025-09-01,ST02,P016,500
2025-09-01,ST02,P017,472
2025-09-01,ST02,P018,195
2025-09-01,ST02,P019,191
2025-09-01,ST02,P020,603
2025-09-01,ST02,P021,295
2025-09-01,ST02,P022,706
2025-09-01,ST02,P023,167
2025-09-01,ST02,P024,196
2025-09-01,ST02,P025,664
2025-09-01,ST02,P026,386
2025-09-01,ST02,P027,406
2025-09-01,ST02,P028,518
2025-09-01,ST02,P029,132
2025-09-01,ST02,P030,398
2025-09-01,ST03,P001,511
2025-09-01,ST03,P002,349
2025-09-01,ST03,P003,180
2025-09-01,ST03,P004,482
2025-09-01,ST03,P005,493
2025-09-01,ST03,P006,119
2025-09-01,ST03,P007,192
2025-09-01,ST03,P008,228
2025-09-01,ST03,P009,320
2025-09-01,ST03,P010,559
2025-09-01,ST03,P011,519
2025-09-01,ST03,P012,254
2025-09-01,ST03,P013,362
2025-09-01,ST03,P014,440
2025-09-01,ST03,P015,522
2025-09-01,ST03,P016,501
2025-09-01,ST03,P017,326
2025-09-01,ST03,P018,467
2025-09-01,ST03,P019,106
2025-09-01,ST03,P020,113
2025-09-01,ST03,P021,606
2025-09-01,ST03,P022,511
2025-09-01,ST03,P023,221
2025-09-01,ST03,P024,534
2025-09-01,ST03,P025,560
2025-09-01,ST03,P026,115
2025-09-01,ST03,P027,471
2025-09-01,ST03,P028,446
2025-09-01,ST03,P029,179
2025-09-01,ST03,P030,103
2025-09-01,ST04,P001,508
2025-09-01,ST04,P002,634
2025-09-01,ST04,P003,335
2025-09-01,ST04,P004,410
2025-09-01,ST04,P005,396
2025-09-01,ST04,P006,189
2025-09-01,ST04,P007,310
2025-09-01,ST04,P008,85
2025-09-01,ST04,P009,547
2025-09-01,ST04,P010,438
2025-09-01,ST04,P011,461
2025-09-01,ST04,P012,153
2025-09-01,ST04,P013,508
2025-09-01,ST04,P014,543
2025-09-01,ST04,P015,403
2025-09-01,ST04,P016,323
2025-09-01,ST04,P017,573
2025-09-01,ST04,P018,499
2025-09-01,ST04,P019,177
2025-09-01,ST04,P020,398
2025-09-01,ST04,P021,129
2025-09-01,ST04,P022,316
2025-09-01,ST04,P023,557
2025-09-01,ST04,P024,78
2025-09-01,ST04,P025,129
2025-09-01,ST04,P026,146
2025-09-01,ST04,P027,120
2025-09-01,ST04,P028,152
2025-09-01,ST04,P029,653
2025-09-01,ST04,P030,365
2025-09-01,ST05,P001,505
2025-09-01,ST05,P002,408
2025-09-01,ST05,P003,641
2025-09-01,ST05,P004,437
2025-09-01,ST05,P005,57
2025-09-01,ST05,P006,466
2025-09-01,ST05,P007,139
2025-09-01,ST05,P008,334
2025-09-01,ST05,P009,269
2025-09-01,ST05,P010,91
2025-09-01,ST05,P011,54
2025-09-01,ST05,P012,300
2025-09-01,ST05,P013,242
2025-09-01,ST05,P014,628
2025-09-01,ST05,P015,452
2025-09-01,ST05,P016,158
2025-09-01,ST05,P017,320
2025-09-01,ST05,P018,305
2025-09-01,ST05,P019,201
2025-09-01,ST05,P020,604
2025-09-01,ST05,P021,296
2025-09-01,ST05,P022,365
2025-09-01,ST05,P023,123
2025-09-01,ST05,P024,611
2025-09-01,ST05,P025,97
2025-09-01,ST05,P026,528
2025-09-01,ST05,P027,513
2025-09-01,ST05,P028,256
2025-09-01,ST05,P029,336
2025-09-01,ST05,P030,500
2025-09-02,ST01,P001,481
2025-09-02,ST01,P002,77
2025-09-02,ST01,P003,254
2025-09-02,ST01,P004,647
2025-09-02,ST01,P005,564
2025-09-02,ST01,P006,570
2025-09-02,ST01,P007,284
2025-09-02,ST01,P008,100
2025-09-02,ST01,P009,532
2025-09-02,ST01,P010,645
2025-09-02,ST01,P011,465
2025-09-02,ST01,P012,107
2025-09-02,ST01,P013,440
2025-09-02,ST01,P014,104
2025-09-02,ST01,P015,148
2025-09-02,ST01,P016,588
2025-09-02,ST01,P017,91
2025-09-02,ST01,P018,224
2025-09-02,ST01,P019,437
2025-09-02,ST01,P020,433
2025-09-02,ST01,P021,169
2025-09-02,ST01,P022,618
2025-09-02,ST01,P023,530
2025-09-02,ST01,P024,331
2025-09-02,ST01,P025,88
2025-09-02,ST01,P026,235
2025-09-02,ST01,P027,460
2025-09-02,ST01,P028,380
2025-09-02,ST01,P029,507
2025-09-02,ST01,P030,150
2025-09-02,ST02,P001,90
2025-09-02,ST02,P002,534
2025-09-02,ST02,P003,264
2025-09-02,ST02,P004,266
2025-09-02,ST02,P005,647
2025-09-02,ST02,P006,52
2025-09-02,ST02,P007,247
2025-09-02,ST02,P008,232
2025-09-02,ST02,P009,410
2025-09-02,ST02,P010,605
2025-09-02,ST02,P011,382
2025-09-02,ST02,P012,596
2025-09-02,ST02,P013,99
2025-09-02,ST02,P014,175
2025-09-02,ST02,P015,159
2025-09-02,ST02,P016,497
2025-09-02,ST02,P017,470
2025-09-02,ST02,P018,188
2025-09-02,ST02,P019,184
2025-09-02,ST02,P020,600
2025-09-02,ST02,P021,291
2025-09-02,ST02,P022,704
2025-09-02,ST02,P023,163
2025-09-02,ST02,P024,191
2025-09-02,ST02,P025,661
2025-09-02,ST02,P026,381
2025-09-02,ST02,P027,401
2025-09-02,ST02,P028,516
2025-09-02,ST02,P029,122
2025-09-02,ST02,P030,395
2025-09-02,ST03,P001,509
2025-09-02,ST03,P002,342
2025-09-02,ST03,P003,174
2025-09-02,ST03,P004,481
2025-09-02,ST03,P005,488
2025-09-02,ST03,P006,109
2025-09-02,ST03,P007,183
2025-09-02,ST03,P008,225
2025-09-02,ST03,P009,315
2025-09-02,ST03,P010,556
2025-09-02,ST03,P011,515
2025-09-02,ST03,P012,251
2025-09-02,ST03,P013,361
2025-09-02,ST03,P014,436
2025-09-02,ST03,P015,518
2025-09-02,ST03,P016,499
2025-09-02,ST03,P017,319
2025-09-02,ST03,P018,463
2025-09-02,ST03,P019,102
2025-09-02,ST03,P020,106
2025-09-02,ST03,P021,603
2025-09-02,ST03,P022,507
2025-09-02,ST03,P023,214
2025-09-02,ST03,P024,531
2025-09-02,ST03,P025,557
2025-09-02,ST03,P026,110
2025-09-02,ST03,P027,464
2025-09-02,ST03,P028,440
2025-09-02,ST03,P029,174
2025-09-02,ST03,P030,95
2025-09-02,ST04,P001,505
2025-09-02,ST04,P002,632
2025-09-02,ST04,P003,330
2025-09-02,ST04,P004,407
2025-09-02,ST04,P005,393
2025-09-02,ST04,P006,188
2025-09-02,ST04,P007,304
2025-09-02,ST04,P008,76
2025-09-02,ST04,P009,545
2025-09-02,ST04,P010,433
2025-09-02,ST04,P011,457
2025-09-02,ST04,P012,145
2025-09-02,ST04,P013,505
2025-09-02,ST04,P014,540
2025-09-02,ST04,P015,399
2025-09-02,ST04,P016,316
2025-09-02,ST04,P017,569
2025-09-02,ST04,P018,497
2025-09-02,ST04,P019,167
2025-09-02,ST04,P020,393
2025-09-02,ST04,P021,120
2025-09-02,ST04,P022,311
2025-09-02,ST04,P023,555
2025-09-02,ST04,P024,72
2025-09-02,ST04,P025,124
2025-09-02,ST04,P026,134
2025-09-02,ST04,P027,112
2025-09-02,ST04,P028,147
2025-09-02,ST04,P029,651
2025-09-02,ST04,P030,364
2025-09-02,ST05,P001,502
2025-09-02,ST05,P002,402
2025-09-02,ST05,P003,639
2025-09-02,ST05,P004,434
2025-09-02,ST05,P005,49
2025-09-02,ST05,P006,462
2025-09-02,ST05,P007,130
2025-09-02,ST05,P008,328
2025-09-02,ST05,P009,263
2025-09-02,ST05,P010,79
2025-09-02,ST05,P011,47
2025-09-02,ST05,P012,295
2025-09-02,ST05,P013,239
2025-09-02,ST05,P014,626
2025-09-02,ST05,P015,447
2025-09-02,ST05,P016,145
2025-09-02,ST05,P017,315
2025-09-02,ST05,P018,297
2025-09-02,ST05,P019,192
2025-09-02,ST05,P020,602
2025-09-02,ST05,P021,288
2025-09-02,ST05,P022,359
2025-09-02,ST05,P023,112
2025-09-02,ST05,P024,608
2025-09-02,ST05,P025,86
2025-09-02,ST05,P026,526
2025-09-02,ST05,P027,510
2025-09-02,ST05,P028,248
2025-09-02,ST05,P029,330
2025-09-02,ST05,P030,496
2025-09-03,ST01,P001,479
2025-09-03,ST01,P002,68
2025-09-03,ST01,P003,250
2025-09-03,ST01,P004,644
2025-09-03,ST01,P005,562
2025-09-03,ST01,P006,567
2025-09-03,ST01,P007,278
2025-09-03,ST01,P008,91
2025-09-03,ST01,P009,528
2025-09-03,ST01,P010,642
2025-09-03,ST01,P011,462
2025-09-03,ST01,P012,94
2025-09-03,ST01,P013,434
2025-09-03,ST01,P014,98
2025-09-03,ST01,P015,136
2025-09-03,ST01,P016,586
2025-09-03,ST01,P017,85
2025-09-03,ST01,P018,218
2025-09-03,ST01,P019,431
2025-09-03,ST01,P020,428
2025-09-03,ST01,P021,91
2025-09-03,ST01,P022,616
2025-09-03,ST01,P023,527
2025-09-03,ST01,P024,328
2025-09-03,ST01,P025,76
2025-09-03,ST01,P026,227
2025-09-03,ST01,P027,458
2025-09-03,ST01,P028,378
2025-09-03,ST01,P029,504
2025-09-03,ST01,P030,142
2025-09-03,ST02,P001,80
2025-09-03,ST02,P002,530
2025-09-03,ST02,P003,257
2025-09-03,ST02,P004,260
2025-09-03,ST02,P005,646
2025-09-03,ST02,P006,55
2025-09-03,ST02,P007,239
2025-09-03,ST02,P008,228
2025-09-03,ST02,P009,405
2025-09-03,ST02,P010,604
2025-09-03,ST02,P011,378
2025-09-03,ST02,P012,596
2025-09-03,ST02,P013,93
2025-09-03,ST02,P014,169
2025-09-03,ST02,P015,156
2025-09-03,ST02,P016,493
2025-09-03,ST02,P017,468
2025-09-03,ST02,P018,178
2025-09-03,ST02,P019,176
2025-09-03,ST02,P020,598
2025-09-03,ST02,P021,287
2025-09-03,ST02,P022,702
2025-09-03,ST02,P023,156
2025-09-03,ST02,P024,181
2025-09-03,ST02,P025,658
2025-09-03,ST02,P026,375
2025-09-03,ST02,P027,397
2025-09-03,ST02,P028,514
2025-09-03,ST02,P029,117
2025-09-03,ST02,P030,391
2025-09-03,ST03,P001,506
2025-09-03,ST03,P002,338
2025-09-03,ST03,P003,167
2025-09-03,ST03,P004,478
2025-09-03,ST03,P005,483
2025-09-03,ST03,P006,103
2025-09-03,ST03,P007,175
2025-09-03,ST03,P008,219
2025-09-03,ST03,P009,309
2025-09-03,ST03,P010,554
2025-09-03,ST03,P011,510
2025-09-03,ST03,P012,245
2025-09-03,ST03,P013,361
2025-09-03,ST03,P014,432
2025-09-03,ST03,P015,514
2025-09-03,ST03,P016,497
2025-09-03,ST03,P017,310
2025-09-03,ST03,P018,460
2025-09-03,ST03,P019,90
2025-09-03,ST03,P020,93
2025-09-03,ST03,P021,601
2025-09-03,ST03,P022,503
2025-09-03,ST03,P023,207
2025-09-03,ST03,P024,528
2025-09-03,ST03,P025,554
2025-09-03,ST03,P026,105
2025-09-03,ST03,P027,460
2025-09-03,ST03,P028,434
2025-09-03,ST03,P029,166
2025-09-03,ST03,P030,86
2025-09-03,ST04,P001,501
2025-09-03,ST04,P002,631
2025-09-03,ST04,P003,326
2025-09-03,ST04,P004,404
2025-09-03,ST04,P005,389
2025-09-03,ST04,P006,178
2025-09-03,ST04,P007,296
2025-09-03,ST04,P008,70
2025-09-03,ST04,P009,542
2025-09-03,ST04,P010,429
2025-09-03,ST04,P011,453
2025-09-03,ST04,P012,137
2025-09-03,ST04,P013,502
2025-09-03,ST04,P014,537
2025-09-03,ST04,P015,394
2025-09-03,ST04,P016,309
2025-09-03,ST04,P017,567
2025-09-03,ST04,P018,494
2025-09-03,ST04,P019,159
2025-09-03,ST04,P020,386
2025-09-03,ST04,P021,110
2025-09-03,ST04,P022,304
2025-09-03,ST04,P023,553
2025-09-03,ST04,P024,67
2025-09-03,ST04,P025,117
2025-09-03,ST04,P026,123
2025-09-03,ST04,P027,109
2025-09-03,ST04,P028,145
2025-09-03,ST04,P029,648
2025-09-03,ST04,P030,358
2025-09-03,ST05,P001,498
2025-09-03,ST05,P002,394
2025-09-03,ST05,P003,637
2025-09-03,ST05,P004,430
2025-09-03,ST05,P005,44
2025-09-03,ST05,P006,459
2025-09-03,ST05,P007,122
2025-09-03,ST05,P008,324
2025-09-03,ST05,P009,259
2025-09-03,ST05,P010,75
2025-09-03,ST05,P011,38
2025-09-03,ST05,P012,290
2025-09-03,ST05,P013,233
2025-09-03,ST05,P014,624
2025-09-03,ST05,P015,446
2025-09-03,ST05,P016,135
2025-09-03,ST05,P017,309
2025-09-03,ST05,P018,291
2025-09-03,ST05,P019,183
2025-09-03,ST05,P020,600
2025-09-03,ST05,P021,280
2025-09-03,ST05,P022,352
2025-09-03,ST05,P023,105
2025-09-03,ST05,P024,605
2025-09-03,ST05,P025,84
2025-09-03,ST05,P026,526
2025-09-03,ST05,P027,506
2025-09-03,ST05,P028,242
2025-09-03,ST05,P029,323
2025-09-03,ST05,P030,493
2025-09-04,ST01,P001,474
2025-09-04,ST01,P002,57
2025-09-04,ST01,P003,245
2025-09-04,ST01,P004,643
2025-09-04,ST01,P005,558
2025-09-04,ST01,P006,565
2025-09-04,ST01,P007,268
2025-09-04,ST01,P008,80
2025-09-04,ST01,P009,522
2025-09-04,ST01,P010,641
2025-09-04,ST01,P011,458
2025-09-04,ST01,P012,88
2025-09-04,ST01,P013,425
2025-09-04,ST01,P014,89
2025-09-04,ST01,P015,128
2025-09-04,ST01,P016,584
2025-09-04,ST01,P017,77
2025-09-04,ST01,P018,214
2025-09-04,ST01,P019,426
2025-09-04,ST01,P020,424
2025-09-04,ST01,P021,62
2025-09-04,ST01,P022,614
2025-09-04,ST01,P023,522
2025-09-04,ST01,P024,323
2025-09-04,ST01,P025,68
2025-09-04,ST01,P026,221
2025-09-04,ST01,P027,455
2025-09-04,ST01,P028,374
2025-09-04,ST01,P029,501
2025-09-04,ST01,P030,138
2025-09-04,ST02,P001,77
2025-09-04,ST02,P002,528
2025-09-04,ST02,P003,247
2025-09-04,ST02,P004,256
2025-09-04,ST02,P005,642
2025-09-04,ST02,P006,38
2025-09-04,ST02,P007,235
2025-09-04,ST02,P008,219
2025-09-04,ST02,P009,401
2025-09-04,ST02,P010,602
2025-09-04,ST02,P011,373
2025-09-04,ST02,P012,594
2025-09-04,ST02,P013,83
2025-09-04,ST02,P014,165
2025-09-04,ST02,P015,150
2025-09-04,ST02,P016,490
2025-09-04,ST02,P017,466
2025-09-04,ST02,P018,169
2025-09-04,ST02,P019,167
2025-09-04,ST02,P020,595
2025-09-04,ST02,P021,282
2025-09-04,ST02,P022,700
2025-09-04,ST02,P023,144
2025-09-04,ST02,P024,168
2025-09-04,ST02,P025,655
2025-09-04,ST02,P026,367
2025-09-04,ST02,P027,391
2025-09-04,ST02,P028,510
2025-09-04,ST02,P029,110
2025-09-04,ST02,P030,387
2025-09-04,ST03,P001,503
2025-09-04,ST03,P002,331
2025-09-04,ST03,P003,160
2025-09-04,ST03,P004,475
2025-09-04,ST03,P005,479
2025-09-04,ST03,P006,93
2025-09-04,ST03,P007,169
2025-09-04,ST03,P008,217
2025-09-04,ST03,P009,302
2025-09-04,ST03,P010,551
2025-09-04,ST03,P011,507
2025-09-04,ST03,P012,241
2025-09-04,ST03,P013,361
2025-09-04,ST03,P014,429
2025-09-04,ST03,P015,511
2025-09-04,ST03,P016,495
2025-09-04,ST03,P017,302
2025-09-04,ST03,P018,457
2025-09-04,ST03,P019,78
2025-09-04,ST03,P020,86
2025-09-04,ST03,P021,599
2025-09-04,ST03,P022,500
2025-09-04,ST03,P023,201
2025-09-04,ST03,P024,526
2025-09-04,ST03,P025,551
2025-09-04,ST03,P026,101
2025-09-04,ST03,P027,451
2025-09-04,ST03,P028,430
2025-09-04,ST03,P029,154
2025-09-04,ST03,P030,77
2025-09-04,ST04,P001,499
2025-09-04,ST04,P002,628
2025-09-04,ST04,P003,323
2025-09-04,ST04,P004,401
2025-09-04,ST04,P005,384
2025-09-04,ST04,P006,173
2025-09-04,ST04,P007,290
2025-09-04,ST04,P008,62
2025-09-04,ST04,P009,539
2025-09-04,ST04,P010,425
2025-09-04,ST04,P011,447
2025-09-04,ST04,P012,130
2025-09-04,ST04,P013,499
2025-09-04,ST04,P014,533
2025-09-04,ST04,P015,388
2025-09-04,ST04,P016,304
2025-09-04,ST04,P017,565
2025-09-04,ST04,P018,491
2025-09-04,ST04,P019,148
2025-09-04,ST04,P020,380
2025-09-04,ST04,P021,106
2025-09-04,ST04,P022,298
2025-09-04,ST04,P023,551
2025-09-04,ST04,P024,59
2025-09-04,ST04,P025,109
2025-09-04,ST04,P026,111
2025-09-04,ST04,P027,101
2025-09-04,ST04,P028,133
2025-09-04,ST04,P029,645
2025-09-04,ST04,P030,353
2025-09-04,ST05,P001,495
2025-09-04,ST05,P002,390
2025-09-04,ST05,P003,636
2025-09-04,ST05,P004,426
2025-09-04,ST05,P005,34
2025-09-04,ST05,P006,455
2025-09-04,ST05,P007,118
2025-09-04,ST05,P008,319
2025-09-04,ST05,P009,257
2025-09-04,ST05,P010,68
2025-09-04,ST05,P011,28
2025-09-04,ST05,P012,284
2025-09-04,ST05,P013,226
2025-09-04,ST05,P014,621
2025-09-04,ST05,P015,442
2025-09-04,ST05,P016,127
2025-09-04,ST05,P017,304
2025-09-04,ST05,P018,287
2025-09-04,ST05,P019,177
2025-09-04,ST05,P020,599
2025-09-04,ST05,P021,273
2025-09-04,ST05,P022,346
2025-09-04,ST05,P023,101
2025-09-04,ST05,P024,603
2025-09-04,ST05,P025,75
2025-09-04,ST05,P026,524
2025-09-04,ST05,P027,503
2025-09-04,ST05,P028,236
2025-09-04,ST05,P029,310
2025-09-04,ST05,P030,490
2025-09-05,ST01,P001,471
2025-09-05,ST01,P002,49
2025-09-05,ST01,P003,240
2025-09-05,ST01,P004,642
2025-09-05,ST01,P005,557
2025-09-05,ST01,P006,563
2025-09-05,ST01,P007,262
2025-09-05,ST01,P008,75
2025-09-05,ST01,P009,519
2025-09-05,ST01,P010,638
2025-09-05,ST01,P011,454
2025-09-05,ST01,P012,76
2025-09-05,ST01,P013,421
2025-09-05,ST01,P014,82
2025-09-05,ST01,P015,121
2025-09-05,ST01,P016,583
2025-09-05,ST01,P017,68
2025-09-05,ST01,P018,208
2025-09-05,ST01,P019,419
2025-09-05,ST01,P020,421
2025-09-05,ST01,P021,71
2025-09-05,ST01,P022,612
2025-09-05,ST01,P023,518
2025-09-05,ST01,P024,320
2025-09-05,ST01,P025,57
2025-09-05,ST01,P026,210
2025-09-05,ST01,P027,452
2025-09-05,ST01,P028,366
2025-09-05,ST01,P029,497
2025-09-05,ST01,P030,132
2025-09-05,ST02,P001,68
2025-09-05,ST02,P002,526
2025-09-05,ST02,P003,237
2025-09-05,ST02,P004,251
2025-09-05,ST02,P005,638
2025-09-05,ST02,P006,48
2025-09-05,ST02,P007,230
2025-09-05,ST02,P008,210
2025-09-05,ST02,P009,394
2025-09-05,ST02,P010,601
2025-09-05,ST02,P011,372
2025-09-05,ST02,P012,593
2025-09-05,ST02,P013,78
2025-09-05,ST02,P014,155
2025-09-05,ST02,P015,140
2025-09-05,ST02,P016,486
2025-09-05,ST02,P017,464
2025-09-05,ST02,P018,160
2025-09-05,ST02,P019,158
2025-09-05,ST02,P020,595
2025-09-05,ST02,P021,275
2025-09-05,ST02,P022,698
2025-09-05,ST02,P023,137
2025-09-05,ST02,P024,163
2025-09-05,ST02,P025,651
2025-09-05,ST02,P026,363
2025-09-05,ST02,P027,387
2025-09-05,ST02,P028,507
2025-09-05,ST02,P029,104
2025-09-05,ST02,P030,384
2025-09-05,ST03,P001,500
2025-09-05,ST03,P002,325
2025-09-05,ST03,P003,152
2025-09-05,ST03,P004,472
2025-09-05,ST03,P005,474
2025-09-05,ST03,P006,87
2025-09-05,ST03,P007,160
2025-09-05,ST03,P008,216
2025-09-05,ST03,P009,295
2025-09-05,ST03,P010,550
2025-09-05,ST03,P011,502
2025-09-05,ST03,P012,238
2025-09-05,ST03,P013,360
2025-09-05,ST03,P014,425
2025-09-05,ST03,P015,508
2025-09-05,ST03,P016,494
2025-09-05,ST03,P017,297
2025-09-05,ST03,P018,453
2025-09-05,ST03,P019,69
2025-09-05,ST03,P020,79
2025-09-05,ST03,P021,597
2025-09-05,ST03,P022,497
2025-09-05,ST03,P023,195
2025-09-05,ST03,P024,524
2025-09-05,ST03,P025,549
2025-09-05,ST03,P026,88
2025-09-05,ST03,P027,446
2025-09-05,ST03,P028,424
2025-09-05,ST03,P029,147
2025-09-05,ST03,P030,69
2025-09-05,ST04,P001,496
2025-09-05,ST04,P002,626
2025-09-05,ST04,P003,320
2025-09-05,ST04,P004,396
2025-09-05,ST04,P005,380
2025-09-05,ST04,P006,169
2025-09-05,ST04,P007,283
2025-09-05,ST04,P008,52
2025-09-05,ST04,P009,538
2025-09-05,ST04,P010,421
2025-09-05,ST04,P011,441
2025-09-05,ST04,P012,123
2025-09-05,ST04,P013,496
2025-09-05,ST04,P014,530
2025-09-05,ST04,P015,383
2025-09-05,ST04,P016,298
2025-09-05,ST04,P017,561
2025-09-05,ST04,P018,486
2025-09-05,ST04,P019,141
2025-09-05,ST04,P020,374
2025-09-05,ST04,P021,99
2025-09-05,ST04,P022,293
2025-09-05,ST04,P023,548
2025-09-05,ST04,P024,49
2025-09-05,ST04,P025,103
2025-09-05,ST04,P026,102
2025-09-05,ST04,P027,88
2025-09-05,ST04,P028,125
2025-09-05,ST04,P029,643
2025-09-05,ST04,P030,347
2025-09-05,ST05,P001,492
2025-09-05,ST05,P002,386
2025-09-05,ST05,P003,633
2025-09-05,ST05,P004,421
2025-09-05,ST05,P005,25
2025-09-05,ST05,P006,453
2025-09-05,ST05,P007,108
2025-09-05,ST05,P008,313
2025-09-05,ST05,P009,252
2025-09-05,ST05,P010,61
2025-09-05,ST05,P011,47
2025-09-05,ST05,P012,279
2025-09-05,ST05,P013,217
2025-09-05,ST05,P014,619
2025-09-05,ST05,P015,437
2025-09-05,ST05,P016,117
2025-09-05,ST05,P017,296
2025-09-05,ST05,P018,280
2025-09-05,ST05,P019,167
2025-09-05,ST05,P020,597
2025-09-05,ST05,P021,265
2025-09-05,ST05,P022,340
2025-09-05,ST05,P023,92
2025-09-05,ST05,P024,599
2025-09-05,ST05,P025,65
2025-09-05,ST05,P026,521
2025-09-05,ST05,P027,501
2025-09-05,ST05,P028,229
2025-09-05,ST05,P029,301
2025-09-05,ST05,P030,485
